"ID","ability_IAT","moral_IAT","SMT_d_ability_negative","SMT_d_ability_positive","SMT_d_moral_negative","SMT_d_moral_positive","SMT_rt_ability_negative","SMT_rt_ability_positive","SMT_rt_moral_negative","SMT_rt_moral_positive","SRET_yes_ability_Negative","SRET_yes_ability_Positive","SRET_yes_morality_Negative","SRET_yes_morality_Positive","SRET_rt_ability_Negative","SRET_rt_ability_Positive","SRET_rt_morality_Negative","SRET_rt_morality_Positive","REC_ability_Negative","REC_ability_Positive","REC_morality_Negative","REC_morality_Positive","SOURCE_ability_Negative","SOURCE_ability_Positive","SOURCE_morality_Negative","SOURCE_morality_Positive"
"phase_003_subj_10",0.669,0.699,-0.406464052601174,1.43944670076167,0.795384536082154,0.361000253232143,51.9102393617021,-53.7291666666666,2.97894736842102,17.0372900335946,0.5,10,0,10,894.6,897.3,793.1,859.45,0.348152414543015,0.872036058871482,1.17431632407732,1.09857344245807,1.63912579149068,0.791638607743375,0.967421566101701,0.229884117579232
"phase_003_subj_11",0.572,0.061,1.54891051014569,0.28548916934169,-0.971922784171618,-0.499848887749534,-12.9654605263158,49.5060470324747,39.7684210526315,5.12631578947367,1.5,10,0,9,1689.5,1427.2,1031.1,1578.05,1.16655248742199,0.979390562248572,0.415430029380785,1.77404080409617,1.16326616131075,-0.282972031465245,1.53412054435255,1.41496950937224
"phase_003_subj_13",0.704,-0.268,-0.934530554273178,1.56675414535263,-1.13289683930448,0.641929040056117,10.8595287119651,-94.5197368421052,24.7182795698924,10.8723001136794,0.5,9.5,0,9.5,1688.15,2267.3,1941.7,2740.55,0.702553255277639,0.546923230066324,0.853117957379093,0.870750591946842,0.607061815348519,-0.63727872792875,1.28606093006608,0.10821096971645
"phase_003_subj_2",0.237,0.453,0.256681951154865,0.246535973828451,0.752920305221413,0.30679956714025,-35.6442819148937,-47.2065888812629,22.3482040722947,0.342388228636082,2.5,8.5,3,9.5,931.4,904.1,942.35,874.4,1.00175424121609,0.400279705696848,-0.0862913716626241,-0.56831967154139,-0.363115064259595,-0.517179065585911,-1.16936270608138,0.948949292353545
"phase_003_subj_3",0.356,0.112,-0.655780097498679,0.953319390287959,0.359813391451904,1.20664610738759,-15.8257835735532,8.84145504461219,24.1528471528471,-50.7704805491991,4,8,0,9.5,1285.85,938.45,941.85,871.95,0.894823308242851,0.520005333318093,0.38407720740694,0.625823142496446,0.708504376904556,1.69143122896272,0,1.59321881802305
"phase_003_subj_4",0.442,0.274,-0.418899283403603,0.954889714655984,-1.37219960545894,0.24225465027014,7.27659574468078,-2.11578947368423,19.3157894736842,19.0833333333334,0.5,10,0,10,1558.75,1133.95,1268.3,1201.65,1.15868229430861,1.00103860924927,1.50090651344102,1.89241919984725,0.157310684610171,-0.331465726504499,-0.117148857547293,-1.12473225071187
"phase_003_subj_6",0.044,-0.2,-0.751165003444966,0.0764228592052651,-1.04110410768063,1.26926898728482,-3.67439516129025,23.6889880952382,13.6430011198208,-59.822149122807,0,9.5,0.5,9.5,1276.35,1197.85,1222.35,1403.9,0.89586918963955,1.33191808797385,1.21462805258826,0.782147091752574,1.37680985974238,0.754217242431281,-0.069011823392088,0.595748860655492
"phase_003_subj_8",0.236,0.517,1.33940152965611,0.565359605725998,-0.317608709741179,-1.66509933740121,-74.2507948153583,-3.57213753987958,45.8333333333333,43.4860720973783,2.5,9,0.5,10,2193.85,1198.55,1168.6,1022,1.13425398839061,1.30118830941552,1.20254403400318,1.28071948826144,1.59321881802305,1.24686178374171,0,0.918729067826969
"phase_003_subj_9",0.712,0.573,0.0444622712835339,0.234738832552792,0.119031626537924,1.32884251311935,-35.3872807017544,-1.30739081746913,23.0969298245614,-82.2160904255319,4.5,9,3,7.5,835.55,895.85,806,862.05,0.828395359846012,0.0754627106439297,-0.309286948988237,-0.330858798738145,-0.355545464434306,0.472789120992267,1.2548053984376,0.0874686545846996
"phase_004_subj_1",0,0.319,0.272822268408631,1.00023492603597,-0.356736204091868,-1.08177690395042,25.6236559139785,-60.8723404255319,45.9842105263158,-13.7155701754386,1,10,1,10,2063.3,2390.65,2089.35,1777.7,0.686531607951098,0.829165734719852,0.940187987420278,0.911950045645835,-0.729835874408705,-0.589455797849779,0.0850339523463032,-0.859630794156464
"phase_004_subj_10",0.117,0.682,1.38121594352045,0.99212467040392,-0.624494908178724,-0.118161120528739,-4.14758771929826,-26.59375,-4.86458333333337,-27.1458333333333,4.5,9,2,8,855.35,760.05,885.5,763.5,0.0407451075667796,-0.160705414990922,0.5153439596789,-0.35976082589294,-0.385320466407568,-0.229884117579232,-0.36610635680057,-0.472789120992267
"phase_004_subj_11",0.316,-0.531,-0.546214120791307,0.295301871857959,0.542759439810162,0.282922193323515,-9.11458333333326,-14.589254385965,11.3723404255319,-113.835197368421,2.5,7,1,10,2466.25,2075.8,1848.5,2583.4,1.27546128779811,1.15576859593609,0.76539451469279,0.880634649470533,1.3186495365563,1.46612835793946,-0.684745720764945,0.478645154987032
"phase_004_subj_13",0.092,0.158,-0.695389938169986,1.15230174288978,0.9933982103133,0.085946722059028,3.03238770685573,-4.22105263157891,-38.0011695906433,39.8954233409611,1,9.5,0,10,5208.8,4432.25,6023.9,5353.5,1.60994940391116,1.57354726350848,1.54948289677234,2.13169584049765,3.05845261070857,3.11008741963699,3.1273393623756,3.28970725390294
"phase_004_subj_15",0.328,0.38,0.611570219123439,0.0246669990944062,-0.265573847159346,1.99888493038674,-3.26108156028363,-34.1603848330503,-23.4258678611423,-42.0947368421052,1,9.5,0.5,10,1309.65,1345.2,1261.7,1053.15,0.983353142792817,1.23203699373461,1.04972309294579,1.30333737264949,0.761485212163802,0.841760219246627,-0.651112923086222,0.589455797849779
"phase_004_subj_16",0.566,0.22,1.09825937152392,0.3392458689645,0.401555918302249,-0.139050853012348,-15.328399122807,-77.2600877192982,-14.3930956423316,-46.1658454647257,0.5,8.5,0.5,9.5,1038.25,1150.55,899.05,1080.45,0.982049247690366,0.495194693756921,0.814613841156051,0.526911735392556,1.07112317129668,-0.210428394247925,-0.489912957801226,0.674489750196082
"phase_004_subj_18",0.559,0.815,0.390432416497549,1.48387806613302,0.44358013605546,0.542258127154128,-41.7054895302774,-77.2702850877195,-26.3555555555556,-9.9914923785891,0.5,9.5,0,10,771.45,765.1,760.2,705.65,0.676555494981249,0.991746340090015,0.298413096894946,0.384132896317877,-0.993038695765837,0.589455797849779,-0.175782958358327,-0.367739078858096
"phase_004_subj_2",0.227,0.295,0.0388889372203236,2.03323036241207,0.619819620186942,1.23948667000922,-11.8315789473684,-63.8819708846585,-52.9163377192982,-51.6914893617021,1,9,0,10,1057.5,1289.35,900.1,1229.7,0.132726752597004,0.279631825930946,0.485927518813187,0.511678013278104,-0.314129999442899,-0.185713339081412,0.313972118460116,-0.314621369220341
"phase_004_subj_3",-0.221,0.466,-0.292393810001151,1.01841575576339,-0.123476803222443,0.549374762998071,-52.6463018490755,-9.79861442904917,-32.7240274599542,24.4649487054226,1,8.5,0,9.5,6367.2,6946.1,6655.3,4654.9,1.38183894064583,1.8007293752569,2.07325123705676,1.9103270684106,1.7838731566499,2.42126710337142,3.23807244497452,2.12357634220232
"phase_004_subj_5",-0.089,0.651,0.351021481657952,1.23304584190412,-1.39325837681019,1.16064195788141,-14.3159014557671,-38.9317487266553,-7.621052631579,-52.2708333333334,2,6.5,0.5,9.5,1228,1107.4,992.9,1082.5,0.464596250887798,0.970678593106331,0.319382072552337,1.2321017030106,0.667536613470076,1.34897950039216,1.92357994851267,1.22064771575557
"phase_004_subj_8",-0.715,-0.144,-0.228280457710264,-0.834842706464083,1.25677219025813,-0.449135005800223,9.65709382151033,11.5656215005598,-6.82235186456182,5.36842105263156,1,10,0,10,7014.35,5464.9,5766.75,4468.85,2.17517843126498,1.90977448871226,1.6066448873373,1.26899854931303,2.68128701644526,3.23807244497452,3.05845261070857,2.12357634220232
"phase_005_subj_1",0.603,0.785,-0.208962436789571,1.88697036612091,0.667526276761838,0.0428509532604053,-25.0891472868218,-97.5030473511487,-27.2128514056225,-9.2233972240582,0,9.5,0,10,684.4,760.45,761.3,763.65,1.33474214931464,1.35327994002419,1.21560309886378,0.330254532725446,0.259659119552493,-0.157310684610171,1.17891159569956,0.746766482459949
"phase_005_subj_10",0.221,0.409,-0.404738784449023,-0.395283820279887,-0.0511824111157573,0.504672794215275,44.7619214586255,-26.9255319148937,-27.6396854764107,-13.7578947368421,0.5,9.5,0,10,869.85,845.7,857.45,869.3,1.00838918604379,0.808258140669228,0.628029216056859,0.497273362294583,0.157310684610171,0.29293181590562,1.14880007794498,-0.206560264052161
"phase_005_subj_12",0.221,0.128,-0.152323333716403,-0.293466530400178,0.57826730123733,0.80344670006766,12.6579710144928,-29.8351063829788,-56.7488436632747,12.8588779641411,3.5,9.5,1.5,10,5745.55,4368.95,6761,4380.9,2.4370371983575,1.80656130051258,1.8937244842014,1.69703168797401,3.33547525653637,2.53200018597035,3.1273393623756,2.32575915209592
"phase_005_subj_13",0.78,0.316,-0.220183959873842,-0.0351853289078945,-0.0185437984210872,-0.0492775724702494,-0.326315789473711,-19.2116578014185,-14.1524822695036,-36.021052631579,6,7,4.5,8.5,908.4,850.25,871.05,775.45,-0.0211845345680779,-0.578753737238561,1.31600645521871,-0.370612762522612,0.223349441049209,-0.385320466407568,0.770992558177177,-1.09680356209351
"phase_005_subj_16",0.721,0.49,1.06596855640846,0.919446594622333,0.288124799725609,0.821785907733644,-51.2902412280702,-42.28125,-75.0953947368421,-12.9331140350877,3,0,10,0,899.25,613.1,795.4,565.95,0.148802120597768,0.538521239810687,0.171432079033834,0.713496471516424,-0.259659119552494,-0.667536613470076,-0.685205419039193,1.42175385590136
"phase_005_subj_18",0.788,1.431,-0.917359066528571,0.706402696641885,0.478645154987031,0.721902742852634,22.2083333333334,10.9270833333334,-10.1875,-29.5104166666667,2,10,0,10,1433.6,1164.5,1143.65,979.15,2.0859888620479,1.2013499145608,1.26179894299385,1.22120519035944,0.814587415031005,0,1.16209473634886,0.355545464434306
"phase_005_subj_19",0.643,0.859,-0.390825721635374,0.122521136667124,-1.8685426785142,1.14165185880412,4.96648550724626,-68.8020833333333,17.4885332059246,-66.8251618871415,3,7.5,0,10,1665.2,1367.3,1252.85,1165.3,0.664197814920394,1.14672204624279,1.13494062896533,0.937946187904985,2.1867827698698,-0.208795672190399,0.977552822229339,0.589455797849779
"phase_005_subj_2",0.065,0.29,0.270686929333656,0.157902726521112,0.559963159571335,-0.911188061682468,57.1082437275986,9.96009253903992,6.86240355389293,47.1578947368421,1,9,0.5,10,6423.6,4101.75,3717.05,4410.25,2.4370371983575,1.9805431758833,2.00201689300095,1.88804950621743,3.33547525653637,2.1332369515873,1.9348431322034,3.23807244497452
"phase_005_subj_3",1.044,0.54,-1.38377280800813,-0.749943028118287,-0.401617969430895,-0.583985222499511,11.2005494505495,14.1473684210526,27.0515427769986,13.6630434782609,0.5,7,0,10,1108.05,1175,866.9,1004.65,1.58452010847954,0.788963420892146,0.843172369125912,0.860598776076166,0.510981813262642,1.33731439261308,0.259082183648633,0.747858594763302
"phase_005_subj_4",0.262,0.138,-0.631614436857808,-0.344186935808225,0.361073516251502,0.406728423793963,17.554347826087,-28.822463768116,-1.9382292381606,-14.7835437120149,3,9.5,0,10,5142.9,3813.55,4594.6,3588.35,2.41486758777079,1.79407269519452,2.57616360945119,1.88601823452353,3.3812432591698,3.1864376360461,3.3812432591698,2.50154211045425
"phase_005_subj_5",0.337,0.311,0.263202821357132,0.736518780348026,1.09788253294782,1.6234730680506,-37.9791666666666,-34.0104166666666,27.4166666666666,-97.4946808510638,0.5,9.5,0,8.5,7469.9,7184.4,6778.35,6104.6,0.871062865276863,1.51758815234115,1.30519298322877,1.51699388206778,2.27014068611951,0.887146559018876,1.25325291581945,1.64485362695147
"phase_005_subj_7",-0.105,0.134,-0.12063720559054,-0.0660282320550727,-0.396596188879989,-0.254688537753102,48.5424342105264,16.9638157894736,11.8076754385966,-11.0178728070176,1,8.5,1,10,1060.6,970.35,860.45,895,1.0674564740977,0.755467771851636,0.388639788925034,0.398779884331246,0.874096877522237,-0.36610635680057,0.542631151017738,0.392273603133574
"phase_005_subj_9",0.341,0.157,-0.688472306243554,1.04360231267187,1.47208484675706,-0.230847444759358,-9.463048245614,-45.5263157894736,-88.4305921052631,26.3353494623656,1.5,9,1.5,7.5,598.35,510.95,565.8,563.15,0.88892864220683,0.936576172068699,0.741471831132318,0.0300124150872342,0,-0.854882767915239,1.46898874434038,-0.464061355948157
"phase_006_subj_1",0.428,0.91,-0.561223111632758,0.451904562928807,0.203689109293044,-0.740357363248727,62.4121084618981,-17.8420698924732,-6.51041666666663,19.0945175438596,0.5,10,0,9.5,852,729.35,814.4,806.75,0.540222960161699,1.09641709476324,0.323303398614058,-0.436730990127064,-0.124905462452337,-0.904373867775314,0.874096877522237,-0.841760219246627
"phase_006_subj_10",0.692,0.734,-0.357126955915369,1.40188266349775,-1.16315311269645,-0.561166422055217,9.16666666666674,-71.4685307017544,18.7072368421052,-14.3645833333333,3.5,9,0.5,10,1156.25,997.3,1099.1,1032.85,0.541974675391794,1.08673810422356,0.706140362142263,0.94811601008737,-0.212656808822794,1.13317906117087,-0.174892072159643,1.05981021660365
"phase_006_subj_17",0.815,0.683,1.00966845179795,1.42384477923854,-0.901703359942416,0.840856184806876,-50.9302631578947,-78.2291666666666,76.9791666666667,-105.708333333333,0.5,10,0.5,10,766.9,656.4,697.65,676.5,0.771031418891317,1.09412928677501,0.530596568264843,0.695699803441792,-0.228009781797397,0.754217242431281,1.31603912045142,-0.904373867775314
"phase_006_subj_19",-0.024,0.049,-0.130827001855674,-0.746181691887068,0.00151692333192743,0.781400087219155,-33.5622807017543,36.8279569892474,5.11578947368423,-94.0128289473685,3.5,8.5,0.5,9.5,921.8,839.7,812.9,764.6,1.27163169100708,0.842200287251523,0.844319469482147,0.833965079826484,1.17256573285271,1.07112317129668,1.0020670019913,0.1226700543141
"phase_006_subj_2",0.496,0.641,0.173083706523113,1.08840794263896,0.166484762583078,0.491582749914575,51.6076754385965,-26.3125,16.9268617021277,-50.5028508771929,1.5,9,0,9.5,916.2,834.2,869.011111111111,898.6,0.883560021638368,1.04484350608127,0.00015904688931027,0.495961936930301,0.117148857547293,0.831800434806252,1.67878516676225,0.488776411114669
"phase_006_subj_22",0.189,0.231,-0.351369326526178,1.98829657779951,-0.886202403550086,1.13520233369451,-17.2558438522675,-130.84375,26.4842105263158,-45.4571271929824,0,10,0,10,825,779.6,718.6,744.25,0.807830413922086,0.391820786521256,0.459797134447483,1.02704090038489,0.651112923086222,0.0955079512755013,1.53412054435255,0.510981813262642
"phase_006_subj_23",0.646,0.175,1.56764153722413,-1.82730698738561,-1.01991133140095,1.64432253576566,-77.987323146576,44.2503289473684,65.8421052631579,-43.5968201754386,0.5,6,0,7.5,1160.13333333333,1107.11111111111,984,1335.87222222222,0.299908905048934,-0.0173435044279195,0.248858471507292,0.0561125160183335,0.282216147062508,1.92706977401398,-0.0192141096069979,-0.229884117579232
"phase_006_subj_24",-0.432,0.577,0.0735091526649638,-0.376568638621776,0.442616778588598,-1.77727579551096,-59.1212537176847,40.0040747028863,2.10169297643552,20.6799342105263,1,9,0,10,1132.7,783.8,917.222222222222,835.45,1.1126198166558,0.983165519629275,1.08174191491323,0.462071874837051,-0.0356241015933713,-0.155677962552645,-0.684745720764945,-0.524400512708041
"phase_006_subj_25",0.852,1.059,0.191523292856885,1.02884618180981,0.350276059598227,1.25037362896402,-12.8650219298247,-22.3098684210527,-20.4315789473684,-49.46875,1.5,10,0,9.5,700.005555555555,636.2,595,582.8,0.877302771893607,0.683884246321221,0.561749324774473,0.575119897793842,1.00972003164451,0.948949292353545,-0.36610635680057,1.31100267096054
"phase_006_subj_4",0.689,0.743,0.664500065798715,-0.741927013684889,0.869498657877649,-0.569407301021241,-86.0338185890257,-34.2733552631579,-96.5792763157895,-11.5159722222222,1,9,0,10,839.35,742.85,675.8,651.4,0.764891338908489,0.286538868792268,0.576717668949324,1.02224943136167,2.74165718904499,1.715280160865,2.0546895905353,1.32668767967275
"phase_006_subj_5",0.156,0.016,-0.0958769286059553,0.232644746724631,-0.615829349179887,-0.0786014283973957,8.85416666666663,-34.0416666666666,13.0315789473684,-4.29166666666663,1.5,9.5,0,10,1027.05,804.65,822.65,715,1.06269959469937,0.317615382500683,0.498572396508868,0.449291988031366,1.11703067659811,0.363115064259595,0.30723965078727,1.27246702542644
"phase_006_subj_7",0.181,0.21,1.82418841965911,-1.3548248949827,0.344756688823342,0.88648475132538,-71.2284946236559,59.1086956521739,-40.3468201754387,-52.9791666666666,2,8,0,9.5,921.983333333333,1074.4,783.1,856.55,1.33392787460788,1.45592512432729,0.897676060577522,0.167406353541201,0.472789120992267,1.44021068709397,1.04445724362905,0.887146559018876
"phase_006_subj_8",0.749,0.771,0.180708969907649,0.8186075165619,0.941694136877962,0.653840004600748,17.2683114035087,-0.678289473684231,-45.3052631578947,27.71875,1.5,8.5,0,10,1009.95555555556,886.7,800.4,696.95,1.41912209694178,1.81440780571546,0.85023292719615,0.506035898501851,0.831800434806252,0.36610635680057,1.31603912045142,1.56163630921496
"phase_007_subj_1",0.889,1.126,0.0580952482367652,0.130345154577413,-1.58092228033784,0.0842739890486728,-52.9375,1.05263157894728,76.0416666666666,-48.4718201754387,0.5,9.5,0.5,8.5,798.6,980,782.4,902.6,1.7070606504383,1.79149229163832,1.22795174844336,1.48929679488537,1.17891159569956,0.939492877483343,1.56163630921496,0.116666676857511
"phase_007_subj_10",0.389,0.032,1.23515502034699,0.884496677714318,1.75279392492004,-0.461300822236383,10.53125,-13.0625,-26.9052631578948,-17.9601973684211,0,9.5,0,10,1049.87222222222,1218.95,1075.55,1042.2,0.966043475925719,0.939896327594016,0.776181120010601,0.846122005553298,1.35274203250927,0.6152045839868,0.879122704883619,0.667536613470076
"phase_007_subj_11",-0.258,0.818,0.0830519037025041,0.194809916284366,0.0640755315835566,0.946143936908685,7.53782894736844,-45.0572368421052,16.1458333333334,-48.0573853989813,1,8.5,0,9.5,959.3,898.3,902.1,873.25,1.56193963989196,1.71539134715608,1.65661523063553,1.44466886634178,1.62588918734357,1.40253974629436,2.31934337714755,2.68128701644526
"phase_007_subj_12",0.237,0.408,-0.102282612320339,-1.40400745274434,-0.815652167360259,0.600321872964577,-32.8408983451536,91.2070048309178,-19.4014557670773,-27.4990328820116,4,9.5,0,10,1127.7,1076.8,1079.35,965.5,1.09271053101743,1.33815376247077,0.695068726348632,0.301506271630025,1.16326616131075,1.0020670019913,0,0.648782202137326
"phase_007_subj_13",-0.091,0.41,-0.348530141015313,-0.934771330790829,-0.248338456128616,-0.0447604947462006,35.2474804031355,-32.0631578947368,47.6322508398656,-21.6596491228071,1.5,9.5,1.5,9.5,723.65,686.2,693.9,633.85,0.712881119223055,1.39409267452439,0.622990073206216,0.635201186435749,0.604930411956368,0.387194802189403,-0.0802750070828255,0.210428394247925
"phase_007_subj_16",0.728,0.691,0.554193105267953,0.493093005710298,-0.274711648869578,1.05282977719432,-88.3760045274477,-45.3327850877192,-26.5259308510638,-36.9791666666667,1,9,0,9.5,796.972222222222,773.3,708.35,701.7,0.145757751516294,-0.0196343355334212,0.400159336675523,0.433321794170092,-0.0733688445672204,-0.6152045839868,1.42175385590136,0.51797447718407
"phase_007_subj_17",0.334,0.071,1.23292679012753,0.809842529794417,-0.214977923183905,1.71495858130405,-38.8064516129033,8.09473684210536,10.7659574468084,-42.1574010523907,0.5,9,0,10,930.85,1022.11111111111,956.988888888889,1046.15,0.283494277113714,0.872036058871482,0.29546823592536,0.0543550461932447,-1.06435476313626,0.955562154650348,1.19889026290412,0.729835874408705
"phase_007_subj_18",0.287,1.043,0.172469358432306,0.931684514295855,0.364293065230958,0.923311190373595,3.58776595744689,-31.5104166666667,5.12357456140353,-3.07291666666663,0.5,9.5,0,9,860.65,809.45,833.5,816.55,0.831539127592473,1.48275830763186,0.942027703093973,0.512420744919535,2.61227519305317,0,1.97853928443062,1.03643338949379
"phase_007_subj_19",0.122,-0.023,-1.54116632217248,1.03694034215296,0.790838387074452,0.453737817031695,36.8106395019807,-39.7277412280702,-0.818421052631606,-25.9698581560283,0,8.5,0,10,841.35,998.25,873.1,880.5,-0.416100313368514,0.836744157514432,0.549993932045537,0.508361221062723,0,0.625948867667967,0,1.15774496454394
"phase_007_subj_21",0.376,-0.2,0.327746199208946,0.498942459246057,-0.141069493738026,0.817189536814354,-67.2642897566496,-1.6814692982457,45.2836879432625,18.3707726763716,0.5,8,0,10,990.85,951.05,756.95,894.75,0.609166922462152,0.298640995763334,1.05279463313922,0.382433108944416,-0.361943639297708,0.918729067826969,0.110733082598926,1.41496950937224
"phase_007_subj_3",0.641,0.701,-0.379982701573971,1.33561837848808,1.03203726648274,1.81448196248216,17.4791666666666,-6.74067982456131,-34,-68.3333333333335,1,9,0.5,10,818.45,763.15,716.6,719.3,0.710052282338344,1.44819415434017,0.6674642798487,2.02670267341466,2.53200018597035,2.07286677898758,0.910772042638715,1.71092313968987
"phase_007_subj_4",0.632,0.845,1.03538956001284,-0.52924740797312,0.0262296680228338,-1.1737190360789,-142.951301330249,-30.3966044142614,-42.0024027459955,45.9184397163122,0,10,0,9.5,816.7,759.65,781.15,696.75,0.87511354264049,0.90117832731345,0.322175479510944,0.863201550475474,1.48212402850108,0.347127774137193,1.05981021660365,0.242905003413035
"phase_007_subj_5",0.131,0.632,-0.232644746724631,1.36433106717446,0.593480832182397,0.645075017833268,10.125,-41.6458333333333,-36.1967105263159,-53.4737938596492,1,10,0,10,793.05,784.4,713.5,701.85,0.770740762949756,0.949988559986156,0.0622970690287805,0.767272697967826,1.26394554804586,0.786261949589244,1.53412054435255,2.68128701644526
"phase_007_subj_6",1.084,1.066,1.75422030166649,-0.312919753807456,-0.198284876947506,-0.641400083239122,-26.0208333333333,37.9375,-9.20800438596495,2.58333333333326,0.5,8.5,0,10,835.05,934.25,928.1,815.6,1.09911768314391,0.633303204903592,0.349125879301803,0.618129522155371,0.702673238571499,0.44460563261685,0.674489750196082,0
"phase_007_subj_8",0.325,0.149,0.780858804246235,0.90483055712694,-1.17993698221755,1.41688156920448,-21.5854166666667,-55.8229166666667,-1.13612445664603,-125.434649122807,0.5,8,0,10,982.45,1107.65,941.65,959.7,0.731338665520106,0.593987087769399,0.170561731191247,0.905964251628055,-0.10821096971645,0.379027403601854,0.993129114160457,0.595748860655492
"phase_008_subj_1",0.818,0.85,1.56587783042294,-0.348387862138968,-1.18615240138448,-0.764242830020544,-74.8958333333334,-52.625,15.9281914893617,7.98958333333337,1,9.5,0,10,981.45,801.15,824,815.65,0.909860100433607,1.00604273163673,0.658310782014281,0.0402130883526406,-0.0850339523463032,0,1.45619797721637,1.13317906117087
"phase_008_subj_10",0.095,0.629,1.09792544299346,0.639022591666031,-0.9764176014847,-0.373232473831026,-68.2127659574468,-1.40438596491231,55.0947368421052,-4.70833333333337,0.5,9,0,9.5,1085.85,1078.9,933.95,1060.65,0.728528099410506,0.652590564836648,0.0809683344710117,0.541040472714636,0.210428394247925,0,0.36708982809787,0.472789120992267
"phase_008_subj_11",0.679,0.854,0.11230405663591,-0.565696040655383,-0.453184325199608,-0.496075220612448,-15.6874999999999,23.0416666666667,25.9992324561404,21.8958333333334,0.5,9.5,0.5,10,720.7,671.55,716.95,725.1,1.14579347253301,0.743047187167387,1.04775852597004,0.796982470312645,0.355545464434306,-0.51210026464174,1.48212402850108,0.904373867775314
"phase_008_subj_12",0.726,0.91,-0.0199879379018362,-0.62429310301745,-0.0189953770392737,-0.197916955038525,6.35416666666674,-1.41041666666672,21.0520833333334,56.1037280701755,0,9,0.5,9.5,953.1,860.9,947.05,824.3,-0.177983098472381,0.084290817354095,0.608592524273124,0.0480402509765498,-0.282216147062508,1.71888016487812,0.854882767915239,-0.052332029483276
"phase_008_subj_13",0.724,0.658,-0.169357861049579,0.778858867515937,-0.993132503986122,1.38135145252491,-41.2395833333334,-45.5208333333334,-53.7597517730496,-71.6979166666667,1,9.5,0.5,10,853.3,830.1,849.1,736.9,0.414770992747627,0.674253440809381,0.528881810516695,0.545612419582386,1.74910048390121,-0.157310684610171,-0.831800434806252,0.206560264052161
"phase_008_subj_14",0.562,0.686,-0.234716606877843,0.315787424649979,0.879025947955735,1.48315986972726,-44.7534965034965,-21.806791171477,-21.1964646464647,-83.2159579550884,1,9.5,0,9.5,1053.95,979.5,988.6,886.55,1.28941102773677,0.315629595395199,0.268753540002859,0.251215337526858,1.01613187938882,0,0,-0.289169283788514
"phase_008_subj_15",0.719,-0.066,1.27958438125372,1.04406479042684,-0.368902020528028,1.79435976227032,-52.2916666666667,-40.4282894736842,79.4315789473685,-150.040760869565,1,9,0,10,817.45,810.222222222222,765.8,701.7,1.1199577234688,1.83159985190613,0.419377413815906,0.168858791023483,1.77429311803775,-1.09680356209351,1.50865547395571,0.970363876755391
"phase_008_subj_16",0.31,0.414,0.764242830020545,1.05405550292649,0.182762840097753,1.08646048424185,-3.61458333333326,-26.6969298245614,-39.4166666666667,-25.9761478163493,3.5,8,0,8.5,792.35,599.8,617.55,639.15,1.4860699893256,1.08501002391784,0.734022889393557,0.609166922462152,0.810110881491531,0.854882767915239,-0.100679386735109,2.31934337714755
"phase_008_subj_17",0.718,0.71,0.502575648660918,0.1099484333718,-0.695506456451435,1.81303252342209,-24.1458333333334,41.2604166666666,69.4718528368794,-117.25,0,10,0,9.5,738.35,628.1,743.6,682.4,0.416304432067108,0.281542541264955,0.0687396183639739,0.75832776073536,0.0850339523463032,0.510981813262642,0.439526831672679,0.747858594763302
"phase_008_subj_18",0.422,0.745,0.898291433221499,0.348151001734289,-0.286597127917657,-0.168333099480005,-37.0376259798431,-31.6143640350878,-45.7291666666667,27.875,1,8.5,0.5,9.5,987.166666666667,961.6,857.35,816.85,0.957397413023754,1.00504563412308,0.495476993021277,0.311820065561373,0.904373867775314,0,-0.104222770724158,0.472789120992267
"phase_008_subj_19",0.953,0.707,-0.166988306193615,-0.311954506234835,0.182193875108451,-0.200031668654316,11.2768640350878,-27.3137061403507,-0.552083333333258,-28.9789473684211,1.5,9,0.5,9,872.85,772.2,753.5,734.211111111111,0.670762107832981,0.288265776507954,0.0850358066034526,0.485513063408881,-0.124905462452338,-0.746766482459949,0.0850339523463032,-0.887146559018876
"phase_008_subj_2",0.853,0.704,0.166781376295279,-0.410756540375165,-0.27461590167678,0.755066635183899,13.1255930087391,-61.1052631578948,-52.4175824175825,-57.1471306471308,0.5,8.5,0,9,768.5375,870.283333333333,676.85,803.7,0.579729465770305,0.313740880182221,0.688332173122834,0.869272245014474,0.425532250942805,0.0316493377550967,0.884918144444007,1.03643338949379
"phase_008_subj_20",0.728,0.65,0.138960600815747,0.697340538043214,-0.925793906109393,2.87848139289284,18.1360745614035,-32.3958333333334,79.9263157894737,-153.628360215054,2.5,9,0,10,789.85,764.05,684.55,615.85,0.889308085414113,0.323303777868944,0.735726926920228,0.833965079826484,-0.488776411114669,0.185713339081412,-0.36610635680057,0.488776411114669
"phase_008_subj_8",-0.008,0.395,-0.295903121899643,1.10110527253132,0.541355980797727,0.794178853235731,-15.7037465309899,-67.6747939560439,-83.0228494623656,-33.9484611626771,1,9,0.5,10,1269.65,1297.35,1289.65,1120.05,0.00465768595058497,0.190230829944989,0.86706061646289,0.104437897900852,-1.17784996034963,-0.810110881491531,0.589455797849779,1.59321881802305
"phase_009_subj_1",0.197,0.037,0.876711440520994,-0.305169735579143,0.328521675330587,0.772699516914306,-78.5793859649124,-56.8958333333334,-5.43749999999989,19.5,0,10,0,10,783.8,821.15,680.1,682.15,1.47526355198344,1.66191320744228,1.76350553485456,1.31368568797835,1.13317906117087,0.185713339081412,0.622197247908228,-0.800151097051156
"phase_009_subj_10",0.572,0.073,0.197363054438277,0.476166926697766,-1.28901673998373,0.917297528297121,9.5333333333333,21.0212765957447,47.8776315789473,-27.383551931939,0.5,10,0,10,795.55,725.5,751.95,755,0.188678937892815,0.0723792678033894,-0.212802559949758,0.09826846389424,0.971142215238439,1.09680356209351,-0.463794450994704,0.242905003413035
"phase_009_subj_11",0.995,0.818,-1.64524910516266,-1.19410080461104,-0.378404996293117,0.202822326991652,2.57258771929821,2.03125000000011,-0.0833333333333712,1.59418859649111,2,10,0.5,10,800,774.05,779.95,701.2,-0.10717576357066,-0.552161364754973,0.327551325831923,0.615530637233643,0.157310684610171,0.510981813262642,0.948949292353545,0.598450467847341
"phase_009_subj_12",0.277,0.741,-0.981516219577071,-0.0854674476644748,1.26258009897333,-1.3728027485237,28.859649122807,-58.8125,-109.936170212766,107.460694288914,0,9,0,10,782.5,812.1,744.85,754,0.525590038697912,1.31598260357463,-0.0209011579661648,0.82003318419813,0.976457381570853,1.2595331605439,-0.157310684610171,0.761485212163802
"phase_009_subj_13",1.118,0.496,-0.617146469925187,1.14612896989405,-0.678180913812836,1.88026403896196,37.3963815789473,-59.2884439359268,52.4052419354839,-69.6,2.5,9.5,0.5,10,872.7,863.75,755.6,743.1,1.70948134052117,0.712489988585936,0.938743178373367,0.517854026634731,1.92050574716413,0.598450467847341,1.53412054435255,0.747858594763302
"phase_009_subj_14",0.614,0.729,-0.446655179412383,1.3874022550148,-0.990399196186355,0.818076971958849,3.92017543859652,-86.5829787234043,22.0492021276596,-64.7516237402015,6.5,8,4.5,9,1130.11666666667,1041.9,1046.45,1070.35,1.11484754693404,1.12222894403196,1.16028980067332,1.37750579998019,1.38299412710064,2.43265535878722,1.38279042377513,0.0717877528145834
"phase_009_subj_15",0.514,0.403,-0.403963887968009,0.157661929657206,0.931519471786948,0.231977113964064,12.9918072878454,-7.39765510503173,13.935369480668,-94.0367816091954,0.5,10,0.5,10,1180.15,1023.85,930.4,937.3,1.02773025003706,0.552745131073949,0.0644629006664062,0.350016240196343,-0.0192141096069979,1.16801418755198,0.210428394247925,0.318639363964375
"phase_009_subj_16",0.268,0.592,-0.243650209525987,1.83568472523143,-3.30846289377585,0.338951077813531,-18.3632535460994,-32.4880179171332,37.1380762411347,-28.7859042553191,1.5,9.5,0.5,10,930.9,892.05,822.1,776.75,0.434238406672228,1.03699399496364,0.00848552068250992,0.175040383491848,-0.488776411114669,0.89050686950861,0.10821096971645,0.362746046310835
"phase_009_subj_18",0.515,0.274,1.08424148707824,1.25651888648737,-0.578419359675162,1.86580204320757,4.26763559021629,-49.5052631578948,-66.2833649588868,-172.145285087719,2,8.5,0,10,1082.5,1002.65,924.1,827.2,1.44968716696446,1.64939042022092,1.24290216496984,1.33077925177251,1.7712933122896,2.28007742743468,2.38485742576643,1.16209473634886
"phase_009_subj_19",0.73,0.575,-0.122028356157222,-1.27836067148656,1.2427708120616,-0.463456842358319,22.6125,-10.1458333333334,-40.1666666666667,-22.09375,1.5,10,0.5,10,768.45,749.6,700.8,758.85,0.016217929800236,0.163431671926476,0.741207913294866,0.194392388923797,-0.492644541310433,-0.548828403341008,-0.251322693710148,0
"phase_009_subj_20",0.114,-0.279,0.590280572648318,0.939522197098722,0.235289309231743,0.118474408771733,13.3645833333334,-24.3333333333333,23.63399122807,17.7194078947368,0.5,9.5,0,9.5,791,680.45,785.45,770.7,0.435390215850386,0.086122438787251,0.327923644751636,0.447580955894903,-0.124905462452337,-0.362538128355734,-0.699204805362594,-0.229884117579232
"phase_009_subj_21",0.334,-0.08,-0.231601858032051,0.0382740252674729,0.540923956010535,-0.469473658466309,-19.1052631578947,-35.9603583426651,-42.0145334636053,37.0187265917604,3.5,9,0.5,10,766,631.5,694.65,624.9,0.248484517194587,-0.137646744468451,0.185333851214814,-0.144102830781717,0.810110881491531,0.97036387675539,-0.918729067826969,0.942763034821596
"phase_009_subj_22",0.233,0.348,1.08183254274599,0.300394339998358,-0.172413136162366,1.7851097101343,-43.21875,2.92631578947373,-3.23157894736846,-79.7129385964913,2.5,6,0.5,6.5,939.75,1022.44444444444,875.6,951.05,1.56103036211763,1.23789068864224,0.983882123405934,0.614622248419552,0.392273603133574,0.967421566101701,0.887146559018876,-0.125661346855074
"phase_009_subj_23",0.352,0.579,-0.436795845472945,-0.193071761163419,0.609753283933933,1.22236907552459,5.80964912280706,-38.1458333333334,-21.0208333333333,-23.6145833333334,1.5,8.5,0,9.5,782.4,696.1,715.35,697.166666666667,1.12708108638993,0.290517407618409,0.544001782678007,0.319217675024169,0.702673238571499,0.242905003413035,-0.156554800207434,1.21783250859263
"phase_009_subj_5",0.125,0.999,0.245469771628081,1.04187539199542,1.24877095602236,0.371452509546262,-10.3247807017544,-28.625,-41.6666666666667,-5.96409574468089,1,9.5,0,10,836.25,741.3,712.85,680,0.983562362892978,0.731202374729009,0.551486959037828,0.724329144569556,0.542631151017738,0.800151097051156,2.38485742576643,0.6152045839868
"phase_009_subj_6",0.157,0.48,-1.05211835492715,1.18896881949702,-0.0601886109055174,0.848953486782067,67.0840985442329,-80.1684210526316,-26.421052631579,3.46034946236557,2.5,8,0.5,9.5,978.4,982.2,963.6,930.75,1.07953166147483,0.653329008837922,0.763434326354615,0.0549495204739311,1.09680356209351,0,0.904373867775314,1.22064771575557
"phase_009_subj_7",0.603,0.453,-0.705609625156553,1.24556450128847,1.0838809761351,1.26009039810231,81.7652925531914,-106.5,-18.2245995423341,-53.8854166666665,0.5,9.5,0.5,10,1026,799.8,857.5,768.3,0.632306107389934,0.264780164491849,-0.141213644219797,0.68599043561213,0.873519941618376,1.37901970915602,0.201700629203814,0.242905003413035
"phase_009_subj_8",0.28,0.447,0.29967382375476,0.70164118412054,0.23351582619014,0.847334531756984,26.0020156774916,-85.2346014492754,3.80873460246357,-46.2800438596491,3,9.5,0,9.5,1075.95,961.9,842.45,832.95,0.75828013177892,0.779719545401854,0.395692998095702,0.701048789215979,-0.377965768251923,1.77051497380655,1.0020670019913,0.51210026464174
"phase_009_subj_9",0.29,0.647,1.02217330881166,0.58792090936333,-1.92782495405614,0.903345696779014,-14.0665751544269,-4.17401315789471,-6.15191031800498,-30.3052631578947,1.5,10,1.5,9.5,891.5,810.45,890.55,899.35,0.542191608708482,0.563684728364308,0.93558712205102,0.105817350399969,0,0,0.464061355948157,1.19889026290412
"phase_010_subj_1",0.345,0.824,-0.496277102322158,0.246414375494952,-0.79032547494413,1.54119170131964,12.5833333333334,-17.5850877192983,7.09374999999989,-19.5729166666666,6,8.5,1.5,9.5,631.2,578.6,673.35,594.6,0.849814274787848,0.249286198254434,0.401162108761737,0.0486474258454273,0,-0.439526831672679,1.91944101076011,0.202182809893596
"phase_010_subj_11",0.217,0.538,0.489515956303678,0.0236394707339649,0.374859682923977,0.735358334073473,-23.8904605263158,-11.3699024822696,-33.3763440860215,-14.6458333333333,0.5,8.5,0.5,10,909.8,935.3,877.6,928.95,0.762473901114173,0.174758036190832,0.562092206029761,0.140620811573574,0.674489750196082,0.278348016866745,0.36708982809787,0.625797251921349
"phase_010_subj_12",0.941,0.604,0.459701223431164,-0.99926806868215,1.11960425178222,-0.629926428941316,-6.93684210526317,2.35416666666663,-24.8020833333334,25.4382675438598,3,9.5,1,9.5,904.35,740.4,954.35,706.05,0.523197561028594,0.670762107832981,0.167601912229946,0.0533135621517747,0.228009781797397,0.478645154987032,0.699204805362594,-0.124905462452338
"phase_010_subj_13",0.637,0.777,-1.1626002472735,-0.502713587348842,-0.186910940410552,1.2473372534339,-28.5625,-25.2708333333334,14.0104166666667,-47.6041666666666,6,9.5,4.5,9.5,1126.05,1042.75,1215.62777777778,956.8,-0.102381124920492,-0.115624769936662,0.241505520896222,0.184433979005409,-0.0955079512755013,0.347127774137193,0.358710772632633,-0.282216147062508
"phase_010_subj_16",0.574,0.572,-0.0660282320550709,0.305169735579143,0.579326942135172,0.784817828161636,34.5723684210526,-78.4270833333334,53.4776315789474,-60.2604166666666,3,8,0,9.5,1069.15,1087.55,896.55,921.4,1.07098581420707,0.715615921873971,1.19585876290986,0.724329144569556,2.39271222171477,1.42175385590136,0.904373867775314,3.33547525653637
"phase_010_subj_19",1.076,0.807,0.634308134951303,1.20992614171062,-0.971578562041648,0.703854877031687,-3.1875,-26.65625,33.124335106383,-15.1684210526315,0,9.5,0,9.5,801.35,766.95,734.6,758.85,0.186918018014149,0.12220974811418,0.21977895296491,0.0478936689828605,-0.509422460680866,-1.14727887118835,0.125661346855074,-1.4957171895266
"phase_010_subj_2",0.172,0.482,-0.919405032086048,-0.364546165766564,1.02307731336799,-0.0836970171586744,10.3295632698769,13.894725177305,-76.0013157894737,17.5441885964913,4.5,9.5,1.5,9.5,1161.05,873.3,968.4,807.766666666667,0.779648044482659,0.280176066616788,0.0518426805990072,0.8128267414494,-0.262360726744342,0.185713339081412,0.472999243778999,0.589455797849779
"phase_010_subj_20",0.416,0.121,0.100994956202643,1.19505566898234,0.251106080420302,0.827002254954139,-0.291666666666629,-34.4180921052632,-20.4479166666666,-26.8020833333334,6.5,10,2.5,9.5,844.35,586.35,714.25,593.3,-0.354893435904175,0.239309480734635,0.166685732267487,-0.0112078587909552,-0.104222770724158,0.258892293535437,0.201700629203814,-1.13317906117087
"phase_010_subj_21",0.206,0.403,-0.09651744371644,0.848445893751783,-0.306272612532846,0.941419527278897,-67.9894736842106,-97.2786644029428,29.8064516129032,34.5923245614034,1,9.5,0,9,1042.35,1138.6,1001.05,1144.85,0.197597086113476,0.227359035372715,0.631259760730098,-0.215520224161531,-0.432145113239608,-0.0316493377550965,0.0874686545846997,0.589455797849779
"phase_010_subj_22",0.768,0.586,0.70165639558245,-0.546991840266166,0.570071554825005,-0.423903925406444,-88.2119565217391,29.0048670062253,-6.19999999999993,-32.6947368421053,1,8.5,0.5,9,1109.75,1124.55,993.05,986.15,0.368510442379208,-0.09350145792961,0.120052333256576,0.138527756293662,-0.0316493377550965,0.95670589725859,0.67032703269322,-0.190572973929759
"phase_010_subj_24",0.086,-0.221,1.15098231039386,1.43071079850562,-0.639410263983002,-0.898650567761541,-77.9607712765958,13.40625,22.5625,-51.6949561403509,1.5,9.5,0,9.5,1193.75,1109.1,1076.55,1166.5,0.486683703996573,0.247593264606377,0.521257459709502,0.0214548343763642,-0.509422460680866,0.589455797849779,0.6659772608883,1.52520980060846
"phase_010_subj_3",0.067,-0.317,-0.747660041615178,1.93486882651344,-0.878876759272563,-0.261039429208533,-57.1354166666666,-37.825940860215,12.0294769503546,-3.23157894736846,1,9.5,0,10,1035.9,1011.8,1013.85,986.35,0.94639736810567,0.80301834855194,0.744130212078509,1.17994516206128,0.884918144444007,0.831800434806252,-0.684745720764945,0.563644268501522
"phase_010_subj_6",0.403,0.703,-0.943153372932942,-0.0352398617882348,-0.580595922882232,0.409940481070758,10.6388499298738,-23.4467040673212,38.7472527472527,-59.8254199328107,1,8,0,10,859.75,926.25,838.35,844.75,0.748958107024973,0.31991467080427,-0.132923378825323,0.271769350932836,0.439526831672679,0.125661346855074,0.667536613470076,0.831800434806252
"phase_010_subj_7",0.86,1.187,0.445457385511382,1.19303882692905,-0.777098967425076,0.392976647982988,6.45259019426453,-30.7595108695652,17.3669652855543,-71.3648122710624,1,9,1,8.5,855.4,768.6,817.25,819.3,0.462187451848491,0.434662815957544,0.385914988181315,-0.174041303518468,2.35041569320234,1.28041501885804,1.2815515655446,0.887146559018876
"phase_010_subj_9",0.809,0.47,-0.319718174716221,-0.250800033535524,-0.247676484675631,-0.0332912515284485,11.2916666666667,16.375,12.1875,-8.12677304964541,1.5,9.5,0.5,9.5,806.4,725.75,833.85,786.5,0.350804539166623,0.231931175073891,0.0989950635232939,-0.467903908440384,-0.103455944707102,0.242905003413035,0.210428394247925,0.51210026464174
"phase_011_subj_1",0.047,0.239,-0.360143923319411,-0.579326942135177,0.788081574714335,0.61050121753285,-19.2864035087719,-19.3333333333334,-20.1347587719299,-103.720285087719,0,10,0,9.5,701.95,731.95,747.727777777778,731.45,0.206261009611146,0.492851933352082,0.35617932721592,0.304018519547475,-0.208795672190399,1.26394554804586,0.859630794156464,0.259659119552494
"phase_011_subj_10",0.4,0.221,-0.000230564355025997,0.954278491147659,1.09591318248827,0.955232760578989,-10.4723684210526,-11.9062500000001,13.3603723404256,-104.532579787234,4.5,8,0.5,9.5,1197.4,1245.25,1099.2,1230.5,0.211400560407175,0.41354171701142,0.223090918155875,0.614678280195935,2.1332369515873,2.19360712418703,2.78742519167841,1.32668767967275
"phase_011_subj_13",0.655,0.948,-0.618275219701805,0.177554762157182,-1.26302121646724,0.859243350405056,74.5483870967741,1.22052304964541,6.20000000000005,-97.8378289473684,2,9,0.5,10,907.966666666667,902.15,845.35,914.8,1.00175951228953,0.0975124311011136,0.330687008528656,0.44148788082648,-0.282216147062508,-1.22711246122248,-0.879122704883619,-0.465642447700794
"phase_011_subj_14",0.453,0.019,0.157900580167965,0.367911142839461,0.0344982299837919,1.45730787845375,-29.9166666666666,-26.0520833333333,11.6511758118701,-64.4243951612902,3,4.5,0,9,1015.85,1035.49444444444,770.4,793.3,0.974965320913656,0.378374927986661,0.401928640994417,0.788938132835383,1.25411424670368,-0.0802750070828255,-0.5290677582123,0.229884117579232
"phase_011_subj_16",0.158,0.169,-0.321743258106004,-0.651145262324239,-0.978596697962923,-0.557364826394376,-19.3156028368794,107.614583333333,25.7150219298245,57.3210526315789,2,5.5,0,9.5,906.85,872.55,731.45,782,1.08262649948697,0.80881121291294,0.238826601519927,0.634975513262014,1.10444240690838,1.81633669141505,1.37680985974238,2.20861029454863
"phase_011_subj_17",1.023,0.816,0.590837816793421,1.43456897287246,0.0833313198125212,0.421195257876118,-37.5585678334477,-96.8299342105263,13.6552276366964,-68.0416666666666,1,10,0,10,788.85,712.35,673.15,623.85,0.575200435701945,0.85722771588047,0.759334243665849,0.380046284422229,0.282216147062508,1.15774496454394,-0.0733688445672204,-0.259659119552493
"phase_011_subj_18",0.466,0.468,-0.53542252150162,0.064859570450226,0.0621906966929375,0.217929020456609,-36.1263157894738,-27.4105263157895,-28.9263157894736,-17.6348684210526,0.5,9.5,0.5,9,703.711111111111,615.25,620.25,702.5,0.48335156422229,0.998396185100345,1.14502868187835,0.510119273274225,1.38279042377513,0.331465726504499,0.110733082598926,0.871671944912287
"phase_011_subj_19",0.38,0.388,-0.0706237576383968,0.492445718799412,0.155203764601789,0.7503436364916,-25.125,-25.2708333333334,10.2083333333334,-19.4791666666666,1.5,9.5,0.5,9,773.45,815,767.75,782.05,1.41220030795505,0.667974114483827,1.20696124005742,0.419986286468347,0.488776411114669,-0.210428394247925,0.967421566101701,0.36610635680057
"phase_011_subj_2",-0.305,0.918,-1.14288154289839,-0.871868713829988,1.44356415120492,-1.8378339022336,-17.1808114035088,-115.510416666667,-109.944627192982,75.625,4.5,8.5,0,9.5,963.1,869.45,773.3,757.2,1.44827989152223,1.15061807010613,0.943045490474274,0.614887385618939,0.967421566101701,2.50166718217931,-0.0850339523463032,0.407877493917582
"phase_011_subj_20",0.6,0.017,-0.819844450559471,1.21434737552916,-1.16501892638375,1.09083306908571,118.59065679926,-35.0968528368794,-63.9715902659876,-71.2315789473685,0.5,7,0.5,10,845.166666666667,858.35,786.2,738.7,1.21474598328429,1.78362205663595,0.892621526266646,0.910694466293134,2.12357634220232,1.5191922800964,0.576534751048494,1.07823220896445
"phase_011_subj_22",0.172,0.349,-0.252817632746847,1.12136978593591,-0.475584667996496,1.42384477923854,-17.2395833333334,-8.10416666666663,32.5664893617021,-66.4375,0,9,0,9.5,889.9,796.15,942.85,787.55,0.703826139360249,0.711824558733784,0.823550133788145,0.387241612065667,-0.472789120992267,0,-0.488776411114669,-0.275069473771035
"phase_011_subj_23",0.031,0.593,-0.152019382795001,-0.198417911691957,0.613685326979508,0.553755940250273,1.66666666666663,-23.825,28.0631578947368,-66.2083333333333,1,9,0.5,8,836.55,748.8,750.544444444444,771.75,0.396462172089244,0.485652622952924,0.75572158879695,0.277541880718718,0.841760219246627,0.854882767915239,-0.228009781797397,0.210428394247925
"phase_011_subj_24",-0.058,-0.009,0.328521675330585,-0.0138018611089039,-0.338256176097901,-0.867837118472003,-53.4791666666667,6.04802631578946,-5.1875,44.1897163120568,3.5,9,0,9,954.011111111111,940.9,818.5,879.35,1.90544159805642,1.23218067485051,1.51115829379687,1.41531242626277,0.910772042638715,1.04445724362905,-0.158294155907471,-0.106682764191698
"phase_011_subj_25",0.742,0.541,1.26109782259794,-0.789583061149851,0.21801824327545,0.77867257063829,-89.1219298245613,61.3042763157895,-6.19791666666674,-141.739583333333,1.5,9.5,0.5,10,921.5,847.416666666667,803.8,764.95,1.16320709652733,0.460200266969553,1.00450139343723,0.851082651103162,0.873519941618376,0.674489750196082,0.275069473771035,-0.288574794730487
"phase_011_subj_3",0.069,0.389,-0.192579063718736,0.62887157383749,-0.187016692850045,0.145099997487563,25.1458333333334,3.17708333333326,-34.9375,27.1666666666667,0,9.5,0,10,891.7,800.8,897.1,840.05,0.441934436490168,-0.0174487390876451,0.400400264799265,-0.370154653264778,0.251322693710148,0.747858594763302,0,0.355545464434306
"phase_011_subj_4",0.584,0.826,0.267601992048911,1.90493103805637,-2.02496304191076,1.54042763976711,53.798415393322,-125.983377659574,110.516018306636,-94.0926418439717,1,9,0.5,9.5,845.35,717.2,724.75,695.75,0.940226365080181,0.633321684456632,-0.0597542720095402,0.250906076537216,0.624014441101246,0.103455944707102,-1.15034938037601,0.432145113239608
"phase_011_subj_5",0.726,0.533,-0.493948600581361,-0.232386786548956,1.76808007097011,-2.05300186587143,-45.8484649122807,-33.4325657894736,-12.1138888888889,134.328179824561,1.5,9.5,0,9,750.5,705.6,637.15,754.1,0.612464750446434,-0.141797174336617,-0.047935402540911,0.704034934198713,-0.100679386735109,0.155677962552645,-0.385320466407568,1.90022690115312
"phase_011_subj_6",0.437,0.748,1.23860819874214,1.38185965914522,-0.137728051303831,1.69305431710276,-104.1875,-50.3847587719298,39.6875,-37.5554824561403,0.5,9.5,0,10,711.3,723.95,652.85,636.55,0.330689279055579,0.434737920893119,0.0606374802180348,0.331419624305272,0.702673238571499,0.977742712342534,-0.977742712342534,0.51797447718407
"phase_011_subj_7",0.413,0.727,0.698249069431965,-0.424216716146965,0.403814786908882,1.50657962239196,-30.0631578947368,-52.1662705149971,-43.7204805491991,-38.5482642777156,1.5,9.5,0,9,879.3,750.1,795.7,828.65,0.580959264965962,0.416851843919115,-0.0185875610270488,-0.291961853611616,1.56959268308578,0.945578241984534,0.288574794730487,0.747858594763302
"phase_011_subj_8",0.424,0.064,0.403406744562777,1.66335554523026,0.690577280515378,2.03888772917147,6.30910087719292,-77.9895833333334,0.384973404255334,-129.372562056738,1.5,9.5,0,9.5,743.65,708,655.55,709.6,0.634047378712059,1.0531755133927,0.88490880042928,-0.0112078587909552,0.472789120992267,0.348944967330211,-0.275069473771035,1.03643338949379
"phase_011_subj_9",-0.292,0.213,-2.31140163779381,-0.0348002636232976,0.285394622213353,0.529049495536291,43.2258581235699,-14.2446808510638,19.4385218365062,4.50383771929819,2.5,9.5,0.5,8.5,1225.2,1164.9,1230.65,1250.9,1.28768167676,0.843157899398611,1.30289766045992,0.696527658280833,2.63092410644606,1.17891159569956,2.07286677898758,1.715280160865
"phase_012_subj_10",0.936,0.182,-0.206361365374257,-0.0626418693446034,-0.359794282702761,0.235337325837631,65.2489361702128,0.378947368421109,22.3402720283856,27.3670212765958,1,9.5,0.5,10,919.75,881.3,826.05,760.6,0.356804105809865,0.667974114483827,0.465368411485363,0.653782030620106,1.16801418755198,-0.117148857547293,1.32451527278433,-0.282216147062508
"phase_012_subj_11",-0.124,0.868,1.19183654437731,-1.82258671866681,0.990070352260729,0.0715824369604074,-2.625,27.6875,-60.9895833333334,-1.12631578947367,1,8,0,9.5,819.1,789.9,737.6,745.35,1.38030032425014,1.64653886780373,0.585380103548777,0.349777558004765,1.46612835793946,0.407877493917582,-0.831800434806252,0.791638607743375
"phase_012_subj_12",0.218,0.146,0.316393838424177,1.16595462155533,0.318730472182488,-0.530467450125148,-17.9836506159015,-66.9647606382979,-100.372788353863,-22.6510638297872,1,8.5,0,9.5,924.3,1062.35,1014,976.05,0.305469573746545,0.0324871314876976,0.371321650521291,0.0504381057304724,-1.38279042377513,-0.125661346855074,0.95670589725859,0.791638607743375
"phase_012_subj_13",0.535,0.147,0.469625493550218,0.892128415767279,1.33024637089218,-1.15992339157272,39.3723404255319,-14.5328014184398,-58.9894736842106,80.1110372340426,0.5,6,0,8,1014.13888888889,1163.41666666667,875.85,1063.7,0.863377319608412,0.188903228710964,0.552285016668984,-0.012271563141781,0.363115064259595,2.34107741278635,0.874096877522237,0.866919444514281
"phase_012_subj_14",-0.366,0.653,2.70036846420712,1.45515308094559,-0.0735853456544158,2.07081876457221,-121.345942982456,-49.7373903508771,84.2480263157895,-42.8854166666666,0.5,9.5,0,10,906.35,735.8,778.1,695.6,0.495067246537834,0.448428003341852,0.847428623488924,0.465380523810319,0.674489750196082,2.11777094647771,0.336089741102999,1.0020670019913
"phase_012_subj_15",0.18,0.562,0.383771163976538,0.907848617465761,0.176367021634603,0.623543063269127,-36.9684210526316,-12.9375,-43.1872807017544,-0.684210526315837,0,9,0.5,10,877.05,869.35,812.85,733.95,0.622976897474408,0.819190802327555,2.03107125462399,0.305218217821035,-0.52341704141074,-0.30723965078727,0.624014441101246,-1.03643338949379
"phase_012_subj_16",0.131,0.147,0.764242830020544,1.13891099959655,0.874047645191524,1.01928110455042,-55.3854166666666,-67.7437943262411,-31.1815229563269,-59.5416666666666,1.5,9.5,0,10,884.95,844.6,791.1,796.75,1.95704702292822,0.990049079406283,0.473796445759455,1.20640854216155,0.971142215238439,0.0603701725997241,-0.29293181590562,0.288574794730487
"phase_012_subj_17",0.588,0.287,-0.250377796453682,-0.0790092429292859,-0.242254650270139,-0.646973985333671,20.4822368421053,36.4014254385966,-32.46875,-37.1145833333334,0.5,9.5,0,10,860.7,774.65,755.55,653.05,0.46244883472615,1.0069687099307,0.946458789518838,0.862115139180289,0,0.139080046300473,0,-0.0531177096377542
"phase_012_subj_2",0.292,0.227,0.996100331657317,0.749716933206705,0.261838198530156,1.10743340731198,-31.1296052631579,-40.2916666666666,-27.460975609756,-41.9960317460317,1.5,10,1,10,788.722222222222,757,808.9,656.2,1.17557249365244,1.57731791432878,1.13331217556639,1.39350318376077,0.44460563261685,1.30530116317733,0.385320466407568,0.190572973929759
"phase_012_subj_20",0.442,1.2,-0.282922193323512,0.862249135458686,-0.502713587348842,-4.44089209850063e-16,47.6694078947369,-42.9684210526316,47.59375,27.90625,4.5,8.5,2,9,1179.6,1032.95,1224,1074.35,0.216518509644582,0.608523324740783,0.752290800142966,-0.00811591740436457,-0.0955079512755013,1.01613187938882,0.915445208744031,0.754217242431281
"phase_012_subj_21",0.919,1.198,0.529410012883049,2.30145255139713,1.16102457516323,2.92125443733256,-69.1578947368422,-132.038306451613,-20.9212719298246,-83.0835549645388,2,10,0,10,838.35,718.15,672.4,626.4,0.365314077069758,1.24536758122951,0.97260331832589,0.287025345161674,0.464061355948157,1.16801418755198,-0.524400512708041,1.90022690115312
"phase_012_subj_3",0.457,0.31,0.257359569742344,-0.0810854453926146,-0.733825761368082,-0.905268085357634,-17.2105263157895,15.6041666666666,-34.3195564516128,2.5917338709678,2,10,1.5,8.5,635.8,618.35,612.75,525,0.924604693682821,-0.320226771734402,0.492851933352082,-0.129535556323972,1.37901970915602,-0.622197247908228,0.0850339523463032,0.97114221523844
"phase_012_subj_4",0.221,0.507,1.34356977215572,-0.371058896731561,0.701113769031273,0.750771587429998,-45.4947368421053,15.4355263157895,6.2421052631579,-27.7765957446808,1,10,0.5,9.5,702.2,645.95,719,576.4,1.02904076998476,1.05077407394766,-0.186488568746485,0.80303148366061,1.92357994851267,1.3186495365563,2.0546895905353,1.03643338949379
"phase_012_subj_5",0.206,0.84,1.16064195788141,1.49278393960957,8.88178419700125e-16,1.84366816426877,-30.9479166666666,-49.3854166666666,-22.3645833333334,-73.0280701754386,3,6.5,0.5,9,902.05,856.2,744.55,727.25,1.18742324084693,1.19556382793031,0.967706868662684,1.60777921670488,1.67878516676225,2.00385495559549,1.19374407410396,1.68625935994329
"phase_012_subj_6",0.147,0.599,0.740388250733035,1.29641283884738,-0.255215857596442,-0.100630847839966,-4.07080759551582,-57.5353970741901,15.3100358422939,-14.8241758241758,1,8,0.5,10,1190.2,1154.29444444444,1106.99444444444,1073.25,1.22422464875775,1.46280727511684,1.06792446140682,0.682652416199019,0.791638607743375,1.31603912045142,0.58121021349545,0.791638607743375
"phase_012_subj_7",0.524,0.782,0.200915966116005,0.0694039283580175,-0.0367336517190284,0.179281378553365,-18.8296370967743,-40.5553728070175,-28.6811870100784,53.8947368421053,1.5,9.5,0,9.5,836.9,889.05,716.2,839.777777777778,0.974480999531911,1.04175532267774,0.619610751262067,0.147256511742913,0.651112923086222,0.157310684610171,0.564432294125016,1.04059610699665
"phase_012_subj_8",0.354,0.236,-0.350887740808412,-0.600293339217786,-0.32774639026581,1.15844003226021,42.2291666666666,20.8333333333333,22.40625,-7.50252192982452,0,10,0,10,747.95,777.35,678.65,739.8,0.71041352452031,0.351589617836414,0.54970034932306,0.0561125160183335,0.190572973929759,1.05981021660365,0,-0.702673238571499
"phase_013_subj_10",0.164,0.377,-0.11831292524826,-0.690115039846833,0.283469978772809,-0.475854805800888,-25.3027289546717,18.8907894736842,-18.1970884658455,-5.22105263157891,4,6.5,0.5,9.5,1101.7,1069.9,1022.4,1033.45,1.23906842211805,1.08754214660769,0.776609787802788,0.809685386349617,1.09680356209351,1.53412054435255,-0.385320466407568,0.0364232169018671
"phase_013_subj_11",0.784,0.622,0.769047563390865,0.99878880796129,-1.18428487124492,1.24010246020047,-37.5783991228069,-28.0625,-7.01041666666674,-4.32291666666663,6,10,4,9,642.4,599.7,719,614.05,-0.0906184912087511,0.166830142892634,0.440730466330963,0.100657705140881,0,0.948949292353545,0.858109587399835,-0.685205419039193
"phase_013_subj_13",0.254,-0.056,-0.852060340067813,-0.566922223508652,0.454827128740503,0.41456954740161,19.4042553191489,-20.9462365591397,6.342420212766,-3.26276881720435,1.5,9.5,1,9.5,990.35,912.2,986.35,951.15,0.183524263373743,0.292710492317933,0.569985141981225,0.522269426478638,0.887146559018876,0.385320466407568,1.33352792290227,-0.052332029483276
"phase_013_subj_17",-0.668,-0.081,-0.399150459909528,1.54805772058672,0.158526577559298,0.686159643881943,-22.0276595744681,-33.8020833333334,12.2604166666667,-49.3541666666666,4,9.5,0,9.5,862.85,726.5,764.65,713.511111111111,1.23885903862335,0.855294817655168,0.729247568144935,-0.239715092541517,-0.459768235158464,0.275069473771035,0.355545464434306,0.0874686545846997
"phase_013_subj_18",0.654,0.408,0.404469542785857,1.35619773604005,0.228556380792813,-0.0107241936339144,1.42708333333326,-85.84375,-42.2811403508772,-3.59133771929817,1,10,0.5,10,858.75,731.6,827.25,782.3,1.40852174041738,1.39761169955491,0.164578684170906,0.678733720491257,1.85456812512058,0.208795672190399,1.01688777030007,1.25325291581945
"phase_013_subj_19",0.794,0.764,0.405111023651491,-0.0676909378858346,0.259423208650068,1.33754933225999,12.7429541595925,32.6839912280702,-72.3564401738732,-47.7108622620381,1,10,0.5,9,941.5,868.1,849.15,842.7,0.0831465599810194,0.452649626386861,0.452779005809281,0.190337716335475,0.278348016866745,0.157310684610171,0.674489750196082,0.879122704883619
"phase_013_subj_2",0.236,0.449,-2.22388964697905,1.41888439415571,0.552359378314651,-0.877805749545443,36.1135498320269,-39.6758118701008,-36.5625,-1.78594809445872,1.5,10,1.5,9,674.2,643.9,626.95,589.75,1.18374528309203,1.41478180166385,1.10021634119924,0.874481846124326,0.967421566101701,0.732212713601139,-0.0356241015933713,0.282216147062508
"phase_013_subj_21",0.337,0.656,1.59318054852772,0.647620404480421,0.37639733011338,1.37488433018867,-47.8087470449173,-24.3815789473684,-7.24719101123594,-49.9886363636364,0.5,9.5,0,10,1242.05,1097.9,1197.75,1116.55,1.40910282193063,0.96848149325983,1.0236802934661,0.561569690567909,1.09680356209351,0.699204805362594,-0.210428394247925,0.185713339081412
"phase_013_subj_22",0.308,-0.003,1.16528949420564,-1.18589512884897,-0.757449897867294,0.821165897351927,-28.8958333333334,35.1770833333334,20.5729166666666,-55.59375,1,8.5,0,10,915.3,728.3,830.25,777.7,0.538603081878916,0.813754875999356,0.691515424812016,0.600098562105857,-0.202182809893596,0.282972031465245,0.601315209301132,-0.209657003074638
"phase_013_subj_23",0.265,0.331,0.535206222738854,0.63991448737501,-0.65134104073312,0.231633754510701,-19.2633399209485,-39.3241379310344,28.6167900092507,8.97735507246375,5,6,1,8.5,982.6,923.95,928.75,951.55,1.41229277635871,1.74538270665404,1.37585543756433,1.00903494963997,1.03643338949379,1.67878516676225,1.43886225015477,1.53566984678358
"phase_013_subj_25",0.099,0.662,-0.533233787353965,0.974238533747794,-0.993011318253565,0.191076210002226,-36.2506578947368,-66.347149122807,40.3639184397164,-18.6593528368794,0.5,9.5,0,9.5,889.65,821.4,775.15,834.95,0.741344266828296,0.904630812797261,0.820172602080621,-0.0240570974302935,-0.439526831672679,0.229884117579232,-0.407877493917582,0.904373867775314
"phase_013_subj_26",0.517,0.612,0.552866430492253,0.839535773355518,-1.10782550640337,0.806738650351078,-60.5048245614034,-30.9516237402015,17.1408514492753,-79.7373772791024,2,9,2.5,8.5,815.45,647.45,699.3,743.4,0.607688075219781,0.348487047881244,-0.0650811624277204,0.37862688945424,1.53412054435255,1.07112317129668,1.19889026290412,-0.157310684610171
"phase_013_subj_27",0.163,0.661,-0.445943759563184,0.721902742852633,0.0953879641359201,0.516567517201581,35.5729166666667,-29.5104166666666,51.9479166666666,7.86458333333326,1,8,0.5,10,879.9,901.65,923.55,841.15,1.67433574484882,1.07352837566345,1.65188138058258,1.07026768223978,-0.259082183648633,0.407877493917582,1.64191131629778,0.377965768251923
"phase_013_subj_28",0.553,0.069,-0.093019755677497,0.682795642032335,0.537184230456069,0.957183412943395,-24.7894736842104,-38.8750000000001,-41.2650709219857,-44.7609649122807,1,8.5,0.5,10,950.85,854.95,864.288888888889,936.15,1.2985175557734,0.689560858744136,1.11152718475077,0.53304405270514,1.24963771316421,1.04445724362905,0.64608709572484,1.15589021868953
"phase_013_subj_29",0.089,0.574,-0.982934483272518,-0.837610310195899,-0.162747054004881,-0.126242821969914,-9.48478260869558,17.4516129032259,3.7793361383824,1.27777777777783,3,8,0.5,10,1134.85,938.2,924.7,916.55,0.326154450036679,0.513165734168892,1.33193889033892,1.1294030978775,1.45619797721637,2.07319017328798,1.04059610699665,1.47660235686865
"phase_013_subj_30",-0.261,0.069,1.83452948588899,0.102825192572807,0.51669004591935,-0.0108466381898373,-42.6595744680851,-52.9882151029749,-32.9644334160463,8.32258064516122,3,7.5,1.5,8.5,1024.55,982.2,980.55,934.5,1.13781504645442,0.892154197221023,1.10387400333997,0.658271848007305,1.56163630921496,2.00385495559549,1.27246702542644,0.407877493917582
"phase_013_subj_31",-0.058,0.446,-0.656648362809116,1.00442085136328,-0.0843589337501882,-0.0603065153097435,-8.30730694037152,-68.9222222222222,-42.9994280485015,-8.32793522267207,2.5,9,0,9.5,1271.64444444444,917.05,1095.23888888889,1087.4,0.917015935942636,0.860364054039547,-0.303940940825662,-0.0240570974302935,1.32668767967275,0.866919444514281,1.92706977401398,1.22246490894859
"phase_013_subj_32",-0.008,0.221,0.423523120695946,-1.50669189788979,-0.804083149131401,-0.634762141117225,-45.5652173913044,58.7083758937691,-14.7186813186813,43.2459093034128,2,10,0,10,1120.36666666667,1064.75,1131.95,1083.6,1.16999097133494,1.02834696561093,1.37147345171137,0.821069176524834,2.23430942480125,0.267238095035334,0.674489750196082,-0.210428394247925
"phase_013_subj_33",0.316,1.305,0.126059338966543,-0.677191944352193,-0.258935311642016,0.167633057556885,-18.0423292273236,17.5473684210527,-2.93151595744678,-37.1299672744273,4.5,7,0.5,8,952.5,948.3,943.7,906.15,1.27768338890464,1.05705331547212,0.775078253413108,1.12974239515972,1.71092313968987,1.42175385590136,0.791638607743375,1.50865547395571
"phase_013_subj_4",0.01,0.435,0.881719563327838,-1.64150115611934,0.589002072774459,-0.781802306857115,-32.6736842105264,44.7078664402943,30.4919956140351,19.3573464912281,3,10,0,10,1102.25,851.35,910.4,861.1,0.582894887292147,1.06062099966113,0.695345607307666,1.13258671021701,-1.46898874434038,-0.625948867667967,-0.36610635680057,-0.681711197318211
"phase_013_subj_5",0.507,0.726,1.37372914922608,0.380796563536784,0.779730362078946,0.111427591433056,15.9421245421246,-85.6415141019297,-26.9771219400594,-12.8555555555555,2,9,0.5,9.5,1192.16111111111,1010.25,1062.85,897.583333333333,1.39983271361549,0.986226246241859,0.476157537955075,0.332865650078243,1.00376302017327,1.46755747116798,-0.103104319345059,0.598450467847341
"phase_013_subj_6",0.233,0.578,-1.20236522132273,0.538144841044593,-0.677735728242226,0.357569478165515,-3.16666666666663,-29.0343201754387,28.9037280701755,21.427969858156,3.5,7,2,6.5,1066.72222222222,1034.63888888889,1030.05,1031.7875,0.389126839622559,0.203443302900093,0.196320731055095,0.0561125160183335,1.77051497380655,1.5191922800964,0.407877493917582,0
"phase_013_subj_7",-0.095,0.452,-0.473502835059148,0.305169735579142,1.68892988714039,-0.203689109293044,8.36458333333326,-54.5,-47.9263157894736,-41.3229166666667,5.5,9,1.5,10,1224.45,1040.2,1171.9,933.15,1.16100920704291,1.496912433362,1.17994186641674,1.24001059663093,0.589455797849779,1.81628297643997,-0.0802750070828255,1.44021068709397
"phase_013_subj_8",0.311,0.803,0.0537769194691968,1.44769724694428,-0.596174401282786,-0.279464229795019,58.5436746987953,-115.010607647983,12.5342026996111,-3.82559843673664,1.5,10,0,10,1058.95,928.85,913.05,929.4,0.66405719100206,0.670762107832981,1.47785114229012,0.669297928368538,0.223349441049209,0.0802750070828255,0.0802750070828255,0.548828403341008
"phase_013_subj_9",0.974,0.566,-0.535948696524601,0.170137047150294,-1.66862996725928,0.75839085310872,14.9583333333334,7.51041666666663,16.6421052631579,-59.9388157894737,0.5,9.5,0,10,822.661111111111,834.65,819,721.45,0.356834263313051,0.265036577985583,0.603367837868449,0.275624837138751,0,0.910772042638715,-0.124905462452337,0.6152045839868
"phase_014_subj_10",0.383,0.664,-0.364395964939635,-0.377115882206418,-0.66851460026186,-0.653558368761892,-3.0625,-32.6736842105264,62.601814516129,54.7224791859389,1,9,0.5,9,1196.85,1043.55,1156.6,1053.6,0.720519541222219,0.138797622752934,0.832992904738951,0.50478956642874,0.6659772608883,0.379027403601854,1.46523379268552,0.495847568081762
"phase_014_subj_11",0.171,0.81,-0.151126417251908,0.927997211156782,-0.74921226392621,-0.569817881014276,-56,-0.822916666666629,29.3541666666666,41.2083333333333,2,5,0,7.5,703.4,815.95,573.1,803.75,0.901377113159374,0.411287703924739,0.785023593871063,0.739839474324265,0.887146559018876,-0.29293181590562,1.60019092950898,-0.940833279977482
"phase_014_subj_12",1.166,1.034,0.778672570638291,0.0676470431984955,0.123605722815571,2.02500611580953,-63.9895833333334,-30.5208333333333,-1.14747807017545,-38.7291666666667,1,9.5,0,9.5,775.65,782,686.75,707.1,0.578304383114667,0.407633864889522,0.263413254549716,0.198615363663811,0.069011823392088,0.89699503218817,0,0
"phase_014_subj_13",0.852,0.624,-1.60151100895715,0.752120701871156,-0.633508445319735,0.570776325600725,15.0833333333334,12.125,16.3890350877192,-21.3125,2.5,10,0,9,782.688888888889,688.7,673.85,679.7,1.36454509616771,0.834817720071056,0.200621562307377,0.149369942208564,0.754217242431281,0.6152045839868,1.06881830531501,2.07594209599247
"phase_014_subj_16",0.166,0.307,-0.140513576110937,1.11680414951439,1.49988190552399,0.713218403428186,16.1458333333334,-85.5104166666666,-32.4994400895856,-46.5208333333333,1.5,7.5,1.5,10,747,751.7,690.5,601.45,0.261588231744411,0.815664237885327,0.226005521579277,0.687395997074081,0.36610635680057,0.819339915429011,-0.124905462452337,1.14727887118835
"phase_014_subj_17",0.228,-0.285,1.44010611655645,0.338374672933749,-0.531293030503267,0.344512536421782,-62.0135195035461,-70.2083333333334,40.2616228070176,9.56842105263161,1,10,1.5,10,731.75,650.3,693.75,632.8,0.879302611668825,0.460200266969553,0.807106278292614,1.05117718282633,-0.289169283788514,0.446977591644011,0.44460563261685,-1.41496950937224
"phase_014_subj_18",0.677,0.632,0.546214120791307,0.478682600967061,1.16690906056594,0.524206664504842,-50.1666666666666,-31.5893173758866,18.0851063829788,-57.3605939716313,0,9.5,0,10,874.9,885.25,825.55,872.45,0.573464509317544,0.224691063775853,-0.214967775937815,0.488051079781668,0.125661346855074,-0.385320466407568,0.385320466407568,0.622197247908228
"phase_014_subj_19",0.888,0.303,-1.45512172669363,0.810066025591439,-0.569753588654373,-0.59124273070465,-29.9403284887156,-61.8032258064516,-45.353147275583,35.7737381309345,3.5,9.5,1,9,1004.8,1003.55,1025.95,956.25,0.0567257116106649,-0.225854721519982,-0.0318400783251183,-0.0011385153358204,0.51797447718407,0.0603701725997241,0,-0.593818067491384
"phase_014_subj_21",0.26,0.475,0.571447152025052,-0.25532303124701,-0.433145759676595,0.578240420657458,-27.0610745614035,9.85635964912285,-1.09473684210525,-20.5956140350877,1,9,0,10,858.9,700.016666666667,689.7,621.65,1.32842675499745,0.811408865237549,1.11878472153883,0.711202211580706,1.3186495365563,-0.446977591644011,-0.103455944707102,0.625797251921349
"phase_014_subj_23",0.345,0.764,8.88178419700125e-16,0.427085400541356,-0.734115011683574,-0.0584646100038944,39.5729166666666,7.82291666666663,-18.1354166666666,1.92335526315787,3,9.5,0.5,10,778.25,726.066666666667,650.533333333333,692.55,0.131908431938162,0.547973511778007,1.09272843383962,0.974653274721056,0.807415775079044,1.12473225071187,-0.706072259004174,0.439526831672679
"phase_014_subj_27",0.059,0.732,-0.961600384912597,-0.990070352260729,0.430002301616684,-0.568489990842787,63.625,-6.65625,-0.708333333333258,28.5546052631579,0.5,10,1,10,974.75,945.65,936.15,823.45,1.22356865932483,1.07918741740707,0.562343583705526,0.100314143550926,1.01317692382271,1.98963430539356,1.17256573285271,1.17784996034963
"phase_014_subj_29",1.056,0.845,-0.663707868321936,1.83941734023748,-0.643066116642926,1.2610620096008,34.9853070175438,-107.510416666667,33.7688386524823,-10.0736842105263,0,10,0,10,738.45,636.3,660.3,592.9,0.441934436490168,0.133625766608876,0.566502356608829,0.171677360070503,1.16209473634886,0.614437757969743,-0.10310431934506,0
"phase_014_subj_31",-0.186,0.223,-0.996537219898371,0.0783760395824236,-0.0292107522896949,-0.611873090378739,-0.572916666666742,11.7653508771931,-42.3750000000001,11.9374999999999,3,5,0.5,7.5,900.4,954.95,683.45,924.5,1.13019513162915,1.45831171838193,1.44246304170444,1.44143161719983,2.43265535878722,3.1273393623756,1.35507275345816,1.71092313968987
"phase_014_subj_32",0.224,0.878,-0.566698978250843,0.813959762470868,0.14256966402943,0.627546153386383,69.9791666666667,-23.0833333333334,-3.69309210526319,-47.0729166666667,0.5,9.5,0.5,10,723.05,755.55,688.6,720.55,-0.330858798738145,0.0587039150375102,0.416851843919115,-0.12674652474211,0.873519941618376,0.866919444514281,0.472789120992267,0
"phase_014_subj_33",0.31,0.491,1.4830014001108,0.632048725063409,0.0697882173742392,1.35774395083706,-10.4787234042553,-61.2757092198582,20.7430107526882,-56.6875699888018,2,10,0.5,10,703.65,644.75,676.6,693.25,0.470187866809872,0.5322044718022,0.856060658273058,0.470608993262847,-0.267238095035334,1.2815515655446,0.607061815348519,0.589455797849779
"phase_014_subj_34",0.348,0.923,0.29825342367745,0.567917509200769,-0.390968988452031,1.92728439359098,17.6370660694288,-43.3559204440335,4.27659574468089,-110.307614781635,1.5,9,0.5,8,996.5,942.15,920.5,1056.95,0.366358568126178,-0.186722642158269,0.779955919067862,-0.141826839812128,0.674489750196082,0.614437757969744,1.34897950039216,0.104222770724158
"phase_014_subj_36",-0.072,-0.122,0.473502835059148,0.154043318327235,-0.571447152025053,0.884496677714315,-43.2916666666667,71.03125,49.5643640350878,-49.9895833333334,1,8,0,10,878.35,818.85,799.9,784.7,1.03990324997835,1.28132492016315,1.1450052105455,1.4525524622104,0.676718164770951,1.56163630921496,0.674489750196082,1.58327721548675
"phase_014_subj_37",0.342,0.765,0.355766134275513,0.353843630244135,0.147009505288202,0.211022233895767,-1.77181663837018,-32.3171542553191,-3.46480263157889,-31.421052631579,0,8.5,0,9.5,817.05,878.5,815.8,802.65,0.774000992530406,0.646007637892597,0.669999179858086,0.436894987005757,1.56163630921496,-0.185713339081412,0.278348016866745,-0.0802750070828255
"phase_014_subj_39",0.972,0.828,0.76165218528784,0.570360630547338,0,0.970483394477699,-19.8958333333334,-6.80208333333337,-45.5,-45.0484649122808,1.5,10,0,10,892.4,769.6,768.15,770.65,1.24364425871424,0.624887612808417,0.582544082557895,0.493181970838247,0.432145113239608,0.917299954598449,0.125661346855074,0.282216147062508
"phase_014_subj_4",0.11,-0.011,1.1705335576659,1.30429398464054,0.258938597938996,0.645569696363365,-27.1675438596491,-52.1578947368421,66.6145833333334,1.20120614035079,5,7,2,9.5,971.25,888.05,880.85,851.15,0.982005806230822,0.866555808303864,0.184788881298869,0.171723429959371,2.03017409335904,0.754217242431281,2.02289695546722,2.08199522913772
"phase_014_subj_40",0.201,0.361,-0.564299392363031,1.45188789634432,-1.24927266084104,0.342147382748635,40.1847826086957,-51.0254199328107,113.727588201273,35.382837528604,2,9.5,0,10,960.1,782.65,829.827777777778,817.15,0.24169208557049,0.114747353539781,0.418096236094603,0.134189255303996,0.625797251921349,1.16936270608138,0.564432294125016,0.0603701725997241
"phase_014_subj_41",0.594,0.866,1.85129944224754,1.20215441771281,0.241905193123917,0.740890890269101,-103.153289473684,-5.09375,23.9843225083986,-70.6770833333334,1,9.5,1,10,1155.05,1113.95,1118.58333333333,1020.55,0.387625131931001,0.429144175745086,-0.00676593931469897,0.307877576477982,0.524400512708041,0,0.495847568081763,0.252568978807945
"phase_014_subj_42",-0.265,0.187,2.68523617798621,-0.136248921809809,0.263420336471176,-0.220710586357036,-96.6448512585812,19.6818589025756,-31.6979794399149,-19.774666194021,1.5,9,0.5,9.5,1045.35,1007.05,869.45,846.4,0.379399167217754,1.10730386867745,0.481949173918252,0.313252646009087,0.267238095035334,2.27014068611951,-1.49182207880974,1.62254447729569
"phase_014_subj_45",-0.049,0.382,0.906945411964087,0.159184519874334,0.052446500932573,1.23185469968641,-63.4372900335946,-26.1974734042553,-29.2736842105263,-129.280141843972,0.5,9,0,10,1047.63888888889,970.15,891.55,918.25,1.37581374698931,1.31741299734028,0.871216248831603,1.0270094554032,-0.0356241015933713,1.37680985974238,0.355850386231707,0.634327923133204
"phase_014_subj_48",0.339,0.683,1.12221265432716,-1.11988710954461,-0.000909149819277033,0.215173377865179,-18.4193548387096,-83.9421831637372,-67.7206564799094,-4.28633818589026,0,9.5,0,9.5,839.75,838.2,775.05,806.2,0.640402663161835,0.505500065028938,0.515307746010216,1.22597735372901,-0.734828906955965,1.19889026290412,0.576534751048494,1.14727887118835
"phase_014_subj_5",0.43,0.426,0.424380067920218,0.564897201517428,0.453881800936908,0.513437780982758,-54.3614804964539,-4.66666666666663,-36.2527412280702,-63.0998903508771,1.5,6,0,9.5,801.55,904.25,768,839.8,0.937618371377268,1.13115566995378,0.851883251938589,1.00643311176706,2.26770856821913,0.52341704141074,0.210428394247925,2.31934337714755
"phase_014_subj_50",-0.311,-0.33,2.02228491397549,0.470188468093271,-0.185528914498972,-0.553277055211606,-119.088209219858,-6.19791666666674,23.2345394736842,-9.07291666666674,0,9,0,9.5,790.4,856.822222222222,847.4,728.35,1.32061881388187,0.485658338409282,1.35345513657394,1.50626974558108,-0.548828403341008,0,0.873519941618376,0.945578241984534
"phase_014_subj_51",0.631,0.386,-1.64235669022474,0.262126435530857,-1.38967309240643,1.16633319844674,89.607934397163,40.7376096491229,-35.1145833333333,-122.914254385965,0.5,9,1,9,581.3,549.65,523.85,520.1,0.571695285730911,0.697175882848814,-0.0593172616942715,0.950834847699606,0.464061355948157,-0.157310684610171,1.53412054435255,0.791638607743375
"phase_014_subj_53",0.367,0.066,0.427160309099393,0.130981684898242,1.36739856503867,0.901039752247384,-23.7403110047848,37.2060640732265,-95.408581235698,-17.4382352941177,0.5,6.5,0,9.5,1134.74444444444,1291.25,1071.55,1104.2,0.787297646911869,0.773811014188716,0.602001413084437,0.702994717232818,1.48212402850108,0.866919444514281,0.6152045839868,0
"phase_014_subj_55",0.553,0.767,-0.59562055403504,0.180958462904937,-0.772324644897172,-0.0511084799984802,71.0151209677418,-31.1293859649123,30.7909294512879,-21.0512061403508,2,7,0.5,6.5,1188.25,1196.65,1067.3,1130,1.23911100009093,1.03963030606097,1.07856391571709,0.968075340215588,1.56959268308578,1.30530116317733,1.32668767967275,1.92050574716413
"phase_014_subj_59",0.353,0.967,1.04662277340913,1.74839277738378,0.95718766737096,2.49972886108515,-22.94612216884,-45.7020132692747,1.04210526315796,-122.351644736842,8,6,4.5,6,983.15,1008.8,968.05,898.8,0.501233739748465,-0.350016240196343,0.200794790991926,0.148802120597768,-0.51797447718407,-1.25325291581945,1.10116583173512,0.510981813262642
"phase_014_subj_61",0.542,0.511,0.65384000460075,-0.234175034657432,-1.33150395909751,1.64018889120041,-74.5833333333334,1.02127192982459,79.8229166666666,-64.1458333333333,1,9.5,0,9.5,540.85,535.1,549.8,528.35,0.648304553488876,1.05117718282633,0.153521215585541,0.719499828474643,0,0.674489750196082,0,-0.472789120992267
"phase_014_subj_8",0.14,0.01,-0.445943759563184,1.09801784618447,1.18556492594566,0.380586230819834,0.0208333333333712,-53.2395833333333,-82.4270833333334,-21.3541666666666,0.5,9.5,0,10,889.7,836.5,768.7,747.95,0.744280389426993,0.886327783612452,0.656970451232804,0.37862688945424,-1.12473225071187,0.377965768251923,0.282216147062508,0.944664746502767
"phase_014_subj_9",0.147,0.575,1.06106001913203,1.65600114136185,0.404452001579285,2.55431489766097,-71.8421052631579,-76.9787280701754,27.4787234042553,-112.9921582397,1,8.5,2,10,911.622222222222,776.55,879.3,857.65,0.592232522072902,0.223939770804854,0.130404265644479,0.156246395574423,0.297690761169097,1.12473225071187,1.59321881802305,0.446977591644011
"phase_015_subj_1",0.127,0.556,0.0727570912538007,-0.830692212478894,0.24491118511351,-0.634985806093058,9.78630447085459,1.34389454209065,27.768039189726,-10.0736842105264,5,7,2,8,989.25,998.5,963.75,1096.4,0.534744437793951,1.37850813628897,0.91342668439886,1.31010076771931,1.19374407410396,1.01280790587395,1.14659442872115,1.68625935994329
"phase_015_subj_10",0.545,-0.174,-0.531639429194833,0.678870109744681,0.357126955915369,-0.684234760256158,-17.3333333333333,4.47467105263161,-3.6875,43.3333333333334,2,9.5,0,9.5,835.85,685.7,790.7,696.55,1.35976123980012,1.23841187083313,0.999010903330017,0.989255497034896,1.01280790587395,-0.685205419039193,0.302862196628705,-0.392273603133574
"phase_015_subj_11",0.256,0.447,0.0107241936339144,-0.315037599300327,1.06813512668872,0.175774276612102,-11.4561403508773,2.68804824561403,-87.8872340425532,9.35926418439715,0,8.5,0,10,930.35,942.966666666667,822.45,862.5,1.07873968485003,1.18862020033637,0.45631850309199,0.530614506990381,1.56163630921496,0,0.955562154650348,0.95670589725859
"phase_015_subj_12",-0.937,0.455,1.27262280853988,0.322376417807241,-0.447531166063568,2.3480698650342,-14.1168859649123,-13.0625,-12.7063596491229,-92.5104166666666,1.5,9.5,0,10,1048.3,984.1,887.9,806.4,0.40564622405331,0.592228082070459,0.656168770172957,0.0324065997654422,-0.67032703269322,-0.125661346855074,0.478645154987032,0.589455797849779
"phase_015_subj_15",1.076,0.598,-0.240608533912131,1.77488818042236,0.577642344867805,1.06096310832873,-22.9270833333334,-60.9166666666667,-40.6770833333334,-79.7395833333334,5,4.5,5,5,820.1,809.2,773.7,732.05,0.174331215135299,-0.160516185708331,0.98762691235208,-0.376363410102146,0.677432060849771,0.593818067491385,-0.0974028115618475,0.593818067491385
"phase_015_subj_16",0.239,0.632,0.0383925096376218,1.01589351029437,0.453051216947754,1.17222453021493,-44.4782608695652,-53.2817469204928,9.95061590145576,9.04407894736846,4.5,6,3,7,877.8,862.45,833.75,810.25,-0.0996708919362216,0.0751292789664586,-0.454449629407826,-0.122259714764362,0.459768235158464,0,0.755005268054775,0.6152045839868
"phase_015_subj_17",-0.389,0.195,0.491900518107175,0.592284816059297,0.160481383941899,1.39203741954206,-14.2362588652483,1.88807624113474,-13.7773627617431,-68.6360815602836,0.5,9.5,0,10,1181.15,1172.9,1221.16666666667,1278.45,0.902464499495323,0.565267450910652,0.574731987964702,0.32206426062669,1.25325291581945,1.67878516676225,0.52341704141074,-0.667536613470076
"phase_015_subj_18",0.487,0.767,-0.468923898948579,0.653840004600746,0.188592568124572,0.105824107076026,9.76896929824579,42.1041666666667,-13.7471491228071,-54.5416666666666,1,6.5,0,9.5,972,986.444444444444,817.15,838.438888888889,1.51060639791,0.804280894181643,0.203443302900093,0.807106278292614,1.82807199723716,2.00385495559549,2.03017409335904,1.14727887118835
"phase_015_subj_19",0.368,0.673,0.24527293648683,0.577668666121335,-0.619556766951882,1.10826891144235,2.28815789473686,-32.0729166666666,-14.171052631579,-55.6842105263158,0.5,8,0.5,9.5,940.45,901.55,771.45,753.05,0.429870648053837,0.677421252925878,0.47427352749302,-0.00113851533582036,-0.0316493377550965,0.702673238571499,-0.223349441049209,-0.702673238571499
"phase_015_subj_2",0.467,0.786,-1.41808283462129,0.546027823913661,-1.4987735367575,1.00542717469768,-55.9479166666666,-28.3229166666667,16.9375,-49.2083333333333,3,8.5,0,10,658.6,643.8,562.75,661.6,1.6083149068403,1.4301484064475,1.06787157822333,0.703238971482988,1.81628297643997,1.77051497380655,-0.288574794730487,0.289169283788514
"phase_015_subj_20",0.535,1.022,0.455160548670604,0.387602941349884,1.21913232505138,0.0778615431640198,-5.30165484633562,-60.7204301075268,-10.1612903225806,-31.058064516129,3.5,10,0.5,9.5,932.3,750.25,840.15,748.4,0.343446987625425,0.95414382384212,0.850779735593058,0.788938132835383,0.510981813262642,0.275069473771035,0.229884117579232,1.46073751200567
"phase_015_subj_21",-0.028,0.648,0.787594987538785,0.968394086761759,0.982361679931336,1.06096310832873,10.6237938596491,-74.9875,-23.9583333333334,20.71875,1.5,9,0,9,907.5,919.75,846.35,895.811111111111,0.481715041676642,0.929141730559471,0.44214755146314,0.736198702256323,0.302862196628705,-0.201700629203814,0.488776411114669,-0.747858594763302
"phase_015_subj_22",0.433,-0.05,-0.997428774342735,-0.203689109293044,-0.801975510153708,1.42818964797038,19.5729166666666,2.91666666666663,70.4229166666667,-78.4791666666666,0,10,0,10,1033.3,965.25,1062.65,985.4,1.73168581495803,0.858958290152652,1.74513521763304,0.919136191993614,2.39271222171477,2.00385495559549,1.7712933122896,2.1332369515873
"phase_015_subj_23",0.177,-0.304,0.346147633360409,0.531126325145123,-0.899784136728214,-0.771576970892652,-16.1770833333334,-30.3723684210527,54.425979843225,55.90625,0,8.5,0,10,1017.3,918.35,1032.7,938.4,0.495924319344416,1.1256269965094,0.530593342169706,0.391485683712043,1.42175385590136,1.7712933122896,1.42175385590136,1.64485362695147
"phase_015_subj_24",0.237,-0.002,-0.215972542507757,-0.622143637456687,1.27180629431725,0.0164742472732506,26.7657210401891,3.94771241830063,18.690705487122,12.2293393057112,2,8,1,8.5,1031.2,1078.25,1044.2,1025.35,0.873367769298156,0.780719064582136,1.19969359704655,0.728010147018508,1.82807199723716,0.806616659770549,1.28041501885804,0.614437757969744
"phase_015_subj_25",0.504,0.13,0.606123515817981,-1.04949835353191,-2.11345640327756,0.618861565812427,-14.863829787234,8.01437587657779,20.0846441947566,-13.5155570807595,3,6.5,0.5,8,968.55,936.95,909.75,1003.3,1.17227708661131,1.47913566260501,0.481261619010062,1.42471091445814,1.38109440559315,2.05748387729672,-0.036423216901867,0.904373867775314
"phase_015_subj_26",0.622,0.68,0.685600455314633,0.149470548385589,1.02431549702828,1.57663769425912,-25.0876503237743,8.57060931899639,-5.9468834688347,-5.16353754940712,1,8,1,10,1219.3,1111.37777777778,1060.7,1029.5,1.09623123746795,1.65179382166636,0.952219974616439,1.16714498471976,0.5290677582123,1.59321881802305,1.30792310807535,1.28041501885804
"phase_015_subj_27",0.382,0.313,0.705475614822678,0.582021684411685,-0.567975547934507,1.50890196076383,-42.7291666666666,10.34375,19.9583333333334,-23.1041666666667,2,8,1.5,9.5,1221,1185.1,1164.7,1115.45,1.2562820480345,0.132807293136876,0.309909132238413,0.196327520832002,1.03643338949379,0.155436348828335,0.674489750196082,1.09680356209351
"phase_015_subj_28",-0.082,0.736,0.885965484038061,0.000332970409671507,2.24287954838455,0.0098678637211842,-57.6701754385965,-33.2126096491229,-47.4452850877193,-23.2410087719298,1.5,9.5,0,10,773.205555555556,720.4,658.85,680.85,0.548261015782376,1.26366035369525,0.521758842588773,0.163415514427806,-0.398370147904206,0.542631151017738,0.377965768251923,0.347127774137193
"phase_015_subj_29",0.576,0.592,-1.3356899820456,0.458114539115148,-1.14801399399708,0.860892917491347,74.7656798245615,5.88975540588444,-32.3333333333333,-124.864583333333,2,9.5,0.5,9,949.15,1000.35,845.7,967.35,0.838317043641508,0.560859197699958,0.153256078386155,0.286162059807455,0.36610635680057,0.392273603133574,0.425532250942805,0.667536613470076
"phase_015_subj_3",-0.204,0.131,-1.19951632923832,0.670039480100018,-0.486314495361726,1.63414479294056,-8.65252192982462,-41.1666666666666,-11.3105263157895,-41,8,1,0.5,5,982.9,995.8,1085.7,1110.3,-0.103161429566083,1.12708108638993,0.386616871839266,0.410716940612022,0,0.459768235158464,1.05981021660365,1.78429198425709
"phase_015_subj_30",1.137,0.866,-0.256883018606881,1.04282225647302,0.250504051333643,-0.105599419228152,47.4153846153846,53.5975948196115,6.10073260073261,-49.6151348651348,0.5,8.5,1.5,9.5,1025.6,908.788888888889,935.1,873.5,0.631348451216099,1.16077870757986,0.036860355226687,0.429125512007758,0.495847568081763,-0.179619834265949,1.46523379268552,1.19374407410396
"phase_015_subj_31",0.274,0.264,-0.252621579320366,-1.11973763507843,0.125082716447432,-0.383771163976538,31.5910546785632,-4.56808510638302,-3.22795698924733,-0.9375,1,5.5,0.5,5.5,835.145833333333,753.857142857143,804.833333333333,820.583333333333,0.318520718216783,0.737985801962974,0.752211924430983,0.48182743612442,0.36610635680057,-0.313972118460116,1.83134014948609,0
"phase_015_subj_32",0.909,0.932,-0.0430757711747924,0.147177299060155,1.96659429170473,1.30941144356375,47.7968201754386,-5.60416666666663,-48.3854166666666,-29.53125,0,8.5,1,10,1040.1,919.5,1096,925.45,1.14876618143718,1.44560180460671,1.04505910939149,0.976727369143258,1.32668767967275,2.78742519167841,0.945578241984534,2.72705501907869
"phase_015_subj_33",0.899,0.568,0.445943759563184,0.865723456306642,-0.399304937047486,0.124832566037541,-16.3229166666666,-16.34375,26.7559840425532,-55.03125,1.5,7.5,0,9.5,777.35,691.45,690.783333333333,667.6,1.12708108638993,0.977082230877055,-0.304591078184402,0.572433709719247,-0.977742712342534,-0.593818067491385,0.478645154987032,0.242905003413035
"phase_015_subj_34",0.494,0.49,0.258655895532,-0.694602323928454,0.296404748811661,0.995449374083116,-57.4030989824237,-38.6078098471986,-3.73312743079384,-11.8765617191405,1.5,10,0,9.5,1197.2,1211.8,1214.75,1106.7,0.269836204695612,-0.0239259218498837,-0.0386295078017809,-0.141826839812128,0.308383393395512,0,0.10310431934506,0.0603701725997241
"phase_015_subj_35",-0.244,0.259,-0.84141929984456,0.653840004600751,-0.0802579535151011,-0.352979858610348,-6.13896276595744,-17.4999999999999,1.09375,14.6808510638298,8,4,3.5,6,1150.55,1150.9,1217.3,1188.27777777778,0.685070826025758,-0.205521393069423,-0.122115359021518,-0.245892236009064,0.873519941618376,0.125661346855074,1.5191922800964,0.755005268054775
"phase_015_subj_38",1.049,0.847,-0.199138820999434,-0.732616409107661,0.772893466794853,0.660904330286715,38.8020833333334,28.6571271929824,-12.46875,-70.1041666666666,0,10,0,9.5,904.25,795.55,877,818.7,1.29765716156861,1.70755864249272,1.46028257100899,1.28312747225709,2.68128701644526,1.71092313968987,2.39271222171477,1.97853928443062
"phase_015_subj_39",0.8,0.588,-0.237949650389573,-0.060637426027792,-0.727631800874031,0.474074190487944,2.03125,-66.0625,13.3684210526316,-79,3.5,8,0.5,9,988.75,888.15,813.15,849.9,0.923472457518875,1.53352079668142,0.936734035636123,1.09922573741534,0,1.25325291581945,0.887146559018876,0.488776411114669
"phase_015_subj_4",0.488,0.531,-0.456815420118369,0.282788601293758,0.863419256559031,0.0552494886459529,-25.091995614035,0.495175438596561,-25.6145833333334,-50.0833333333334,1,7.5,0,8.5,786.8,785.85,689.75,737.15,1.11216141188885,0.183168381205261,0.739994378079221,0.104451526571615,-0.0516348089284224,-0.0974028115618475,0.0590982736705044,0.0974028115618475
"phase_015_subj_40",0.597,0.489,-0.0346599263167677,1.76869184920595,-0.713311255330399,0.957145582250064,-1.58333333333337,-34.0527412280702,22.9578947368421,-62.1912677304964,1,8,0.5,7.5,814.15,777.6,720.75,732.35,1.58651294998938,1.37661924828145,1.1074382140821,0.835814817584714,0.548828403341008,0.229884117579232,0.874096877522237,0.598450467847341
"phase_015_subj_42",0.341,0.112,0.469307474612147,0.248214404305081,-0.853484148691204,0.367646641140555,-0.0651315789473301,-33.4264254385965,64.8020833333334,-20.4731359649123,0.5,8.5,0.5,8.5,787.9,809.55,782.45,856.7,0.537656046847428,0.35100784970448,0.104873789740114,-0.0263059305519498,0.915445208744031,1.3186495365563,0.884918144444007,1.03643338949379
"phase_015_subj_43",0.155,0.202,1.60905439962935,0.939522197098722,0.697473461928839,-0.373554083945324,-22.1354166666666,-36.9687500000001,-16.7984649122808,18.1354166666666,2.5,6.5,1.5,9.5,978.4,820.35,767.05,880.5,0.232150299138029,0.596484518125089,0.731202374729009,-0.142989835356531,0.0974028115618475,0.624014441101246,-0.608420237457683,0.548050064857959
"phase_015_subj_47",0.056,0.265,-2.06284017509845,-1.079029698768,-0.733271208555962,0.070483236755317,61.5998903508771,12.5416666666666,-7.3125,-24.9946271929824,0.5,9.5,1,10,1038,940.4,1110.75,941.35,0.618255172034014,1.19585876290986,1.2516155859267,0.527504209346428,0,0.385320466407568,1.42234834495938,0
"phase_015_subj_48",0.189,0.957,1.44158695193605,0.821084172488946,0.14332354765736,-0.00497907069739112,28.4937531234383,-32.1839396019217,47.4864734299516,8.05711086226199,3,9.5,0.5,9.5,1098.2,1049.9,1061.6,959.3,1.38495675092716,1.1899624530119,1.40067889295771,0.537749233643577,1.12473225071187,0.432145113239608,-0.223349441049209,1.70163349106501
"phase_015_subj_49",0.886,0.759,0.808725975990299,1.38612379160766,0.68790824237649,-0.9405345443329,-58.6145833333334,-49.7530701754387,-19.6683467741935,53.4105263157894,0.5,10,0,10,1099.6,975.2,1050.25,991.45,1.43202688854471,0.718754692428564,0.947854116702543,0.248974316395929,1.7712933122896,0.814587415031005,0.770640932815135,2.1332369515873
"phase_015_subj_5",0.345,0.537,0.957906911119495,0.336221649731013,-0.134935167027733,1.15089859662701,-45.0472587719298,-30.2498903508772,-6.375,-18.6456140350878,0.5,10,0.5,9.5,802.55,790.1,713.9,750.95,0.450876154830701,0.00630390901377176,0.485576425429935,0.646229749532069,0.854882767915239,1.04445724362905,0.684745720764945,1.46612835793946
"phase_015_subj_6",0.253,0.738,0.613116412768637,0.090580947955909,-1.08204052948401,1.50732415329195,-3.65625,-17.1573464912281,16.8020833333334,-62.9270833333334,1.5,9.5,0.5,9.5,731.55,639.25,707.05,735.65,0.703773629470121,0.232082401015843,0.622990073206216,0.498572396508868,0.158294155907471,0.746766482459949,-0.488776411114669,-0.564432294125016
"phase_015_subj_7",0.386,0.423,0.477139162285223,0.0449517524952383,1.64045920844532,-0.0273159273466912,-50.7621746674379,-18.3678362573099,-74.3564560439561,-23.5050183598531,0.5,9.5,0,9.5,1247.15,1137.16666666667,1099.8,1178.7,-0.193200158694244,-0.313366117742929,0.830249750860552,0.0900870914262896,0.242184365645533,1.1560772158368,0.556785428529261,0
"phase_015_subj_9",1.001,0.422,0.1026941530904,1.08476962827289,-0.406616171915127,0.64672697072107,-30.7916666666667,-88.6578947368421,-1.42882187938289,30.8510638297872,4,5.5,0,9,999.2,910.95,849.7,912.6,0.392865743037816,0.694154779633603,0.00226222249673606,0.840394791994082,1.2815515655446,0.948949292353545,0.674489750196082,0.910772042638715
"phase_016_subj_1",0.265,0.733,0.86434866511339,-0.453859562857893,-1.12196314044898,0.912290432137251,-61.5052631578947,7.1368421052631,80.2210526315789,-71.2736842105264,5,10,3.5,10,775.4,677.7,860.9,625.3,0.368618443627768,0.352896374672964,0.525394088998891,-0.206976146341188,0.673595184942148,1.33731439261308,0.23264474672463,-0.510981813262642
"phase_016_subj_10",0.088,0.504,-0.305169735579143,0.579326942135174,0.205490886026462,1.89824057984079,-14.2395833333334,-47.4895833333333,-42.0833333333333,-100.052083333333,1,8.5,0,9.5,678.05,701.4,573.95,673.9,1.13976571267976,1.3459659534683,0.241117358104141,0.475432971687161,0,0.524400512708041,0.884918144444007,0
"phase_016_subj_11",-0.155,0.389,0.502713587348839,0.315037599300329,0.0107241936339144,1.26575515195257,-87.1770833333334,-75.4763157894737,-55.3506578947369,-46.5268640350878,1,9,0,10,783.85,712.961111111111,659.1,811.3,1.10030833265918,1.35336765130109,1.187357295947,0.836436106322647,2.2568724004289,1.65978189120762,2.97621294512369,1.45619797721637
"phase_016_subj_13",0.324,0.704,-0.519906849691906,0.538183838347615,-0.279546104818184,0.708504376904558,-25.1145833333333,-34.5833333333333,-6,-43.7604166666666,0,9.5,0,9.5,729.85,877,731.35,768.05,0.736468568715596,0.924453438093631,0.820577804138859,0.185799743520124,0.967421566101701,0.346560737606849,0.488776411114669,1.40845919749747
"phase_016_subj_16",0.253,0.034,1.31350768527572,-0.446130635631439,-0.151330079084222,1.27416602352198,8.30208333333337,24.9062499999999,2.69989035087724,-27.7270833333333,0,7.5,0,8.5,906.4,963.15,880.2,899.9,1.13636276819173,0.771545356895382,0.966043475925719,0.594876614587732,0.800151097051156,0.858109587399835,1.62588918734357,1.4957171895266
"phase_016_subj_2",0.338,0.131,0.85548500644611,-0.485579030764926,0.36093894553279,0.293039629653979,-62.6285948094459,37.2521500238892,-23.0366847826087,-58.7277412280702,1,6.5,0,8,913.2,1049.8,747.1,964.75,1.33130723957982,1.24001059663093,0.60433760636724,0.564737502684406,1.22064771575557,1.6906216295849,0.069011823392088,1.09680356209351
"phase_016_subj_20",-0.429,-0.209,1.72648963471887,0.306310368687827,0.381451208717073,0.396589520078331,-31.229609929078,-33.0315789473684,-46.7315789473685,-12.1260964912282,1.5,9,0,10,1051.15,962.25,971.5,872,0.500030576621471,0.684666939900952,0.457257380944597,0.15839263792905,0.229884117579232,0.667536613470076,-0.0725734329690615,-0.282216147062508
"phase_016_subj_24",0.268,0.13,0.0832919744868699,1.03201569617224,-0.191010802912293,0.43547534381536,-38.5717105263158,-29.0104166666666,-11.4912280701755,-31.2165336879432,0,9.5,0,10,835.5,971.3,879.3,814.35,0.874353651335374,1.04689210741726,0.701855286733192,0.789499732115557,0.363115064259595,-0.282216147062508,0.157310684610171,0.361943639297708
"phase_016_subj_25",0.172,0.207,1.46840233819326,-1.20720345426238,-1.34848226408681,-0.164619698898668,-65.9479166666666,32.1114035087719,24.0895856662934,27.6249999999999,5.5,7.5,1.5,9,967.3,850.45,900.7,767.8,0.59407884877104,0.55114929073863,0.907150751937815,0.777561761904784,1.64485362695147,0.204135331442211,0.589455797849779,1.36333470044382
"phase_016_subj_29",0.263,0.542,-0.350297395312254,-0.776870793904874,-0.979177546917148,1.15037078911786,4.60921052631579,47.8020833333333,51.452302631579,-28.125,3.5,9.5,0.5,10,745.75,679.15,687.05,599.6,1.01053835463584,1.38768006612468,1.39761169955491,1.01884954078568,1.04445724362905,0.210428394247925,0.948949292353545,-0.377965768251923
"phase_016_subj_30",0.745,0.57,0.328342116835672,2.03568772259123,-0.474777744163215,1.42948708873847,-31.9895833333334,-45.1770833333334,-1.65263157894742,-1.95789473684215,4.5,8,2,9,813.05,788.6,790,718.155555555556,0.8128267414494,0.608241037628306,0.853237826995866,1.26607730582329,0.747858594763302,0.6152045839868,0.259659119552493,0.242905003413035
"phase_016_subj_31",-0.066,-0.192,-1.01306557316664,0.443284876040626,-1.15223540321014,1.14409646426872,21.0736842105263,-5.58333333333326,63.5142543859649,-96.9571271929824,0,9.5,0.5,10,648.7,618.45,607.15,589.95,0.86472972848908,0.150666601482999,0.239476218377322,-0.322049446081918,0.791638607743375,0.729835874408705,1.31603912045142,0.36610635680057
"phase_016_subj_32",0.329,0.353,-0.715698775471664,-0.675203870741127,-0.653840004600749,1.04093354396436,41.6394736842105,-14.15625,-4.63541666666663,-17.6871220604704,0.5,9,1,10,880.15,839.15,850.05,779.8,0.302745001469236,0.7463120814939,0.318520718216783,0.608876085410926,-0.576534751048494,-0.859630794156464,-0.884918144444006,0.64608709572484
"phase_016_subj_33",0.576,0.717,-0.537574748945128,0.0793080970628437,1.38175669834909,-0.317349602711466,47.1358956760466,-20.8437499999999,-107.432151300236,60.2843262001156,1,9.5,0.5,10,629.05,597.4,608.85,599.1,0.246009097807042,0.0954296042051402,0.11039295533915,0.0683621089314677,-0.0850339523463032,0.459768235158464,-0.275069473771035,0.51797447718407
"phase_016_subj_34",0.399,0.68,-0.119536307721286,0.584174691548802,0.923452830897388,0.681814775150102,-8.16461366181409,-4.84375,30.8100877192982,24.6875,4.5,9,0.5,10,832.45,687.25,850.95,696.95,1.20623346090969,1.37514979842018,1.80656130051258,1.78282075047501,2.23430942480125,1.40253974629436,1.19374407410396,1.05981021660365
"phase_016_subj_35",0.012,0.966,-0.131299433675184,0.767569552425211,-0.274157206556032,0.220478930288471,-12.6842105263157,-62.90625,5.46875,-7.11041666666665,4.5,3.5,6.5,4.5,1133.95,1007.25,1006.25,959.7,2.41370765187275,2.44030002435634,2.44030002435634,2.58544493782775,3.3812432591698,3.33547525653637,3.33547525653637,3.3812432591698
"phase_016_subj_36",0.564,0.072,0.182927814274306,-0.456296152831049,-0.6825274395287,0.993745286854875,34.0104166666667,-41.7291666666666,-29.1433114035087,10.1890350877193,0,10,0.5,10,1106.75,1020.9,1001.85,997.3,1.38370510037554,1.57026985861627,1.55821962913051,1.46820511936947,0.770992558177177,1.10444240690838,1.09680356209351,0.392273603133574
"phase_016_subj_38",-0.182,1.093,-0.955627331188613,-0.408755336514492,-3.21789129049676,-0.834708815787987,59.2708333333333,3.33333333333337,42.8105263157895,48.1569078947368,2,10,1.5,10,887.15,754.1,771.2,706.8,0.508933299628081,0.674511997911174,0.306638373521574,-0.362248647473635,0.425532250942805,1.09680356209351,0,-0.229884117579232
"phase_016_subj_4",0.999,0.123,-0.578940747766761,-1.40830649235468,0.489101896041512,4.44089209850063e-16,21.9473684210526,-14.2133771929825,-24.7918882978723,-18.8125,1.5,9.5,0,10,720.55,634.45,714.1,633.3,-0.197308916402657,-0.146081034208562,-0.224167253514242,-0.0417757367110553,0.361943639297708,-0.593818067491385,-0.723200063483196,0
"phase_016_subj_40",0.545,0.617,0.676718164770951,1.35438388870439,0.429236329019093,2.21048923269096,-59.9270833333334,-63.2083333333334,20.3020833333334,-116.323464912281,1.5,9,0.5,9.5,981.427777777778,934.65,958.25,834.1,1.16861794893679,0.900634086627608,0.565526835394708,0.735925740372137,1.56496028272982,1.7712933122896,0.446977591644011,0.407877493917582
"phase_016_subj_43",-0.155,0.723,0.73014780056997,0.590026842053136,-0.788363875513375,2.0677104768015,-22.6515350877194,-44.6273026315789,69.7111436950147,-231.766483516484,2,9,0.5,10,888.15,827.25,825.4,675.15,0.586910806641111,0.383378763719246,0.7538836050523,0.533598024397117,0.853215019208097,0.104222770724158,1.46755747116798,0.977742712342534
"phase_016_subj_44",0.635,0.554,0.296214202160948,-0.25467403592633,-1.00305298919336,0.928952101507296,-74.1287185354691,29.7463967055594,25.4474262579525,-79.9677419354839,5,1.5,3,5,1296.6875,1194.25,1266.52777777778,1290.81666666667,0.65305539645966,1.15525869283563,1.16320709652733,0.591963125223561,0.974776264257346,3.33547525653637,0.362538128355734,0.510981813262642
"phase_016_subj_45",0.775,0.463,0.285610810318585,0.458915912659537,-0.628902393765709,2.1749757261031,-59.6290322580645,-28.6809654541295,-7.09814323607429,-188.869852941176,2,10,0,9.5,912.6,828.9,860.5,827.25,1.43892198585929,1.16488131766448,0.909661730996549,0.70371819508806,0.30723965078727,0.464061355948157,0.589455797849779,1.26394554804586
"phase_016_subj_48",-0.537,-0.585,-0.0544589687157897,0.92573509705388,-1.16957207691879,0.448405336970093,6.61524822695037,-24.7147105925419,48.7002192982455,-32.4296052631579,0.5,9,0,9.5,697.2,679.3,654.35,661.65,0.513521135978899,0.65689321958006,0.700128778632676,-0.13737634115058,0.598450467847341,0.459768235158464,0.819339915429011,-0.363115064259595
"phase_016_subj_49",1.258,0.503,-0.823862906648097,0.545857262400826,1.39523854385233,1.16087115735874,29.7266447368421,-50.2054824561403,-32.4435766836447,-69.3299342105263,1.5,9,0.5,10,690.4,643.9,653.75,588.25,1.08244716194504,0.487636639631361,0.652576621473095,0.626900154689605,0.648782202137326,0.361943639297708,-0.967421566101701,0.54765697837912
"phase_016_subj_5",0.52,0.411,1.19426282950389,0.137029647043833,-0.371835911895404,0.440278768853596,-66.8156028368794,-12.9741228070176,-4.05208333333337,16.8735745614035,2,10,0.5,10,662.05,619.85,620.5,609.05,0.512698320765721,0.528125240345104,0.873848077971261,0.311820065561373,-0.464061355948157,0.977742712342534,-0.648782202137326,0.702673238571499
"phase_016_subj_50",-0.202,0.158,1.41007618224553,1.52136534766398,-0.0743545100812311,0.593380023426112,-34.7052631578948,12.9388011896591,47.7393057110862,-94.887299771167,2,10,0.5,10,678.7,596.75,595.35,546.15,0.550545991160196,1.13566333228518,1.00148598208632,0.510521868875136,-0.210428394247925,1.31603912045142,1.04880102541608,-0.36708982809787
"phase_016_subj_51",0.367,0.448,-0.866460849227876,2.21484746089521,-0.757425605536098,1.2029487699506,79.5744680851063,-99.357894736842,-21.1458333333333,-40.3268640350877,1,7,0,8.5,1080.8,1046,917.6,1129.05,1.02321377958031,1.24142522287295,0.803542067550476,0.591743913051001,1.50922251048606,1.26631750707302,0.904373867775314,2.72705501907869
"phase_016_subj_52",0.225,0.218,1.00399738695273,-0.522843079277342,1.28936958869263,0.310278787714084,-34.8229166666666,60.6210526315789,-2.6264893001736,3.51573581560297,0.5,8.5,0.5,8.5,760.85,786.95,749.65,743.4,0.668915573537919,0.0401389836330172,-0.299933109193956,0.249029067863338,1.3186495365563,0.510981813262642,0,1.3186495365563
"phase_016_subj_53",0.224,-0.068,0.812833366119913,-1.4591364585842,0.646353556971271,0.421237314849202,-17.9886813808715,106.92777014652,25.509100877193,-0.882675438596493,4,6,1,8.5,957.65,953.8,887.3,1045.8,0.912098603278707,0.96922615562405,0.863570284294939,1.04162235097604,0.600855511026883,0.206560264052161,-0.202182809893596,0.385320466407568
"phase_016_subj_54",0.918,-0.146,0.658045709003346,0.309577441669844,-1.64045797045806,1.88860430301327,-65.5069078947369,4.56348684210525,57.0165865934569,-114.502463605823,2,6.5,0,7,1124.7,1031.4,1095.93333333333,976.3,0.454512801256444,1.23445822800402,0.961119489751918,1.13444792667288,1.49197995979253,1.59342252134856,1.15774496454394,1.0975749532668
"phase_016_subj_55",0.229,0.457,-0.372594273481619,1.2155841713536,-2.11892884923065,1.64623238049846,39.236559139785,-32.6203661327231,37.7827547592385,-50.6096611721612,1,8.5,0.5,9.5,870.95,851.8,646.55,714.05,1.79131760037001,1.43497600419913,0.84667332989483,0.369179638679967,1.75906017384508,2.31934337714755,0.524400512708041,1.06881830531501
"phase_016_subj_56",0.628,1.112,0.0798588111736485,-0.866750235729488,0.595787727375796,0.53545371976434,-37.4893617021277,20.0479283314669,-57.0624571036376,-13.7118421052631,3.5,5.5,0,7,984.4,1012.45,883.7,992.5,0.480419000153945,0.834817720071056,0.343374153216774,0.212385563519893,1.46612835793946,1.14727887118835,0.595748860655492,1.33731439261308
"phase_016_subj_58",0.429,0.871,-0.112210445962128,1.01018189605043,-0.145552515157359,1.38027931016574,29.0537634408602,-24.8598108747044,18.3578947368421,-86.0208333333333,1,5.5,1,7,673.15,630.65,606.8,649.2,0.42073092032919,0.0355609213972325,0.830249750860552,0.259096178131546,0.110733082598926,1.22568344249047,0.156554800207434,-0.282216147062508
"phase_016_subj_59",-0.258,0.319,-0.4898930438942,-2.13551197381594,0.643335407483301,1.55824854960231,35.9671524128046,74.2279569892473,4.34372357134225,-70.9988681380872,2,10,0,10,898.15,832,845.15,799.45,0.751029324521833,0.640408794977211,0.875921204282088,0.858147925595602,2.38485742576642,1.20184521847023,0.887146559018876,0.578087233666646
"phase_016_subj_6",0.357,0.452,-0.663978733325202,-0.732441432998145,-1.11004861720964,1.19647055048978,-37.4742907801419,33.7708333333334,-12.8729166666666,4.75,2.5,9,0,9,898.8,826.8,797.3,903,1.31367322326308,1.21306328729444,1.22935947010566,1.33212812125526,2.68128701644526,2.19360712418703,1.09680356209351,0.747858594763302
"phase_016_subj_60",0.168,0.645,0.464311243340019,1.23515502034699,-0.569379763665104,0.855242030737284,-33.761063950198,-38.1979166666666,48.7708333333334,-6.07872807017543,0,9.5,0.5,9,996.2,1080.35,1034,981.6,0.934862193716257,0.980946023954852,0.910952948132177,1.31789421517671,0.737537448522469,0.36610635680057,0.103455944707102,0.355545464434306
"phase_016_subj_66",0.322,0.794,-0.310572024315155,0.324839026234561,0.15088172562947,0.988082278649666,4.73913043478262,-1.83840985442328,14.7849462365591,-59.21875,3,10,1,8.5,839.344444444444,794.65,798.111111111111,696.288888888889,1.01392451228849,-0.189767214613866,0.72806080130522,0.410499598211869,0.308383393395512,0.244794781750415,-1.17256573285271,0.542631151017738
"phase_016_subj_68",0.666,0.581,0.392593131997265,0.753261958106585,0.0507262231974106,1.25055049419833,-20.5720044792834,-33.8745567375887,30.0530795072788,-84.2622620380738,0.5,9,0,9.5,856.15,752.9,756.9,638.85,1.21211176588738,1.15654028246729,0.920052371956073,0.942027703093973,0.967421566101701,1.45619797721637,0.302862196628705,0.715117144704853
"phase_016_subj_69",0.398,0.534,0.470527664002726,0.155622800189384,-0.399311638271319,0.582774940565006,22.6979166666666,-34.75,15.7937747594793,7.77938596491231,2.5,6.5,1,8.5,935.05,988.8,967.05,865.65,-0.349757660618796,0.3394112539019,0.00838621890042564,-0.280502251639806,0.887146559018876,0.385320466407568,-0.289169283788514,-0.488776411114669
"phase_016_subj_71",0.406,0.949,0.630592306210264,0.0583190636150643,0.592343678665672,0.665313658898556,-79.5141097424412,-4.04277715565502,-17.9617936398993,-78.8563596491229,0,7,0,9.5,820.4,854.1,724.15,790.25,1.03965763507584,1.14645890238516,1.34581986015483,1.24363082903546,0.718660528693901,2.03017409335904,2.68128701644526,0.806549271914557
"phase_016_subj_73",-0.068,0.808,0.824767694751326,-1.27829657692454,-0.483571204688802,-0.63035795707248,-68.2891447368421,41.8758771929824,13.3503289473684,24.3161184210526,0,9.5,0,9,850.75,984.2,708.8,955.55,0.556615076395228,0.345763204227843,0.356259865124023,0.359551258031011,0.308383393395512,0.29293181590562,-2.32575915209592,1.21783250859263
"phase_016_subj_74",0.146,0.283,-0.65384000460075,1.56849506820526,-0.80837186079223,0.773068872958148,56.5208333333334,-40.0501096491229,-23.2208333333334,-55.8854166666666,1.5,10,0,10,731.35,768.85,721.488888888889,657.15,1.36976441842269,1.19585876290986,0.6073209750189,0.495842156142437,1.32668767967275,0.622197247908228,0.746766482459949,0.219562971338399
"phase_016_subj_79",0.533,0.604,-0.440876875345028,-0.380471666044006,-1.55404552845978,-1.1289694098846,19.0678728070176,-3.78125,11.5122060470326,43.4560688405797,1,8,1.5,9.5,863.177777777778,708.270833333333,869.555555555556,791.15,-0.181221459334568,-0.197922111994988,-0.0217047477679473,0.12220974811418,-0.387194802189403,0.510981813262642,-0.685205419039193,0.904373867775314
"phase_016_subj_8",-0.055,0.209,0.78047781275714,-0.559956856750977,1.36944356991377,-0.243865089135136,-69.8829787234042,0.924731182795654,-82.6712649053075,-27.6744653196265,0.5,10,2,10,1123.06111111111,919.15,1015.85,971.95,0.817393962888836,1.34825973020016,0.817605869795824,0.829962640565806,-0.131202185168593,0.0822396655848836,0.607061815348519,-0.918729067826969
"phase_016_subj_81",0.529,0.704,-0.497618416784919,-1.61042990018929,0.83492570108878,0.512943501276068,41.7051511758119,111.831030701754,-28.7490131578948,-33.4359649122807,4,8.5,2,8.5,863.25,764.65,697.5,796.511111111111,0.0306467325654286,0.127286959656262,0.324330070648176,0.294268979800251,0.125661346855074,0.589455797849779,0.0850339523463032,-0.125661346855074
"phase_016_subj_82",0.765,0.746,-0.169357861049579,0.45629615283105,0.140402223617992,0.927997211156782,-40.4969298245613,4.125,-18.2194078947368,-29.3020833333333,2,10,0.5,10,758.35,599.2,660.75,618.65,0.660573902179173,0.737496731439665,0.429616831108523,0.287028006687228,1.19889026290412,-0.36610635680057,1.46523379268552,1.46612835793946
"phase_016_subj_84",0.943,0.905,-0.221355431633904,1.18982815966802,0.757449897867294,1.47032873212008,-11.15625,-123.09572368421,-44.75,-97.2273351648353,1,10,0,9.5,824.15,814.35,715.35,700.85,1.83074612862119,1.16867553815749,0.957334029224813,1.8286025169336,0.383146769916505,-0.70117913162537,1.07109325967828,0.336745582132752
"phase_016_subj_85",0.55,0.589,-0.204168220661739,1.63607027423088,-0.303143465861203,0.911661926599427,-35.6285229202037,-128.320652173913,46.1894736842106,-66.8457661290322,0.5,7,0.5,7.5,988.6,1153.3,856.35,1148.05,0.457404220944018,0.596956876196793,-0.144584641894257,1.4886919815174,-0.674489750196082,0.125250661965157,0.674489750196082,-0.695054040341283
"phase_016_subj_86",0.86,1.187,-0.7404349478186,0.969415473051686,0.242747347714823,0.722146848472737,16.157894736842,-44.8930571108622,-14.0729166666666,-92.4571271929825,1,8,0,9.5,1058.4,969.3,941.85,965.5,0.496257414476562,0.79974897273057,0.155214149233598,0.674316228991212,-0.125661346855074,-0.0733688445672204,0.95670589725859,0.806549271914557
"phase_016_subj_9",0.259,-0.015,1.14554735395514,-0.328874221575491,0.330594351884033,1.52127369230024,-5.98958333333326,19.0516447368421,-1.37088465845466,-104.21875,3,10,0.5,9.5,775.75,702.45,729.6,648.35,1.58112179524594,1.58633873305487,0.594047992614508,0.937612604494496,0.157310684610171,0.791638607743375,1.19889026290412,-0.175782958358327
"phase_017_subj_1",0.167,-0.302,0.581842744313361,-0.0361442217926569,-0.632230594441747,-0.116638223624693,-28.3279955207167,-11.384530141844,-12.1195246179966,-26.9479166666666,1,9.5,0.5,9.5,1265.1,1235.6,1223.2,1196.95,1.0115569708348,0.84625636331464,0.657591591799195,0.739742416611642,0.841760219246627,1.16801418755198,1.46612835793946,1.81633669141505
"phase_017_subj_10",0.255,0.332,0.0740790205677881,1.00182594529915,0.908077816943087,0.0995957566133687,-52.5236787920385,-33.1768763151741,-55.461951754386,15.6662234042553,3,9,2,9.5,906.527777777778,830.55,850.35,753.25,1.54478649694008,1.66875466746096,0.820981483985345,0.727842878441928,0.210428394247925,1.0975749532668,0.799884192097703,-0.791638607743375
"phase_017_subj_100",0.293,0.417,0.350253707025483,-0.762254756409481,0.573564997517924,1.43841780696869,-63.4375,-40.03125,2.39583333333337,-19.5239035087719,1,9.5,0,9.5,1035.1,975.35,926.45,1012.8,0.746997393994422,0.850337878503628,0.642817128525376,1.11869927999355,1.04059610699665,1.16326616131075,-0.331465726504499,2.62965220751684
"phase_017_subj_101",0.524,0.587,2.10016415498013,-0.553908211126832,-0.532792614668795,-0.601789407251988,-54.03125,-19.2083333333334,9.10926418439715,-30.0520833333334,3.5,8,0,8,1009.8,809.85,853.3,828.2,0.457257380944597,-0.365516254112151,0.893015720422076,1.20743204522411,0.630099805602438,-1.16801418755198,0.472789120992267,0.422313811897432
"phase_017_subj_102",0.382,0.448,0.382405514095486,-0.360850171584391,-0.20192319131358,-0.312026571143048,15.7604166666666,-31.90625,2.27083333333337,-4.86600877192984,1,9,2.5,9.5,799.25,771.15,829.3,722.3,0.513775700880009,1.14672204624279,1.0189663767983,0.328548423345581,1.04445724362905,0.488776411114669,0,1.62254447729569
"phase_017_subj_103",0.176,0.154,-0.815578645911688,0.456419259723419,-0.0642791934158709,1.35481354675049,-10.9375,-3.875,5.03739035087722,-82.0304824561404,0,9,0,10,970.55,923.75,875.45,873.95,0.431944584505269,0.56276591859782,0.811678535143274,0.255896850260936,0.463794450994704,0.598450467847341,0,0.548828403341008
"phase_017_subj_104",0.108,-0.105,-0.488345102015839,-1.62210264607288,1.74022692571082,1.44951109303515,-43.7112938596491,74.924451754386,-16.6436170212766,-10.3936170212766,2.5,6.5,0,8.5,843.55,867.9,858.35,844.3,1.16988208154615,0.435774767000919,1.07939703528656,0.878766921533397,1.76831459350821,1.19889026290412,0,1.20789835161548
"phase_017_subj_106",-0.16,0.105,0.394079471782046,0.483819369573061,0.0269217951115261,-0.318653811609401,-34.314254385965,-50.4479166666665,34.7832446808511,12.6032894736842,4,3.5,0.5,8.5,1007.2,939.35,795.95,879.35,1.24878650117062,2.21250547004345,1.09264752897275,1.19686064067195,0.622197247908228,1.22246490894859,0.116666676857511,2.19360712418703
"phase_017_subj_108",0.774,0.365,-0.27544423949683,0.523942691580986,0.103063674344724,0.137394450843658,-48.7187499999999,-55.5042763157895,-85.3295981890209,4.06538120567382,1,7.5,0,9,1335.8,1275.05,1236.8,1242.4,1.41648252416672,1.17042950944037,0.882400596626481,0.538521239810687,0.387194802189403,1.36263747988896,-0.157310684610171,0.204135331442211
"phase_017_subj_111",1.039,0.894,0.182711692969479,1.17867002281787,0.46516686746177,0.621453491236205,15.3229166666666,-62.3958333333334,9,-20.3958333333334,2,6.5,0.5,7.5,1035.4,939.9,920,991.75,0.696261286511335,0.8128267414494,0.616341475499474,0.693863675174878,1.44021068709397,0.229884117579232,0.229884117579232,-0.125661346855074
"phase_017_subj_113",0.537,0.273,-0.312878407908536,1.06941256559969,-0.563999280891166,1.36804139049222,20.0104166666666,-7.08333333333326,9.55208333333326,4.86458333333326,1.5,10,1,9.5,787.75,670.5,745.5,682.4,0.639432132008671,1.03861012031507,0.307046699586861,-0.279429182307882,-0.754217242431281,-2.34107741278635,-0.910772042638715,-0.282216147062508
"phase_017_subj_114",0.619,0.728,-0.208268045403612,0.416726870585461,0.316692526732544,-0.41570537802034,4.39780701754376,-60.3938596491228,18.5173611111111,68.7868980963046,2.5,8.5,0.5,9.5,1019.4,854.5,801.25,825.366666666667,0.834317504316998,0.996949638580604,0.881840711442932,1.13616189845438,0.601315209301132,0.228009781797397,-0.185713339081412,1.04445724362905
"phase_017_subj_115",0.175,0.461,1.18562613041937,0.31422724794949,0.309219531107158,1.90349287182104,-79.9791666666666,-0.78125,17.8958333333334,-80.6770833333333,1,7,0.5,8.5,1069.25,995.5,1056.85,998.6,0.161450300270401,0.776756418210583,0.632306107389934,0.382433108944416,0.563644268501522,-0.282216147062508,-0.362538128355734,1.30530116317733
"phase_017_subj_117",0.282,0.251,0.441548139105267,2.98453379341351,-0.166617689588356,0.286720520379324,6.87142048670057,-125.533023049645,39.8855226641998,-26.7218528368793,2.5,9,0.5,9.5,1134.15,998.25,998.55,980.077777777778,1.32087758382837,1.24538812041507,1.63937097303029,2.09686190791305,0.961565532106937,2.39271222171477,0.622197247908228,0.819339915429011
"phase_017_subj_120",0.268,0.122,0.470875932402399,-0.678061479490452,-0.649974735153874,-0.329252964663914,28.6681922196797,6.19903691813806,-12.2721396250807,26.5462242562929,3,7,0.5,8,1077,1036.45,1011.1,1000,0.711101446481098,0.858949554423287,0.633119900774737,1.21776769151426,1.82807199723716,1.16936270608138,0.717794025529414,1.25190439729004
"phase_017_subj_122",0.551,0.249,-1.06404055800378,2.06172849409724,-0.554252554924237,0.865161286419644,40.275587905935,-122.833333333333,2.02105263157898,-101.610526315789,1,10,0,9.5,917.65,760,801.95,835,0.84739355695943,0.710229242470818,0.0442011965982614,0.235916132668438,0.314129999442899,-0.708504376904557,0,0.791638607743375
"phase_017_subj_123",0.623,0.071,0.057158646870654,0.318112194389106,0.00598009658998011,0.725730486815485,-34.8656914893617,-11.78125,-2.30089585666303,-1.20833333333326,0.5,8.5,0,8.5,952.4,937.05,865.35,891.1,-0.115160474434793,0.161450300270401,-0.0279153656895203,0.363334823746137,0,0.711483095685946,0.275069473771035,-0.275069473771035
"phase_017_subj_124",0.838,0.696,0.305465053476434,1.16244373461483,0.319695632392982,1.27999453379654,17.4951956074125,-52,-47.7604166666666,-70.8399822695036,2,9,0.5,9.5,820.9,976.95,834.1,841.65,0.8128267414494,0.231354621868115,0.500714408350192,-0.436541760844473,0.229884117579232,1.19374407410396,1.18301764562301,-0.204135331442211
"phase_017_subj_125",0.334,0.239,0.468968556920275,0.0894080923282978,-0.244854506801661,-0.702143486691136,-12.7101903695409,-2.14007092198574,27.4753389434314,51.0394646533974,3.5,7,0.5,10,1001.7,892.35,897.05,854.6,1.24119312278787,2.1076721539677,0.222094090234824,0.657600111374059,2.13363003806614,0.819339915429011,1.94198798811938,1.38299412710064
"phase_017_subj_127",0.444,-0.208,0.453979369935228,-0.466070975360308,-0.688473924524585,0.211890396224691,9.90425531914889,26.4460028050491,14.8538766270515,24.9436403508772,4,7.5,2,9,1029.15,923,989.45,948.8,1.11060434696634,1.06454721908299,1.3110862671971,0.429109606066254,1.59321881802305,0.582101099694134,0.674489750196082,1.43590813341288
"phase_017_subj_128",0.186,0.035,0.0749287575189628,-0.339060365476098,1.26253944540018,-0.566698978250844,-5.42708333333337,45.8125,-49.5378289473684,-42.6458333333333,2.5,7.5,0,8.5,901.85,834.2,796.5,715.077777777778,1.16240060117962,0.434010335279692,0.912039747899129,0.180765609642364,1.41496950937224,0.95670589725859,0.754217242431281,1.07823220896445
"phase_017_subj_130",0.442,0.567,2.16377311521784,0.36774735069166,0.431120703765353,2.10357692038252,-138.642218449349,-3.68421052631572,18.1661835748793,-46.0293255131965,3,6,5,5,1250.1,1047.2,1141.15,1146.45,0.286148826409077,-0.214940601769685,-0.527712939234876,0.150109567384083,0,0.361943639297708,-0.67743206084977,0
"phase_017_subj_132",0.645,0.806,-0.392251237328441,1.86875806670201,0.261457832714044,1.14131316107767,18.4669652855544,-88.7872340425532,6.11881298992148,-48.5698924731183,0.5,9.5,0.5,9.5,1291.35,1241.2,1195.85,1122.45,0.769300507593846,0.121954914358753,0.325850940743113,0.547716775096534,1.41154707172692,1.38299412710064,0.464061355948157,0.977552822229339
"phase_017_subj_133",0.769,0.364,0.292158458788718,0.773378009258718,-1.67682210408547,0.658710139443822,5.14583333333326,-26.3776595744681,49.4576754385964,-68.5466008771931,0.5,10,0.5,10,800.35,741.15,752.65,710.05,1.63239174099116,0.391958022586833,1.34825973020016,1.2090255201275,0.732212713601139,1.95604131574068,0.58121021349545,0.676718164770951
"phase_017_subj_134",1.234,1.034,0.545835828716069,1.43071079850562,0.1975438517697,0.348670269021606,-16.8221724524077,-14.8229166666666,-23.8421052631579,-72.0833333333333,0,10,0,10,662.35,650.7,535.7,544.55,0.598635572286889,0.564737502684406,0.0587039150375102,0.0171652793647405,0.219562971338399,0.942763034821596,-0.593818067491384,-0.593818067491385
"phase_017_subj_135",0.269,0.523,0.284662431825481,-0.732780086110221,1.93758563771463,-0.132110859888345,37.1344086021505,23.150873655914,-108.820268756999,-19.5957446808511,1,10,0,9.5,762.95,798.45,771.9,760.716666666667,1.16320709652733,0.390694799621473,1.0143895581763,0.972838307163004,0.125661346855074,0.800151097051156,0.478645154987032,1.81628297643997
"phase_017_subj_136",-0.23,0.753,-0.274157206556031,0.776870793904872,-0.274157206556032,-0.0107241936339144,-33.2768640350877,-66.90625,12.6666666666666,-30.0078947368421,1.5,9.5,0,10,1058.5,965.05,968.75,915.2,0.014491834182092,-0.338322276532563,-0.00138360909991808,0.0121538030371392,1.09680356209351,1.4957171895266,-0.0159872901224021,0.201700629203814
"phase_017_subj_14",0.122,0.32,0.732917146994388,0.714074462965901,-0.349130847071005,1.1375913672718,-5.54277482269504,-33.9106182795698,8.02802562342708,-7.21184210526314,1.5,9,0.5,10,810.2,762.5,757,752.8,0.923265597913676,0.36831743381531,0.597181482406354,0.748511958839838,-1.56959268308578,-0.51210026464174,-0.974776264257346,0.0874686545846997
"phase_017_subj_141",-0.476,-0.155,-0.275412134899671,0.509682490456903,-0.805383663852686,1.94770834475976,-11.0323581560283,-25.6967741935484,-1.31842105263161,-60.7578947368421,0.5,9,0.5,8,1134.2,1118.85,933.1,881.127777777778,0.3830199091355,0.28331598171904,0.136356688013433,0.481783703395914,-0.362538128355734,-0.800151097051156,-0.052332029483276,0.282216147062508
"phase_017_subj_142",0.246,0.066,-0.169357861049579,1.53247786977682,-0.0321323824732898,0.668426957584711,-29.4069078947368,-41.9791666666667,48.3426773455377,7.681798245614,1.5,10,0,10,1056.1,988.35,913.027777777778,960.4,0.410873091543518,-0.376363410102146,0.00496333008363707,-0.0112078587909552,0.598450467847341,0,-0.282216147062508,-0.125661346855074
"phase_017_subj_144",0.037,0.845,0.593480832182397,0.689333885667451,-0.495042118652788,0,-61.8411184210527,-63.1263157894738,16.8240055504164,-30.7083333333334,1.5,10,0,10,789.05,859.35,774.15,759.3,1.03560036722259,-0.245850545434043,1.33015822077384,0.498688323945941,0.859630794156464,-0.723200063483197,0.970363876755391,0.593818067491385
"phase_017_subj_145",-0.164,0.602,0.834649973382186,0.679851153408118,-0.807640707809362,-0.00986786372118509,-7.65186403508767,-47.436170212766,23.861366181411,-2.6641447368421,2,6,1.5,9.5,1308.6,1128.35,1038.66666666667,1026.55,0.724951364117066,0.406882571918523,0.75722666107154,1.08447244693023,1.46523379268552,2.08199522913772,1.16936270608138,1.42175385590136
"phase_017_subj_149",0.673,0.511,0.654972021597292,-0.0896469860857803,0.548894559664812,0.170637115583869,-53.8484042553191,2.59574468085111,3.40934320074007,-71.4623740201567,1,8.5,0,8.5,847,748.5,704.066666666667,713.05,0.915823266899108,0.870173150516614,0.294972714814669,1.12224867487011,-0.053117709637754,0.955562154650348,-1.17784996034963,1.46523379268552
"phase_017_subj_152",0.783,-0.466,0.244146172929404,0.183871386363871,-0.247153257101338,0.546601564542716,-58.0631578947368,-5.03399122807025,-28.8098684210527,-11.4663377192982,4,10,1,8.5,860.8,697.8,773.85,673.205555555556,0.480070229031323,1.17128002448568,0.861568011158404,1.05015857522635,1.74454893860047,1.95604131574068,0.831800434806252,0.955562154650348
"phase_017_subj_153",1.136,0.912,-0.392830399789099,2.0496998415107,1.31865133050017,0.753053135397489,0.118870376934979,-97.712585812357,-7.22189638318673,-13.4250537891465,2,9,0,8,810.3,780.65,794,890.05,1.13239748093442,0.421475909578547,0.520810573604372,0.590077334499771,-0.157310684610171,1.16326616131075,-0.524400512708041,-0.100679386735109
"phase_017_subj_154",0.57,0.263,0.607161336513179,1.51232482576481,0.355844545780663,0.871057913229309,-37.8693236714977,-32.5139479905438,-52.4152801358234,-62.7271080928126,1,7,0,9,912.1,1063.55,857.85,887.25,1.195003651814,1.67793962150107,0.426349489322007,1.2789909133533,0.674489750196082,0.103455944707102,0.962912201580226,1.04059610699665
"phase_017_subj_156",-0.146,0.495,0.21046498787857,0.0302179590185228,-0.540567552808843,0.238127163084959,20.03125,-31.3125,56.2258064516129,-64.3778812056738,1.5,7,0.5,9.5,938.25,1026.4,945.8,901.9,1.46404158069825,1.0568467119834,1.09143459945635,0.592536192781812,0.814587415031005,1.64485362695147,1.15774496454394,1.22246490894859
"phase_017_subj_157",-0.067,0.176,0.128917416819548,-0.576999938543682,0.406373121580669,1.72848393269458,-99.467032967033,52.3330882352941,118.796811271784,-113.36077122729,2,9.5,0,10,854.461111111111,688.85,713.5,755.85,1.02787110091445,0.781692761530506,0.721767616625212,0.245752005417687,0,0,-0.29293181590562,0.737537448522469
"phase_017_subj_158",0.7,0.742,1.36236502064651,-0.935698712259514,0.182051406052863,2.41716084436878,-110.790658602151,48.1046294131401,-39.0096304591265,-49.28125,0.5,9,1,9.5,871.65,803.95,812.6,821.85,1.46555985880197,0.691188443049359,2.07325123705676,1.03938072906029,0.604930411956368,1.60019092950898,0.667536613470076,1.74744993974803
"phase_017_subj_159",0.043,-0.246,0.295223477144009,0.920176263452462,2.12401298344389,2.34598611613739,-26.78125,11.0297149122807,-1.94462719298258,-84.8854166666666,2.5,9,1.5,8.5,980.7,843.6,814.9,761.866666666667,1.49841994701285,1.25873067873242,1.51614770272556,-0.432184911968734,1.56959268308578,0.251322693710148,1.62588918734357,0.800151097051156
"phase_017_subj_16",0.349,0.386,-0.189517709907658,-0.301777539250108,-0.557783001420586,0.768320177370425,24.739247311828,-3.42137096774195,91.0207236842105,-20.9687500000001,0.5,10,0,10,855.3,773.4,780.6,761.1,0.906730324779417,0.255075230312743,0.947854116702543,0.582276361560587,0.103104319345059,0.755005268054775,-0.754217242431281,0.0874686545846997
"phase_017_subj_160",0.463,0.471,-0.682795642032335,0.945017596507235,-0.474395800602242,0.531315676413274,-14.5520833333334,-61.25,-3.09375,-19.3958333333335,3,9.5,0,7.5,655.45,637.65,573.8,635.5,0.841690950230509,1.0355142805262,0.330879311319391,0.330879311319391,0,0.917299954598449,0.810110881491531,0.432145113239608
"phase_017_subj_161",-0.16,-0.407,0.482581431646951,-0.343045702704093,-0.054055958316451,-0.598914584788106,0.227559607293188,-2.25268817204301,-6.18279569892468,14.145896656535,4,7,0.5,8,1008.35,996.75,918.25,978.65,1.28369247486532,1.63389591797423,0.878960216684646,1.32796253716922,1.63500515378218,1.30723195634144,2.43265535878722,0.282972031465245
"phase_017_subj_163",1.109,0.681,1.06377427898956,-1.09648485169287,-0.0568530568779329,0.124832566037541,-26.9607456140352,2.80186403508776,48.6421052631579,20.8421052631579,2.5,9,0.5,9,912.55,865.95,946.05,815.65,0.580989316016455,0.151140151742721,-0.09350145792961,0.221305584906784,0.6152045839868,-0.104222770724158,-0.10310431934506,-0.282216147062508
"phase_017_subj_167",0.561,1.067,-0.195555778158637,0.95614772455595,-0.604289410224351,1.00738638156412,29.0104166666666,-68.8162374020155,-20.1469414893617,-62.378947368421,4.5,5.5,6,4.5,1250.2125,1192.55,1163.2,1066.78888888889,0.56289824960459,1.04710050730599,0.499654908517674,0.208112253358497,0.318639363964375,0.607061815348519,0.182927814274306,0.29293181590562
"phase_017_subj_168",0.648,0.869,0.688876951732051,0.998561155430604,0.93502916766112,1.0767709530469,26.4702127659574,-42.4479166666665,-29.4490481522956,-46.0095076400679,0.5,9.5,0,10,865.9,790.65,772.4,765.1,0.427399003907241,0.912772363675745,0.732656464609544,0.430725624354995,1.50922251048606,-0.242905003413035,1.17206450595921,0.51797447718407
"phase_017_subj_19",0.554,0.707,-1.26740092568085,1.52162219624273,0.0735690234024116,-0.949128199608292,49.6757535460994,-55.5263157894736,38.421052631579,48.0048245614034,1,6.5,0,7.5,902.15,1052.65,861.55,941.3,0.960842764732107,1.69258826429498,1.16075590913313,1.78951789692397,2.02289695546722,1.53412054435255,0,1.78429198425709
"phase_017_subj_2",1.017,0.713,-1.78461967543032,2.65695271625469,0.536694266806243,-0.0203269603819001,75.1595744680851,-105.726315789474,-46.0245295698925,-14.5870295698925,2,9,0,10,927.15,827.6,783.15,790.95,1.58886380226904,0.636911330185435,0.482018671068895,0.865690817120751,2.05852105706059,0.734828906955965,-0.967421566101701,-0.069011823392088
"phase_017_subj_21",0.62,0.469,0.308149179835958,2.08575768758982,0.355307032614759,0.441279108246108,-20.6838635049162,-120.897482837529,-18.911111111111,-37.8330148112759,0,10,0,10,840.1,678.3,844.2,712.2,0.0410242541629229,0.261014507919137,0.730368756002833,-0.320226771734402,-0.100679386735109,-0.289169283788514,0.858109587399835,-0.104222770724158
"phase_017_subj_22",1.567,1.293,0.496784169447874,1.66513534016386,-0.842407421621033,1.31796644461979,-62.9089095744681,-92.5329519450802,10.3429974281039,-18.7973124300112,1,10,0,9.5,833.95,669.1,792.95,645.194444444444,1.47173869690105,1.05572222439458,0.519143403366653,0.33907466389739,0.156554800207434,0.385320466407568,-1.36333470044382,0.190572973929759
"phase_017_subj_23",0.006,0.044,0.984053821484365,0.257611712943339,0.736705656416281,0.94697358327573,-33.2631578947369,-33.7582236842105,-26.5833333333333,-45.1573464912279,1.5,8,0,9.5,909.711111111111,945,809.85,891.4,0.45538965300746,0.39628083706133,0.458910890237632,0.18002883211691,0.0874686545846996,-0.052332029483276,0.407877493917582,0.747858594763302
"phase_017_subj_24",0.586,0.4,-0.96282128466392,-0.582448627972887,1.48730605083933,-0.141546394624882,9.095744680851,12.0476969838671,-87.1054258241758,-68.1796400187003,1,9,0,10,1261.05,1130.8,1185,1074.35,0.206988409503988,0.275170694601972,0.648524406202438,0.356319505562704,0.124905462452338,0.845360223259748,0.945578241984534,1.46073751200567
"phase_017_subj_27",0.508,0.267,0.532563330868534,-0.0994174923537141,0.134120206758473,0.652912287789591,-27.2779605263158,13.6736842105263,-4.4548245614036,-67.3823464912281,1,8.5,0.5,9.5,1284.65,1069.9,1080.15,1074.85,-0.186866221810756,0.385059806240958,0.180051678292085,-0.0478297884463787,-0.361943639297708,-0.242905003413035,0.589455797849779,1.22246490894859
"phase_017_subj_29",0.564,0.788,0.295900230281719,0.89930977622883,0.496857465553452,0.192071950116036,-8.39361702127644,-66.0290033594625,-36.9419932810752,-7.22324561403514,3,6,1.5,8.5,841.9,931.4,986.9,932.15,-0.14990848346071,-0.268000015913236,0.107729224901579,-0.0205657644538942,-0.210428394247925,-0.240445009945496,-0.385320466407568,0.355545464434306
"phase_017_subj_3",0.904,0.907,0.379779988811702,0.779643593871149,-1.47140818167546,0.56862993202276,-122.679714912281,-96.2631578947369,5.58510638297878,-50.5263157894736,4.5,5.5,0.5,8.5,1007,1026.55,948.8,1010.9,1.37863364826273,1.00541436794254,1.43853405410332,0.787659174904748,1.92706977401398,2.38485742576643,0.746766482459949,2.05748387729672
"phase_017_subj_30",-0.102,0.316,-1.51800008191412,1.35766654236379,-0.866866017878611,-1.70077859863499,18.8340053763442,-187.858662280702,-19.7966140471287,53.6927211646137,0.5,10,0,9,970.8,887.2,909.35,930.9,0.499187780979997,0.949707495013365,0.542089528921511,0.694968889505245,-0.150089237488041,-0.915445208744031,0,1.64765792234517
"phase_017_subj_31",0.233,0.764,0.672984194836199,-0.261884273528071,-0.540912387215559,1.37161775252152,21.6977756286268,-10.405998868138,-25.5698924731183,-28.3152173913044,3,5.5,0,8,1070.5,1027,857.05,981.65,0.608372179221032,-0.0224098879631385,0.35100784970448,0.73262025094086,0.103104319345059,0,-0.125661346855074,0.674489750196082
"phase_017_subj_32",0.715,1.177,0.473502835059149,1.3476471195056,0.511550310865569,1.33309824559935,-25.5,-46.2291666666666,-18.4398415393322,-45.9949596774193,0,9.5,0,10,756,806.35,706.3,770.7,0.6942868782745,0.359940861500767,0.964141197981896,0.610366178587261,0.625948867667967,0,0,-1.07112317129668
"phase_017_subj_33",0.178,0.416,0.03190753469679,0.827659991060561,-0.724970375901994,0.372728877438498,-26.3333333333333,-33.5208333333333,-6.92138857782754,15.7604166666667,0,9.5,0,9.5,973.85,957.05,1023.94444444444,1011.55,1.1669131103233,0.932920571862598,0.832219193314731,1.1279288028099,1.30792310807535,1.46523379268552,-0.205761148743666,0.755005268054775
"phase_017_subj_34",0.349,0.349,0.647730967935654,-0.30483676516947,-0.201257327225789,-0.032590042930905,-27.2340425531914,-32.3157894736842,40.523097826087,6.15197368421047,1,9.5,0,10,904.7,719.95,773.7,774.15,1.27163169100708,1.09177910209696,0.373703874951782,0.80252489278705,1.85275990831692,0.100679386735109,-1.32369215010462,-0.210428394247925
"phase_017_subj_36",-0.361,0.294,1.04666750928592,0.677268799162691,-1.14938967383164,0.379925222704874,-38.2086622807018,-5.19382151029754,21.8075150655795,-61.645235892692,0.5,10,0,9,972.3,951.95,863.55,889.2,0.284847119651667,0.249374938604589,0.231842188426675,-0.228131906153281,1.45619797721637,-0.251322693710148,0.589455797849779,0.407877493917582
"phase_017_subj_38",0.195,0.296,-0.492173239202947,0.477027218387348,0.28454165424798,0.519907016606345,41.4013557737261,34.2129032258064,-21.8982456140351,4.38878718535477,1.5,6.5,0,8,952.05,893.9,869.4,1037.45,0.696617702791114,0.447580955894903,0.320862020368774,-0.533665544557372,-0.125661346855074,0,-0.104222770724158,0.674489750196082
"phase_017_subj_4",0.092,0.064,1.14092258591503,-0.205578459698244,0.2256192372778,-0.193468656524297,-51.5220604703248,21.2734929078015,-21.9186191284663,-40.7162316849816,1,8.5,0,10,875.45,840.25,768.5,784.95,1.04546764816099,0.0316452576472602,0.359760825892941,0.746393794569968,0,-0.674489750196082,0,0.993129114160457
"phase_017_subj_40",-0.063,-0.141,0.953993789695204,0.152057541068152,-0.38364463460252,-0.772595392667958,-50.1587719298245,-0.00465425531911023,5.58442004118046,67.6463386727688,3.5,6.5,0,9,963.5,873.9,839.4,868.8,1.01417781848693,1.26918349381661,1.26839157531794,0.823632180827006,-0.0159872901224022,-0.718660528693901,0.331465726504499,0.240445009945496
"phase_017_subj_41",1.029,0.47,-0.45543244750689,1.94628141204236,0.55027466751001,-0.54155569282656,-13.4519736842105,-46.9791666666666,-25.0065789473684,-13.7889254385965,1,9.5,0.5,8.5,848.3,752.35,922.188888888889,764.05,1.0572040819192,0.441796750754372,0.704412279667039,0.0766280391930774,-0.331465726504499,0.674489750196082,1.62254447729569,0.117148857547293
"phase_017_subj_43",0.536,0.443,-1.18682838593394,0.651915794624598,0.306745314888363,1.29599227614337,-0.194370567375927,-38.0093800045756,-25.0275475923853,-16.9473684210527,1,8.5,0,7.5,834.35,764.55,700,908.55,1.53371571206354,1.9570023762421,1.57866218338356,1.03272991855999,0.674489750196082,0.229884117579232,-0.792775154429931,0.746766482459949
"phase_017_subj_46",-0.214,0.139,0.329242458300012,-0.427967989351552,-0.369449161373684,0.118166445523841,8.98958333333337,23.5,-38.775479195886,-14.5257092198581,4,9,0.5,9.5,900.9,824,811.95,854.7,0.573729899127063,0.0648137013751742,0.650770317245236,0.392793295384115,0.67032703269322,0.831800434806252,-0.674489750196082,0.282972031465245
"phase_017_subj_47",0.992,0.789,0.954907956022965,-0.656243773265201,0.388911146618523,-0.52342818667094,-43.6344086021505,24.2083333333334,-49.2712719298245,8.69926428975668,2.5,3.5,0,8.5,981.15,945.588888888889,888.25,1016.85,0.929141730559471,1.54401187234294,0.725125495292443,0.632306107389934,2.36511137978098,0.0850339523463032,0.510981813262642,0.6152045839868
"phase_017_subj_49",0.639,0.334,0.315310656623869,1.5498076675392,0.661572969261339,0.593424154709434,-50.3471064395312,-66.674059139785,-37.0631578947368,-19.9042553191489,0.5,8.5,0,9.5,1259.65,1068.3,1076.75,963.65,0.817251004536407,0.848952751586795,0.904923223985749,0.546478237703751,0.242184365645533,1.20789835161548,0.64697398533367,0.289169283788514
"phase_017_subj_5",0.239,0.422,-0.144346243592467,0.896094654870889,0.421075387063817,2.28215107324075,22.6315789473683,-6.53125,24.8191489361703,-104.114583333333,1.5,9,0.5,9,800.95,683.05,641.35,739.2,0.611704133929757,1.18742324084693,0.635227474729593,0.997667445611815,0.313972118460116,-1.90022690115312,0.501826092611308,-1.5191922800964
"phase_017_subj_51",-0.085,0.558,0.943169439340017,-1.3771797834618,-1.42121536632959,-0.359507427696593,-31.985285795133,97.9916666666667,29.5334429824562,60.5359543010752,1,9.5,0,10,885.4,797.75,739.3,841.6,0.712819214847076,0.344196863738381,0.975766649507351,0.851391879552613,0.915445208744031,0.210428394247925,0.729835874408705,-0.887146559018876
"phase_017_subj_53",0.791,0.315,-0.218480296154778,1.63525512337067,0.208916223233435,1.65388649674761,-11.8941709111489,-47.9760233918129,33.4065934065934,-49.2112145390071,2.5,10,1.5,10,867.05,871.55,814.45,787.6,0.335614852635547,0.262616990284756,0.784709800338593,0.153256078386155,0.967421566101701,0.212656808822794,-0.648782202137326,1.46523379268552
"phase_017_subj_54",0.254,0.759,1.30022236078324,0.136143942263629,-0.804027966417878,0.165069222712399,-19.8478260869565,0.633182035355958,26.9824561403508,-6.43650615901458,1.5,10,0,9.5,885.75,781.4,860.15,847.75,0.418692242841384,-0.357484834923351,0.506534659027375,0.196327520832002,0,0.355545464434306,-0.242905003413035,0.702673238571499
"phase_017_subj_56",0.285,0.478,-0.753723144795357,0.784771965519941,-0.324964601233777,2.72504539361262,30.64375,-25.4166666666666,13.752688172043,-138.284210526316,0.5,9.5,0,9.5,901.7,830.183333333333,767.7,683,0.804607231022698,0.602001413084437,0.506681241021065,0.0181381281405812,0,0.355545464434306,0.052332029483276,0.873519941618376
"phase_017_subj_58",-0.066,0.56,-0.0827358699404277,-1.0325232245654,0.217490231253688,-0.055800618875089,37.0211683053788,-7.79003961516696,-41.6624970773906,26.9035904255319,4,8,0.5,10,955.35,888.55,944.9,878,0.718779980485328,0.545878791351885,1.71119124083582,0.947245636182074,-0.377965768251923,1.16936270608138,1.53949720250668,0.0802750070828255
"phase_017_subj_6",-0.219,-1.121,-0.280160101104116,-0.049430443373645,0.172740185751122,-0.317704831593249,11.2784458834412,8.33381858902567,3.29787234042556,-7.78494623655911,5,8.5,0,9,899.15,808.75,863.55,797.6,0.655700322435714,0.289328723697328,0.871580514448552,0.333245462834591,0.64608709572484,1.71888016487812,0.308383393395512,1.56163630921496
"phase_017_subj_60",0.799,0.638,0.556229018540828,0.86241631896357,-0.197879155517572,1.18018963263021,-51.3157894736842,-77.0729166666667,48.288596491228,16.6569220430107,2.5,10,0,9.5,759.6,766.7,735.35,608.7,1.36268910834702,1.24106982106294,0.367564801100342,1.21969904553023,1.02152272532261,1.10444240690838,1.25325291581945,0.971142215238439
"phase_017_subj_61",0.522,0.482,-0.942331537418315,-1.29992422334042,0.282922193323516,0.313964031988358,73.5042553191489,80.0445478723404,-14.5945175438596,1.03271562571501,5,7.5,0.5,9,1149.75,1006.35,965.85,1110.65,2.03435585482546,1.51319779692918,1.54637169739351,1.6367320362691,2.13363003806614,2.43649223469485,0.681711197318211,1.56163630921496
"phase_017_subj_62",0.263,0.127,-0.14319819840327,1.55799427189845,0.849828916821709,0.621909170137136,-32.7864656381487,-49.3393173758866,-23.8215277777776,-92.1424412094065,2.5,9.5,0.5,9.5,1013.2,863.85,863.85,889.3,0.418402119669012,0.0576984448705074,0.608105125395966,0.771403865148006,1.26394554804586,0.359571680270546,0.831800434806252,-0.242905003413035
"phase_017_subj_63",0.3,-0.124,0.373002299148912,-1.29940461051841,-0.0605986611423972,-0.553872100147434,32.0679731243001,36.177267637178,8.88563596491235,2.47774122807016,0.5,9,0,10,924.5,933.7,947.4,836.15,1.09794596301451,0.774162334861327,0.343065968057007,0.41842944868388,0.699204805362594,0.800151097051156,0.674489750196082,0.488776411114669
"phase_017_subj_67",0.722,0.998,-0.583671810867015,-0.02315980275666,0.735771922785184,2.04575156870932,-20.3263157894736,29.0121109224675,2.33196064973697,-36.1607789855071,3,8,0,7.5,1028.7,1038.95,895.7,1046.96111111111,0.389176668705938,0.727958261920748,0.55390909848704,0.231855364158483,0.439526831672679,0.432145113239608,0.117148857547293,0.30723965078727
"phase_017_subj_68",0.294,0.433,0.510573081383448,0.805469589220123,-1.29611323722779,0.571046993049123,-8.73735987188286,-107.687832484437,23.8868630201029,-24.3302304964539,1,9,0.5,9,998.6,966.5,961.15,990.8,0.292893837245517,-0.0279153656895202,-0.0240570974302936,-0.366358568126177,0.624014441101246,0,0.104222770724158,0.355545464434306
"phase_017_subj_69",0.11,0.645,-0.557818265952822,-0.305169735579142,-0.0958769286059549,-0.861516320562122,-33.2665173572228,-41.4166666666666,-55.2708333333334,-13.3645833333333,2,8.5,0,9,786.3,954.2,711.7,858.9,1.145793472533,1.40912876776162,0.76444171243929,1.22040799936469,1.48212402850108,1.8747377445307,1.09680356209351,0.702673238571499
"phase_017_subj_7",0.111,0.443,0.589194805856359,0.959009740179893,-0.502713587348842,0.653840004600749,-39.5551535087719,-52.3333333333334,66.3645833333334,-87.0833333333334,1,10,0,10,699,650.05,648.25,637.85,0.991123224972033,0.929141730559471,0.599200821627726,1.24283823045801,1.81633669141505,2.39271222171477,0.761485212163802,1.32668767967275
"phase_017_subj_70",0.517,0.433,0.0234532469369002,0.976627058587398,-0.593178110309919,0.535168739267621,1.86330359185536,-75.9224433768017,-4.33807390817469,-61.3306451612902,1.5,8.5,0,10,953.85,908.7,758.15,837.8,0.818653155057971,0.348573540995991,0.0954784275210751,-0.237631035007341,1.14727887118835,0.564432294125016,0.667536613470076,0.282216147062508
"phase_017_subj_71",0.436,0.287,-0.112736651619008,0.821150278042314,0.473502835059148,-1.04100282338482,-25.2872340425532,-36.7101973684211,-10.375,-33.2708333333334,2.5,10,1.5,9,931,750.75,817.1,831.85,1.18122481270789,1.43569519441422,0.247050228817611,1.1267773345468,0.202182809893596,-0.67743206084977,0.488776411114669,-0.29293181590562
"phase_017_subj_75",0.196,0.159,1.63023272172938,1.67201267936821,0.0908945465503495,-0.528638697148223,-66.0329593267883,-35.5753546099291,19.555857385399,-6.97966339410937,1,9.5,0.5,10,892.45,749.45,765.05,699,0.320777452707998,0.316058542774791,0.406882571918523,0.586379741687076,0.208795672190399,1.15774496454394,1.75052950263322,1.64485362695147
"phase_017_subj_77",-0.184,0.634,1.70097890924944,0.664704189218101,-0.116244023143701,1.59686676236067,-36.8766658873042,-82.846109839817,-68.8458031330372,-81.7910017730497,3,10,0.5,10,985.65,783.9,812.8,712.1,0.894339366373548,-0.376363410102146,0.541959745869486,0.152917217667307,1.46523379268552,0.624014441101246,0,-0.711483095685946
"phase_017_subj_78",0.114,0.755,0.985725483528886,-0.0757771665986402,1.03816095369559,1.1931249161397,-1.17708333333337,-20.2101973684211,-12.4583333333334,-25.1145833333334,0.5,6.5,0,9,1012.94444444444,1261.21527777778,945.2,1121.65,0.563684728364308,0.577411753528303,0.376363410102146,1.25478606781387,0,-0.36610635680057,0,0.747858594763302
"phase_017_subj_79",0.645,0.71,-0.758859792402067,0.65184811888462,0.680122908968929,0.334814073707879,-11.7743079386868,-39.0421052631579,-30.8297872340426,-49.7513444002806,1.5,9,0.5,9,1235.05,1290.9,1190.8,1247.05,1.10901911300423,0.70610876247204,0.86500132455817,0.371321250906121,1.17891159569956,0.800151097051156,0.692095767694822,0.282216147062508
"phase_017_subj_8",0.782,0.78,0.860332450473375,1.45656850663861,-0.0315970923587767,1.57949903081228,10.0536963036964,-42.6925831202046,17.3823798627002,-56.6603070175439,1,9,0.5,9,1007.65,1031.55,857.3,836.8,1.16932198678805,0.629618803136345,0.663368588602253,0.560210235627083,0.0516348089284215,0.730697205292944,0.157310684610171,0.394405006525725
"phase_017_subj_82",-0.168,0.561,0.290464709922722,-0.734616476152613,0.03490903485152,-0.0425479943587324,-8.93221787982407,47.8510638297872,3.64256173933597,4.72826086956513,4.5,9.5,1,7.5,949.5,908.35,925.8,996.4,1.24571808698757,1.12391899821581,0.401500533012022,0.129615760316439,-0.54765697837912,0.761485212163802,1.95604131574068,0.478645154987032
"phase_017_subj_84",0.832,1.346,-0.219888584792312,0.77770837003448,-0.00986786372118598,0.227389019564052,1.33333333333337,-20.1456140350876,-2.19385964912283,-59.595744680851,2,10,0,9.5,826.8,704.7,763.45,686.2,0.358982292730922,0.748539444303238,0.327140317475034,0.801219761915584,-0.524400512708041,-0.318639363964375,0.807415775079044,0.509422460680866
"phase_017_subj_86",0.21,-0.54,-0.429315938069495,-0.482622431365706,-0.187619645084842,0.658176934908402,-5.84330673758859,-32.7234042553191,0.312171127888405,-43.0752688172043,1.5,9,0,10,1041.95,950.25,885.4,841.8,0.644546574544888,0.960140458062646,0.337540370024388,0.559525014658506,1.15034938037601,2.27014068611951,-0.318639363964375,0.89050686950861
"phase_017_subj_87",0.558,1.02,-0.779316587946853,0.00144162280224513,-0.232150884998625,0.709348495996053,-21.4842105263158,48.3157894736842,28.3578947368421,-86.3933882406772,0.5,8.5,0,8.5,619.1,602.6,603.35,641.2,0.136083726129247,0.733584915078905,0.640168582388044,-0.0198379831366611,-0.308383393395512,0.202182809893596,-0.136222239221338,0.29293181590562
"phase_017_subj_89",0.345,0.468,-0.440526423726276,1.00889871690291,-0.316382989938529,0.693643464698044,-6.41732456140346,-1.375,21.0839982269503,-24.6700657894737,1,8.5,0.5,9.5,818.7,780.15,689.861111111111,752.55,0.449291988031366,0.894012817935734,0.30566858073204,0.712489988585936,0.542631151017738,0,0.052332029483276,-0.6152045839868
"phase_017_subj_90",0.128,0.539,2.04650036123395,-0.070837864179186,0.691690907870233,0.393639027697722,-79.0170911148839,35.4315789473684,-43.7401556776557,-44.8837719298245,1.5,10,0,9.5,821.85,755.25,812.5,723.022222222222,-0.0680535408904513,0.554366224119265,0.130669402843865,-0.107852264404172,0.117148857547293,-0.229884117579232,1.10077798003813,0.362538128355734
"phase_017_subj_91",0.093,-0.044,-1.64989995400941,-0.182950166847053,-1.46478693189098,0,31.78125,90.7684210526315,-2.4708333333333,22.9583333333333,1,8.5,0,10,1011.95,948.3,917.35,886.1,1.41535159215777,1.42398525241539,1.40846363618458,1.03102382667228,1.95401020380019,1.9348431322034,1.90022690115312,0.591355519357264
"phase_017_subj_93",0.423,0.237,1.52501067019983,0.773897175057507,-0.792526500491029,1.46552934568526,-56.40625,-23.0729166666667,3.92708333333337,-49.4895833333334,1,9.5,1.5,10,777.75,730.85,825.25,820.3,0.573464509317544,0.448017859000722,0.696617702791114,0.0933920325831072,0.806549271914557,-0.422313811897432,0.385320466407568,0.29293181590562
"phase_017_subj_94",0.159,0.616,0.64738690994169,0.904039672074785,0.404062440405418,1.01369452116653,-5.62545289855075,-32.4105263157895,44.9255319148936,-73.8603294440632,2,10,0,9.5,1012.2,804.25,954.45,887.2,0.781853619146335,0.203599681694199,0.475305524468073,0.470500740514956,-0.088755246385143,0.564432294125016,-0.42085678849585,-0.0874686545846996
"phase_017_subj_95",0.346,0.203,1.20112841925678,2.70239680465984,-0.00856815301542269,1.6175300206874,-7.67929964539007,-47.9235745614036,-30.265350877193,-33.0421052631579,1,10,0,9.5,1026,895.85,862.6,890.7,0.711797350953725,0.745211921516051,0.385914988181315,0.306545819055059,-0.206560264052161,0.439526831672679,0.940833279977482,1.27246702542644
"phase_017_subj_97",-0.435,-0.446,-0.323902107077602,-0.11327111665164,-0.590581412006877,-0.355839854185639,19.8786231884058,19.5744680851064,-0.989361702127667,-35.6961436170212,1,9.5,0.5,9.5,1345.4,1216.97777777778,1261.35,1242.85,1.05015857522635,0.582471248149243,0.622182649165937,0.736922837885795,1.38109440559315,1.74910048390121,0.791638607743375,1.64191131629778
"phase_017_subj_99",0.846,1.243,0.719677219052429,0.78643593575358,0.378179081570423,1.86157859018313,-58.9002525252525,-88.7601343784995,24.3713031124887,-119.727272727273,0.5,8,0,10,1013.55,1018.84444444444,899.1,1007.2,0.867237284199,0.224722710196309,0.180683718284263,-0.332383992718221,0.201700629203814,0.459768235158464,-0.348944967330211,0.125661346855074
"phase_018_subj_101",0.247,0.384,1.88684890554046,-1.40134895163303,0.63607166272011,-0.240937185316604,-83.5131048387096,14.8888157894737,39.1894736842105,-34.8681294326241,1,10,0,10,770.805555555556,819.45,762.75,833.25,0.528231585434818,1.06915560466206,0.934510258159844,0.551567094481606,-0.318639363964375,1.36077777462393,-0.967421566101701,-0.355850386231707
"phase_018_subj_103",1.293,1.027,-0.893141109064943,0.8159092758257,1.2308127469781,1.14749203024343,-19.4936049801925,-72.8958333333334,-79.2695035460994,-21.7579787234042,1.5,9.5,0,9.5,777.65,712.55,630.2,633.5,0.333952293068189,0.0341426990787169,0.513586351587095,-0.400049410526767,0.185713339081412,-1.06133142336028,-0.131202185168593,-0.0802750070828255
"phase_018_subj_104",-0.58,0.023,-1.54690146679039,0.657486440321691,-0.761465933400865,1.26341712050697,-8.48388157894738,-53.1894736842105,-16.5125,-64.8958333333334,0.5,9,0,10,570.2,582.25,514.9,523.9,0.411724053297809,0.183839514247185,0.352054576215075,-0.228536947144057,0.967421566101701,-0.406318141335807,0.674489750196082,-0.556785428529261
"phase_018_subj_11",0.769,0.822,0.944383250187061,0.714619077953378,0.825795725942902,0.463634971337963,-32.6471631205673,-27.9264112903224,-13.4479166666667,-1.18629385964914,1.5,9.5,0.5,9.5,814.45,784.9,804.35,723.45,0.639423809788509,0.99372733558619,0.309152066961434,0.172466147892423,-1.74454893860047,-1.49197995979253,-1.04059610699665,-0.790744042489441
"phase_018_subj_13",0.43,0.792,0.801658881597253,0.670642666949358,-0.43696258091141,1.42192618905438,-37.7337719298246,-44.354272778721,44.9451896392229,-46.4554311310191,1.5,9.5,0.5,10,894.4,817.45,790.35,767.15,1.13812734325074,1.16988208154615,1.25531085114585,0.863176281573017,0.806616659770549,1.05981021660365,0,1.58327721548675
"phase_018_subj_15",0.006,0.701,-0.531140169978979,-0.359442284761958,0.182927814274307,-0.852682530189612,1.19148936170222,11.5643463497453,-66.6736842105263,-22.7110745614035,0.5,9.5,1,10,1003.64444444444,904.6,899.55,838.75,0.55782008003818,-0.0953418568518789,-0.15545022889855,0.0684037995064892,0.44460563261685,-0.385320466407568,-0.156554800207434,-0.866919444514281
"phase_018_subj_16",0.643,0.377,0.0967052307053144,1.24179337318568,0.852974523997131,1.13089873196523,3.53125,-34.7412280701755,-31.8333333333333,-27.8494517543859,1,8.5,0.5,9.5,783.45,786.7,668.1,732.2,1.072131565916,0.387818683807982,0.373836492663613,0.353877640693532,0,0.127985025337528,0.843039876672416,0.601315209301132
"phase_018_subj_17",0.376,0.467,-0.803247851397951,0.974891100568399,1.00556013553285,-0.16629314274792,30.04860203815,-3.24556737588659,-47.2562056737588,17.2264277715566,0.5,9.5,1,10,885.25,750.15,756.55,715.75,0.772483759283028,0.581909779678563,1.12139453968921,0.656752561045939,-0.0850339523463032,-1.69143122896272,1.01688777030007,0.510981813262642
"phase_018_subj_21",0.659,0.857,-0.225465582479395,1.64683842656259,-0.144438889761479,0.721675090321947,6.10416666666674,-39.875,-6.88320035460993,-24.84375,0,9.5,1,10,954.45,922.25,992.75,989.65,1.95992085339127,1.91038768430459,2.22398714307777,1.54117368101694,3.33547525653637,2.26770856821913,2.1332369515873,3.33547525653637
"phase_018_subj_26",0.652,0.484,-0.358969073701645,-0.13904071180502,0.485332933495164,0.299937951152146,-46.2158460667798,1.38947368421054,-19.6131369798971,-44.941990846682,0,9.5,0,10,736.7,734.7,679.25,655.45,0.852775584751219,0.761222768634332,0.721136916859055,-0.251530065662258,-0.347127774137193,0.275069473771035,0.157310684610171,0.6659772608883
"phase_018_subj_28",0.411,0.774,0.332602053794389,0.322376417807241,1.37865703685986,0.0120837334079751,-56.2798627002288,-7.48958333333326,-94.7794769503546,-5.54706163401806,1.5,9.5,0.5,9,796,709.35,789.5,797.3,1.1568740837579,0.5401696823545,0.807663042057134,1.05503222165244,1.04534413323788,1.28606093006608,0.674489750196082,0.52341704141074
"phase_018_subj_3",0.455,0.45,0.478782805370163,0.772522779106596,-0.0723253723666655,1.42163872692662,6.70526315789471,-20.5766843971631,-6.46820175438597,-82.560307017544,1,10,0.5,9.5,927.95,747.8,779.1,765.4,0.871351113488954,0.400518511040368,0.732183173719863,0.172428168519633,1.68625935994329,1.11703067659811,0.439526831672679,0.873519941618376
"phase_018_subj_33",0.132,0.786,-0.658661111811863,0.278897221368871,-0.0227508629506454,0.682581233676824,7.55183946488285,-29.5899799125606,0.62093821510291,-58.082704186685,0.5,9.5,1,9,725.1,724.35,683.9,743.35,1.04697189391738,0.786857281663895,1.11990604221234,0.87657319845761,0.318639363964375,1.38299412710064,1.80595207825264,0.674489750196082
"phase_018_subj_34",-0.076,-0.057,1.1787026770918,-0.858806015541697,0.153977532606967,-0.159581442185834,-38.8741228070174,43.8548712206047,-28.6671195652174,-28.8586135895677,2.5,8,0,9,932.95,850.2,765.95,885.9,1.5824691181854,1.91804086571539,1.52911151595048,1.17684438039232,0.64697398533367,0.746766482459949,0.742481936609171,0.212656808822794
"phase_018_subj_36",-0.668,-0.299,-0.241852383856282,-1.03191582548917,0.364568263085429,0.783321517562748,14.2375778155065,35.404949121184,-7.04166666666663,-14.96783625731,2,5.5,1,9,999.283333333333,997.65,1004.49444444444,1012.45,0.40903748707416,0.319065752536448,0.834510785165598,0.133478042143708,0.661572969261338,-1.10077798003813,0.681711197318211,-0.854882767915239
"phase_018_subj_38",0.113,0.058,1.18790176212128,0.695702821278954,0.507716087051419,1.43608619737824,-33.4166666666666,-59.03125,-68.6145833333334,-34.8229166666666,0.5,9.5,1.5,10,971.25,1090.7,924.4,886.7,1.11290525836517,-0.126654851031246,0.470608993262847,0.176395503207862,0.0192141096069979,0,0.282216147062508,-0.564432294125016
"phase_018_subj_4",0.487,0.481,-0.28718634429083,1.09266930876172,-0.429804212574618,0.817856785881033,-42.7426075268817,-87.4658687943262,-13.3292273236283,-21.3002717391304,1,8.5,0,8,1101.4,1086.3,1082.45,1097.05,0.919346472770681,0.337620574016854,0.11225418910128,0.212958744624522,0.259659119552493,1.64191131629778,1.26394554804586,2.00385495559549
"phase_018_subj_41",0.599,-0.251,0.0525626920411373,1.28127916347195,-0.821488529058064,0.596916937269367,-17.65625,-48.4791666666666,36.4105263157895,56.5729166666666,0.5,10,0,10,1181.1,1088.85,941.05,1035.7,-0.0636575569722058,1.36836886527083,0.271529138343668,0.90005651549967,0.887146559018876,-0.747858594763302,-0.267238095035334,0.566698978250844
"phase_018_subj_42",0.662,-0.24,0.144252801203603,-0.380207311473184,-0.277400606091694,0.694939875470438,-9.04587765957444,-30.7889784946236,-27.6526315789474,-37.4248670212766,2,9,0.5,10,1132.55,1000.1,1056.6,970.1,0.45441988450867,0.343885277859482,0.770135984385126,0.410716940612022,0.0725734329690615,-1.55687736395148,-1.22246490894859,0.125661346855074
"phase_018_subj_43",0.366,0.063,0.467436836719185,-0.425283623807938,-0.0451063240190868,1.13168632044983,-36.1852836879433,-4.8125,35.1789473684211,-44.1979166666666,1,8.5,1.5,9,937.45,996.3,812.2,785.244444444445,0.62956185694353,1.03938072906029,0.807445139011462,1.46137608209879,0.791638607743375,-0.223349441049209,1.15774496454394,1.19374407410396
"phase_018_subj_44",0.082,0.738,0.795251532011578,1.12197097744274,-0.033555290503525,1.34356977215572,26.5298036465638,-164.473572228444,15.5263157894736,-84.5520833333334,0,10,1,9.5,667.75,611.4,586.05,573.555555555556,1.03560036722259,0.513775700880009,0.383931869171034,0.823428476306593,-0.103455944707102,0,0.0192141096069979,-0.297690761169097
"phase_018_subj_46",0.712,0.372,-0.953617030629277,0.608193028232914,0.299176984717648,0.271325675446575,-4.77044917257683,-24.0421052631579,-5.33016411997744,-30.1586956521738,0.5,8.5,0,9,1080.45,1102.65,1008.7,933.9,0.835069681538634,0.319649533604883,0.749375828010681,0.314524245133649,0.355545464434306,0.0192141096069979,1.24963771316421,1.26631750707302
"phase_018_subj_47",0.83,0.926,0.912388291408688,-0.3706185364256,0.229106474647213,-0.411280169793888,-4.85555555555561,-32.0492552913508,-63.5887871853547,50.418593894542,1,7.5,0.5,8.5,878.55,864.1,611.7,807.35,0.661683163898963,0.938178521070197,0.254970054185718,1.0362284433563,1.80595207825264,1.17256573285271,0,0.625797251921349
"phase_018_subj_48",0.533,0.344,-0.0755772313705454,0.319982834093655,0.771430680312017,-0.7612258626165,51.9479166666666,-91.6970394736842,-15.6382978723403,-26.578947368421,1.5,10,0,9.5,968.65,706.4,744.35,632.25,0.573350523072078,0.850529674687956,-0.0929159046178677,0.319208275864638,0.359571680270546,-0.630099805602438,0.302862196628705,-0.440312511827157
"phase_018_subj_5",0.784,0.48,0.23684787735074,0.0484546051401007,0.481196560889027,0.462499154048304,4.23585526315787,-41.8621710526315,2.8669956140352,-14.6519736842105,0.5,9,0,9.5,1105.65,1063.6,1110.4,1084.4,1.64617243291438,1.84163936394509,2.20692338996436,1.62808776227796,2.72705501907869,3.23807244497452,2.16341075057716,3.23807244497452
"phase_018_subj_50",0.33,0.509,-0.47748243924993,-0.177472469942292,-0.933601285090924,-0.831235262679427,14.5652173913043,26.1263157894738,-0.334691567628738,-23.84375,0,7.5,1,9.5,724.1,715.072222222222,633.95,653.1,1.27163169100708,0.304852885407002,0.517502690693382,0.173814303464325,1.2815515655446,1.19374407410396,-0.674489750196082,2.12357634220232
"phase_018_subj_51",1.05,-0.49,1.59323550720063,-0.433777943127024,0.825392246142683,1.67939240253809,-39.6119237588653,-14.1809210526316,-55.3183114035087,-32.7155701754386,1,10,0.5,10,985.5,908.65,875.75,880.6,1.52121558499795,1.33311504746329,1.9103270684106,1.52305598392022,1.68625935994329,3.28384044760795,2.08199522913772,1.68625935994329
"phase_018_subj_53",0.476,0.372,0.789913049551892,-0.020701313155989,-0.33369304614323,0.329308407692305,-15.0892857142857,5.76382978723404,-6.67573924731175,2.42084191260574,3.5,8,0.5,8.5,994.05,899.3,1003.6,928.25,1.49384760230358,1.31885902311325,0.735656332517396,1.18425050670656,1.64485362695147,1.85456812512058,2.2568724004289,3.11008741963699
"phase_018_subj_54",0.694,0.76,-0.645569931266815,1.21471845779039,1.01299393738312,1.03958725950823,-34.1458006718926,-137.847144456887,-71.4054329371817,-77.2651209677421,2,1.5,0,2.5,1041.4,1174.8,898.65,1080.05,1.1256269965094,0.947353236170741,0.7799143661895,0.266048368740512,-0.104222770724158,0.831800434806252,0.746766482459949,1.24963771316421
"phase_018_subj_55",0.301,0.349,0.126484276709058,1.76246905555932,0.0525626920411373,0.639114491299064,-15.7823464912281,-55.4791666666667,-16.5,11.0322368421052,1,9.5,0,9.5,706.25,657.344444444444,595.9,611.35,0.208128711762558,0.66254259740628,0.881149145963888,0.533194915518455,0.155677962552645,-0.488776411114669,-0.282972031465245,-0.229884117579232
"phase_018_subj_56",0.424,1.104,0.406398541393714,0.418694803793194,-0.464809376346603,2.08082957768155,-40.1562500000001,0.567434210526358,68.9122253389436,-164.245175438597,2,6.5,0,8,1055.86111111111,1020.1,857.5,957,0.250271183443136,0.77885059582833,0.328561599077389,1.00504563412308,1.03007474182581,1.03643338949379,0.206560264052161,1.84466215685682
"phase_018_subj_57",0.609,0.621,0.0284524248648252,0.263695518801815,0.604107759449992,1.24595590401066,22.90625,-68.5625,-34.9999999999999,-73.1354166666666,0.5,9.5,0,10,858.9,941.95,782.4,765.7,0.643839202881415,0.824172871423986,1.01365703193715,0.0957960390944881,-0.58121021349545,0.103104319345059,-1.12424088093443,1.82310293560228
"phase_018_subj_59",0.621,1.032,-0.141495540146058,0.243762450900624,-0.667301728058263,1.13160246441559,-7.12063172043008,64.8439359267735,5.82938596491226,-94.0620137299771,4,9.5,0.5,10,862.65,689.15,689.7,720.8,0.726917299319938,0.46082331985445,0.912850323223963,0.0413701249041738,0.667536613470076,0.604930411956368,0.51210026464174,0.542631151017738
"phase_018_subj_6",0.415,0.525,0.446797670607171,1.21018658958373,-0.526382766136008,-0.867306513349541,-1.18218085106378,-24.5208333333333,-10.1246710526316,95.382116581777,1,7,0.5,7.5,993.85,1015.05,995.5,1020.6,0.134925396579625,0.320193774290725,0.436628615236259,0.7696540875319,-0.308383393395512,1.46612835793946,-0.157310684610171,0.315478436382097
"phase_018_subj_60",-0.184,0.351,0.171289698343549,0.0325615241629678,0.354999063510571,0.630202720775956,-13.5283752860411,35.480439258751,31.5937499999999,-32.7368421052632,3.5,7.5,0.5,8.5,938.7,904.35,820.6,802,1.89608369239348,1.43569519441422,1.06425968080504,1.34159168828109,0.667536613470076,-0.100679386735109,0,0.871671944912287
"phase_018_subj_61",0.037,-0.039,-0.434894828863812,1.51767241355352,-0.143470530497897,0.786418589496541,12.1516447368421,-167.085685483871,-24.7105496453901,-88.9241881298992,3.5,4,2,8,1087.75,1060.15,1071.25,1098.6,1.17994516206128,1.33311504746329,0.617279863288257,0.380919520624739,2.1332369515873,0.971142215238439,1.33352792290227,1.42234834495938
"phase_018_subj_62",-0.205,0.492,0.0779917085569513,-0.598134157041671,-0.792266579554313,-0.872389587846099,-58.2235857877513,18.1905742393045,71.2710526315789,-18.8854066985646,4,4,0.5,6,936.5,938.15,905.9,922.1,0.789657505471125,1.55095025636616,0.603181049049596,0.203878785180655,0.958286989011227,0.910772042638715,1.95932517482362,0.36610635680057
"phase_018_subj_65",0.129,0.296,-0.174939113179644,0.0420893566150418,1.42531358556229,0.731983883477654,-23.1220604703248,64.2742324561403,-82.9064692982456,-31.3255482456141,0,9.5,0,10,1014.6,1006.1,893.85,840.65,0.580693686146845,0.883802461587031,0.659028293324318,0.599322014561016,1.30530116317733,0.472789120992267,2.1397235428816,0.945578241984534
"phase_018_subj_69",0.752,0.647,-0.816626145853163,0.285264813186172,-1.265434583256,0.0994349022125482,25.956864216054,-90.2065217391305,48.8220316269096,-71.3607954545455,1.5,9,0,10,763.2,683.3,704.95,763.85,0.957675041802983,0.348152414543016,0.953930811086684,0.235513789589088,-0.79353832925086,1.46523379268552,-0.151126417251908,0.0688867516670235
"phase_018_subj_70",0.846,0.104,0.125967467497984,1.19132377219713,-0.43521014205397,0.611714802620164,20.9684210526315,-68.1915570175439,52.5833333333334,5.91223404255322,0,9,0.5,8,714.4,708.188888888889,665.55,682.75,0.234224412857166,0.102906538262538,0.980659898002156,0.154957018842502,-0.157310684610171,0.819339915429011,-0.308383393395512,-0.841760219246627
"phase_018_subj_71",0.406,0.297,0.178335024951652,-0.151182430831016,0.241683174358497,-0.472829603024246,15.8200339558574,-16.0720044792834,-9.7501096491228,-4.15957446808511,2.5,8,0.5,10,1060.75,908.35,892.561111111111,795.45,1.15813343076224,1.24106982106294,1.4352961643073,0.413973544093298,1.15034938037601,1.47660235686865,1.03643338949379,1.46612835793946
"phase_018_subj_72",0.42,0.571,0.538087099644806,1.38574223067142,0.0698352233240627,-0.0494655837803157,-51.6419015766842,-59.1956521739131,-14.499451754386,-5.16378546099281,2.5,9.5,1,9.5,1238.45,1128.55,1170,1124.6,0.0492316243253562,0.0523164308797328,-0.101637392272326,-0.146081034208562,2.19360712418703,0.624014441101246,0.104222770724158,0.348944967330211
"phase_018_subj_73",0.012,-0.081,0.264120648048446,-0.157674643306748,-0.407272124251156,0.204744701503863,0.384510869565247,-18.8333333333334,11.4565217391304,-2.09574468085111,2.5,6.5,0.5,8.5,971.55,972.3,913.6,900.55,1.21426095212459,1.56128475372461,0.611447003538661,1.10991580702519,2.91711467145318,1.26394554804586,1.49197995979253,1.69511791026475
"phase_018_subj_74",0.624,0.913,-0.679640794700637,0.276851948832543,0.444354330005374,-0.518831608503096,-3.2421052631579,-5.88541666666674,34.6092105263158,16.3958333333334,2.5,8.5,1,8.5,948.45,804.8,835.6,781.95,0.289504805602252,0.921218630637505,0.52891802418538,-0.00143104026323089,0.699204805362594,-0.157310684610171,0.053117709637754,1.46523379268552
"phase_018_subj_75",0.19,1.01,-0.7612258626165,-0.966901836888541,0.991636396046985,-1.14482509966396,3.62576754385952,20.0040570175438,-18.1003289473684,42.3892543859649,0.5,8.5,0.5,9.5,789.35,745.9,867.7,791.9,1.14709185742114,0.1104885755015,0.27629745601797,0.476205372178651,-0.407877493917582,0.36610635680057,-0.75715105283656,-0.202182809893596
"phase_018_subj_76",0.327,0.511,-1.53929273381924,1.40356982577144,1.39929928962019,0.868623391631064,31.8957236842105,-17.8693263258481,-8.82706399609185,-28.9146953405018,2.5,9,1,9,679.85,641.2,638.95,593.6,0.829984613661166,0.945255548568837,1.46743389328389,1.02893424273709,-0.406318141335807,0.831800434806252,-0.175782958358327,-0.052332029483276
"phase_018_subj_77",0.048,0.449,1.35011972266334,1.70666978179507,0.59005113576909,0.62282747557764,-25.1195175438597,-48.4479166666667,-9.37785087719305,7.08333333333337,2.5,9.5,0,10,763.2,656.35,646.3,633.8,0.835022521941697,1.29465417757382,0.520360064592666,1.19801395048299,-0.110733082598927,0.0974028115618475,-0.110733082598927,0.0457680026334251
"phase_018_subj_78",0.079,0.12,-0.0168789073120168,-0.0878756629289841,0.113319825947668,0.5815961748289,49.9167238618164,2.85229563269888,-26.5393719806764,-15.6244566460764,2,9.5,0,10,1163.09444444444,995.35,945.25,1033.8,0.972393967740547,0.375525153487083,0.395818574367875,0.0224028543342688,0.977742712342534,0.800151097051156,-1.09680356209351,1.1720645059592
"phase_018_subj_79",0.444,0.637,0.785537675526363,-1.29859643535237,0.529250002654427,-0.17510310463963,-11.9756649688738,16.0583333333334,-1.21276595744678,65.8512733446519,4.5,8,1,8,911.5,893.6,805.4,876.2,0.245125935023814,0.675729503785276,1.28119630677455,1.27818422732284,-0.346560737606849,1.76400466193178,2.05748387729672,2.06600793901532
"phase_018_subj_8",0.523,0.119,-0.279196454019281,0.101378220231452,-0.208268045403614,-0.671046686828848,-8.46034946236557,-73.5848847517731,-17.9990131578948,-29.4166666666666,2.5,10,0,9,865.8,703.9,797.2,733.65,1.64051602362687,1.00264277272252,0.466507184210759,0.506828194144868,-0.229884117579232,-0.667536613470076,-0.242905003413035,0.674489750196082
"phase_018_subj_80",0.005,0.203,-0.147451531009929,0.330909840676176,0.0575294936637282,0.062808771448543,-9.57938686799366,-13.6105263157895,10.7833146696528,-3.46315789473681,4.5,5.5,0,7.5,904.15,831.75,818.85,851.55,0.896611513862978,0.0563142383762671,0.599576877043504,0.811537364717479,2.01095998375204,-0.125661346855074,1.64765792234517,0.282216147062508
"phase_018_subj_81",0.672,0.017,0.979413940800412,0.415264200949746,-1.17058662844005,0.736914123265958,-1.7709843348141,-27.5551535087719,13.9012388966808,-102.785697565543,1,9.5,0,10,1037.7,877.861111111111,835.1,785.55,1.20296435298347,1.12382808059952,1.15793734008611,0.603367837868449,0.718660528693901,0.595748860655492,1.42175385590136,1.75052950263322
"phase_018_subj_82",0.7,0.94,0.0836970171586744,1.20112583013231,-0.379982701573971,1.28997091587733,21.8251096491229,-71.4924645390071,32.625,-102.516776315789,1,9.5,0.5,10,805.95,669.65,755.6,748.95,0.865985217212638,0.855310575260375,0.47829531739088,0.391820786521255,1.16326616131075,1.98963430539356,-0.0955079512755013,1.69143122896272
"phase_018_subj_86",0.296,-0.019,-0.128084425041422,-0.13113732763939,-1.7129871909244,1.34818294858316,23.3368421052631,-57.6686613475177,63.9646929824561,0.410027472527418,6,9,1,9.5,1016.6,869.6,982.766666666667,776.5,0.498572396508868,0.454654606545289,-0.000487514302400238,0.287747068143904,-0.871671944912287,1.16936270608138,0.548828403341008,-0.392273603133574
"phase_018_subj_87",-0.374,0.449,0.339886265575862,-0.572426253876353,1.87546777149093,0.225349775778957,6.39361702127655,41.1891341256367,-1.43157894736839,11.4974834134065,2.5,5.5,0,8,1207.7,1078.1,1069.55,1065.45,0.877070438728395,1.41834747234463,1.33012954347388,0.721686916974175,0.770992558177177,1.01280790587395,0.228009781797397,0.589455797849779
"phase_018_subj_88",0.501,0.317,-0.989352682684041,1.64996712807527,-0.24225465027014,0.263202821357132,-13.6699490662138,-85.1582236842105,54.0208333333334,12.3333333333333,0,8.5,0.5,9,981.8,940.35,787.85,797.7,-0.0123031441216842,0.30352546135369,0.67950013049503,0.396127974883977,0.967421566101701,1.12473225071187,1.30766006498618,0.887146559018876
"phase_018_subj_89",1.009,-0.044,1.23833549603048,-1.3082084847735,-1.46044625375105,2.82910621956355,-108.292703349282,111.841064198959,-10.3483184625944,-63.8947368421052,1.5,9.5,0.5,9,1073.4,961.85,957.25,1140.45,-0.166446583856948,-0.0196343355334212,-0.207355431633927,-0.365703681958825,-0.711483095685946,0.598450467847341,0.819339915429011,0.155436348828335
"phase_018_subj_9",0.576,0.66,1.28541318370939,-0.288959767710541,0.0342635078129847,0.0760707421632825,-64.2738153395213,19.0952967525195,20.4232265446225,-2.1426900584795,1,9,0.5,10,1208.25,1125,1080.15,1043.55,1.1151283423195,0.0310540959391454,1.10427572187835,0.30667230770157,-0.36610635680057,1.01613187938882,-0.182927814274306,1.09680356209351
"phase_018_subj_97",0.375,0.738,0.874116385688537,0.79116462513207,-0.18419955957893,1.83547029026289,-68.5263157894736,-53.2056737588651,-11.4526315789474,-48.6626773049645,2.5,8.5,0,10,1014.45,1012.7,960.85,984.85,0.373538635695346,0.192829398078695,0.477524743890517,-0.407556004529337,0.242905003413035,-0.103104319345059,-0.242905003413035,-0.212656808822794
"phase_018_subj_98",0.312,0.228,0.0575542684536317,0.214070514685845,0.104855852677998,0.694962091512706,16.0090868794326,-4.04720744680856,-14.6485568760611,-12.8597317868793,5,6,2,8,959.4,995.65,971.75,951,0.743488109696182,0.937361240986172,0.615327953223206,0.269626287365089,0.746766482459949,1.26394554804586,0.267238095035334,1.16326616131075
"phase_019_subj_10",-0.173,0.624,1.03919887571453,2.44106278625976,0.219671122431826,0.458886797563756,12.5208333333333,-78.7848731884058,-34.4226507092199,-104.114583333333,0,8.5,0.5,10,723.1,770.85,706.2,792.15,0.904156598188437,0.406882571918523,0.952219974616439,0.994423262295821,1.12473225071187,0.746766482459949,0.208795672190399,1.42234834495938
"phase_019_subj_12",0.864,0.756,1.22911877663772,0.787360920160059,0.203841808966827,0.634362500604221,-13.8958333333333,-80.2083333333334,-24.4780701754386,2.26041666666663,0.5,10,0.5,9,593.45,548.3,547.85,475.45,1.12729019181294,0.640168582388044,0.417659388027582,0.277489568110469,0.125661346855074,0.229884117579232,0.314621369220341,0.204135331442211
"phase_019_subj_13",-0.062,-0.155,1.65785124091057,0.782073400306968,-0.31887158541965,0.331369358866101,-59.331868640148,-48.3297872340426,3.33197463768113,-11.3577606358111,1,7.5,0,9,820.95,953.25,763.05,789.7,1.1231342762257,1.03165148218479,0.782158253380916,0.429898111394294,1.70163349106501,0.940833279977482,0.967421566101701,0.790744042489441
"phase_019_subj_14",0.097,0.89,-0.571447152025053,-0.307157809190207,-0.0998933717258002,-0.579326942135171,-10.6860745614035,-7.87500000000011,-22.3304521276596,-75.9716008771929,1.5,10,0,10,984,861.55,960.2,899.85,0.788054168973954,0.0704165079294359,0.352054576215075,0.306926699308546,0.967421566101701,0.472789120992267,NA,0
"phase_019_subj_15",-0.019,0.507,-0.393381067522047,1.62319040774166,1.51450565844397,0.0417839486320175,-14.96875,3.80208333333337,-32.4687500000001,48.7660087719298,2,10,0.5,8.5,691.65,645.15,614.6,598.511111111111,0.472812662418612,0.707952951709286,0.284457560779971,-0.183618120083886,0.510981813262642,0.814587415031005,0.51210026464174,2.00385495559549
"phase_019_subj_16",0.8,0.888,-0.538477128631807,0.136998382473701,-0.563398012012152,-1.16778259648089,25.9894736842105,1.40153508771925,45.0301535087721,32.2466397849462,0.5,9,0.5,9.5,657.05,618.4,626.2,570.5,0.466165796743426,0.470316714044584,0.296330699712625,0.639950840372721,-0.383771163976538,0,0.252568978807945,-0.0590982736705044
"phase_019_subj_18",0.407,0.501,-0.499585608807217,1.55139708267943,-0.68589918667991,1.60775855783164,26.3277412280701,-99.8105263157895,30.820564516129,-75.8774879890185,2.5,9.5,0.5,9,819.55,647.4,730.588888888889,678.35,1.65767765465478,0.444876588187459,0.322216477104768,0.364083954117126,0.747858594763302,0.149286830474914,-0.30723965078727,0.715117144704853
"phase_019_subj_19",0.366,-0.012,0.952338684840465,0.987062233177789,1.30940080075518,-0.37101500204422,-125.181787634409,-37.4842105263158,-48.5325091575093,-44.9684210526316,2.5,6,1,7,893.777777777778,846.9,666.75,819,0.843172369125912,0.32207686790237,0.437944151148511,-0.184631041263298,0.315478436382097,0.918729067826968,-0.791638607743375,-0.625797251921349
"phase_019_subj_2",0.014,0.164,0.664512576640989,0.185713339081413,0.668254913422941,1.44461987159287,-28.6368421052632,-35.4270833333334,-9.5625,-87.1249999999999,0.5,4.5,1.5,5.5,789.95,790,699.65,687.05,0.89529383614703,1.00243946218467,0.770358665243632,0.928125930912992,1.47660235686865,0.614437757969744,0.871671944912287,1.9348431322034
"phase_019_subj_20",0.191,0.719,0.0567215340685441,0,0.501995116590389,-0.00996243994114421,-18.8503989361702,26.0105263157895,-22.8829787234042,21.5851063829788,4,6,1,9,960.777777777778,965,941.083333333333,832.65,1.42128519564892,1.01911783291385,0.407936214445949,1.64276332254189,1.16326616131075,0.871671944912287,0.807415775079044,0.866919444514281
"phase_019_subj_21",0.4,0.365,0.26444614374703,0.846874632224146,1.35756898592452,-0.725073714359899,-2.875,5.26041666666663,-28.6666666666665,10.0213815789473,0.5,8,0.5,10,690.65,655.5,619.55,562.4,0.974715673813403,1.36373780368163,1.42878029083574,1.01173813067776,0.576534751048494,0.650061859563115,0.699204805362594,1.24963771316421
"phase_019_subj_22",0.087,0.491,0.0956463642509291,1.28252258234179,-1.12367996099985,-0.294424061444356,-53.8368421052631,-81.9350620567376,42.4395833333334,7.30220713073015,1,8,0,10,716.8,771.3,673.45,662.8,0.680782695467825,0.301982539840412,0.269369156973993,0.82037248354909,1.33731439261308,0.459768235158464,0.542631151017738,1.09680356209351
"phase_019_subj_23",0.516,0.398,1.28450734982124,-0.727776816031375,0.495847568081762,-0.84335183780469,-147.650068681319,-9.90313549832024,-83.4166666666666,-31.684811827957,2.5,9,0.5,10,939.2,845.4,789.5,852.5,1.13019513162915,0.927558182137884,0.724141133565036,0.589371601340498,1.74744993974803,1.53412054435255,2.20861029454863,1.41154707172692
"phase_019_subj_25",0.233,0.493,0.17438316041394,-0.482425251959645,-0.488705105235772,0.959459955067104,20.1560283687943,-20.4736842105264,37.1274356103023,-101.392137096774,1,9,0,10,970.5,865.25,723.25,676.65,0.913989803268149,0.517627884101495,1.02893424273709,0.407633864889522,-0.0874686545846997,0,0.723200063483196,0.201700629203814
"phase_019_subj_26",0.992,1.088,0.778339600228619,0.335387694597665,-8.88178419700125e-16,1.76427083229274,-90.4398026315789,-79.7604166666666,-28.6947368421053,-134.145833333333,0.5,8,0,10,710.6,706.05,674.95,666,0.465937940227968,0.650152365163555,0.822832280015257,0.422376833119001,0.415572560998937,0.715117144704853,1.40840548252239,0.674489750196082
"phase_019_subj_27",0.219,0.444,-0.296923711698092,-0.0708514101690825,-0.229770582359962,1.21808387633102,-52.4334429824561,-62.7083333333333,1.625,-93.3024122807018,2.5,10,1.5,10,634.15,560.45,557.055555555556,523.8,0.108732951871109,0.172685298910728,-0.148707731505105,0.283351326820329,1.14727887118835,0.125661346855074,0.873519941618376,0.242905003413035
"phase_019_subj_30",1.046,0.965,0.275958983289449,-0.111714788690043,0.898377148336427,-0.652812476240309,-18.96875,-13.8947368421053,-43.8064516129033,91.9042553191489,0,9,0.5,10,713,615.15,699.9,599.45,0.592175997792461,0.555132765162394,1.00625613842417,1.00243946218467,1.28041501885804,1.04880102541608,1.56163630921496,0.879122704883619
"phase_019_subj_31",0.727,0.77,0.407162687619869,-0.385681207845701,-1.14593057311481,1.32427299225007,-12.1263157894737,0.0860805860804703,68.1232974910395,-81.7052631578947,1,9,0,10,705.3,674.75,664.25,678.35,0.948028950933901,1.05367623009624,0.199925648030204,0.20969450905906,0.810110881491531,0,-0.497812226583821,0.548828403341008
"phase_019_subj_33",0.275,0.69,-0.865580667561417,-0.29870075068667,0.814894357916571,0.963668509438922,-9.54722936637825,-44.3052631578947,-39.0695408734601,-105.655991041433,1,9.5,0,10,1008.64444444444,898.45,847.4,802.25,1.2948454125183,1.59907635804601,0.862115139180289,0.56947957292999,0.524400512708041,0,0.212656808822794,0.841760219246627
"phase_019_subj_34",0.331,1.05,1.13647236625611,-0.325158825191659,-0.237301176537991,-0.467093984613892,-55.3541666666667,-5.20722517730508,-49.2469298245613,-46.7473684210526,2.5,9.5,0.5,10,911.605555555556,851.7,952.05,777.25,1.30071534471785,1.58051817173847,1.15415982754514,0.962825567632947,0.492644541310433,1.11396495156387,0.488776411114669,1.66521027416315
"phase_019_subj_35",-0.525,-0.462,1.22012607605364,1.70871380324246,-0.466589609671793,1.27774799071951,-56.8320035460994,-61.3684210526314,-27.7470394736843,-69.691995614035,0.5,10,0,9.5,841.2,766.9,789.3,725.75,0.881149145963888,0.89479831503634,0.21253931780992,0.511184791957927,0.282972031465245,1.03643338949379,0.1226700543141,1.09308291295678
"phase_019_subj_39",0.206,0.92,0.802024510389734,0.272469093139454,0.477127749540388,-0.466891930650176,-41.6145833333333,-55.5496710526315,-89.8855226641998,-13.8125,4,7.5,1,8,1014.3,1000.3,913.05,930.6,1.44387656688217,1.18036738935586,0.203282890224324,0.622244937160137,2.48036537704193,-0.0955079512755013,1.38299412710064,2.12357634220232
"phase_019_subj_4",0.477,0.672,-0.151126417251907,0.899309776228831,-0.770388087543888,0.288823643924942,-7.47916666666663,-52.7790570175439,18.7291666666667,-44.3473684210526,2,8.5,0.5,9.5,917.3,925.55,911.55,889.85,1.07239758175615,1.07366444258433,0.634812613466171,-0.219924403623862,1.06224491884205,0,1.05981021660365,0.0316493377550967
"phase_019_subj_40",-0.353,0.357,0.521740878799019,-0.138076500979287,0.493113632596428,-0.495847568081762,-76.3191489361701,54.5781798245614,-13.4253289473684,10.3125,1.5,9,1.5,9,770.6,751.9,781.15,696.55,-0.0356414593053357,0.35744644482856,0.569473695845188,0.0226042501232735,0.131202185168593,0.0733688445672204,0.648782202137326,-0.385320466407568
"phase_019_subj_41",0.466,0.736,-0.0771562115088527,0,-0.625744881101525,0.900719831899794,-56.7679824561404,-0.0104166666666288,35.7935307017544,-71.0777412280701,0.5,9,0,9,788.35,773.15,776.2,645.4,0.952285203127408,0.859451660397281,0.721780514580424,0.645253650265513,0.754217242431281,-0.0802750070828255,0.110733082598927,0.472789120992267
"phase_019_subj_42",0.288,0.891,-0.126954814113037,-0.18279874694851,-0.170102789370856,0.0262166393507512,-6.52518392756087,-47.5092105263159,-9.38739035087713,-7.39999999999998,1.5,9,1.5,8,780.55,728.25,727,661.1,0.34632822144165,0.605477900283577,0.36094350141392,0.23538243833963,1.32668767967275,0.904373867775314,0.674489750196082,0.0603701725997241
"phase_019_subj_43",0.18,0.518,-1.01828784521329,1.99162618211316,-2.58714559696777,-1.19412959772761,1.6559139784946,-97.372228443449,68.0875,72.4883538633818,1,9.5,0,9.5,906.75,829.35,892.2,853.05,1.61496968965838,1.0330090373691,0.659232470498584,1.07363801310243,0.362538128355734,0.229884117579232,-0.315478436382097,0.737537448522469
"phase_019_subj_45",0.034,0.595,1.07057301187424,0.378839465897749,0.449430133563971,1.25651888648737,-80.5104166666666,-12.5625,-8.30208333333337,-47.375,1.5,7,0,9.5,801.7,876.927777777778,700.55,817.35,0.614600275324192,0.400189476140397,0.125031995592094,0.722110610615991,1.38279042377513,1.2595331605439,-0.208795672190399,0.866919444514281
"phase_019_subj_46",0.917,1.124,0.523409144425451,-0.268747622618367,-0.520182984928958,0.417875765094258,-20.0433114035087,12.3980496453901,56.6322368421053,-43.3125,1.5,9.5,0.5,9,934.05,851.45,808.15,840.05,0.141135308066928,0.993273155174645,0.640811584352949,0.243548524996018,0.754217242431281,0.874096877522237,0.770640932815135,-0.103104319345059
"phase_019_subj_47",0.822,0.214,-0.837377770995809,0.911522861828341,0.0457712324622936,0.425608542985901,36.9798245614035,-43.1733156028369,0.149832026875742,-2.87390817469202,2,8,0,9.5,947.7,934.55,1008.35,880.1,0.109793506342731,0.544680832258691,0.31904885996306,-0.00723025369278996,0.604930411956368,-0.51797447718407,0.841760219246627,0.459768235158464
"phase_019_subj_48",0.636,0.81,-1.17310552369605,2.71032185975173,0.510646721939437,1.70069672807109,6.50526315789477,-88.9887061403508,-2.20087719298249,-28.1979166666667,1.5,10,0,9.5,921.8,936.55,892.7,884,1.04450787657795,2.0064678643069,0.53977657967324,0.767259729832942,2.03749593939488,1.9348431322034,1.66687203195217,1.77429311803775
"phase_019_subj_49",0.3,0.997,-0.0356370538791579,1.38646058663246,-1.22799582415613,0.321748574279232,14.4654304029303,-95.8396929824561,48.3711086226203,-56.7585666293393,4.5,6,0.5,8,953.533333333333,993.794444444444,1012.96428571429,1005.25,0.989365885167866,0.44958677809878,0.631760804355471,0.856542405382578,1.10444240690838,1.67878516676225,1.90739463980868,0.676718164770951
"phase_019_subj_53",1.023,1.109,0.0203277427245929,-0.0389769583332078,-0.522001144887179,1.14085508563433,11.3032894736842,-31.0833333333333,81.601902173913,-43.4100177304964,0,9.5,1,8,968.15,978.05,922.25,962.65,0.608523324740783,0.266734971075923,0.540437571935869,0.230426487318159,-0.858109587399835,0.446977591644011,0.156554800207434,0.747858594763302
"phase_019_subj_54",0.529,0.362,0.811448640584164,1.46766387617657,0.402386141110131,1.22295068134569,39.3936170212766,2.40425531914889,-17.6030585106383,-43.2314311594204,0.5,10,0,9.5,742.655555555556,592.95,686.1,561.95,0.289054281835994,0.223939770804854,0.382869319991938,-0.30245773943069,-1.01688777030007,0.297690761169097,0.607061815348519,0.377965768251923
"phase_019_subj_6",0.073,0.504,0.949083451365333,-0.0907196829111692,0.69583600564188,-0.217663079759207,-113.217257683215,-77.3880494505495,-10.11797752809,-79.8950513985179,2,9.5,1,8.5,962,764.75,907.4,922.45,0.277284750327622,1.24766244877625,0.609166922462152,0.609166922462152,0.95670589725859,1.56496028272982,0,-0.608420237457682
"phase_019_subj_8",0.159,0.731,1.29603314055998,1.61010407898846,0.965621730641631,1.2252871566258,-63.4933510638298,-90.775548245614,-29.9183626271971,-63.6623903508771,1,8,0,9.5,1101.1,1102.7,1054.57222222222,1057.1,0.710587137607356,0.923909305585895,0.466163843833729,0.152976974899699,0.258892293535437,0.564432294125016,0.967421566101701,0.223349441049209
"phase_019_subj_9",0.656,0.431,0.282157905941653,1.82417732287859,0.284273092134102,1.62738757103638,-15.8143445435827,-95.8477393617021,-42.0236787920384,-156.385354691075,3,3.5,1,6.5,1265.75,1371.85,1240.8,1318.4,0.761294185460207,0.958934915507335,0.153256078386155,1.28494732651329,0.751426823208137,1.67566218693345,1.15774496454394,0.315478436382097
"phase_020_subj_1",0.591,0.82,1.44548111367628,0.707101201868837,0.856386484691623,1.25953473142324,-96.130852059925,5.52697368421047,-31.5425531914893,-67.436559139785,2,9.5,0,10,720.961111111111,718.15,666.4,633.4,0.551564152002052,0.458010524732715,0.569577606723713,0.457291011954849,-0.746766482459949,-0.0725734329690615,-1.37592297013355,0.125661346855074
"phase_020_subj_2",0.268,0.17,-0.290066798687366,1.7211765270347,0.567067922877652,0.151877042197122,-35.0279833487511,-50.9684210526316,-13.7789473684211,-44.6354166666667,3,8,2,8.5,1013.55,1030,1102.85,939.077777777778,0.65533089763407,-0.274041256587891,0.358320079325449,0.207075749215972,-0.582101099694134,0.463794450994704,-0.614437757969743,0.977742712342534
"phase_020_subj_3",0.836,1.065,-0.624629252311057,0.676184737623363,0.151126417251908,0.689819908236523,-31.09375,-62.40625,-1.02083333333337,-60.0208333333334,2,7.5,0,9.5,792.95,816.9,652.6,680.3,1.80266944827759,0.781902524212432,1.06931938245256,0.563540543194966,2.4384802243482,3.28970725390294,0.944664746502767,1.8747377445307
"phase_020_subj_4",-0.295,0.499,-1.63650158806134,0.151126417251908,0.298822983599381,0.108136022932295,11.6638157894737,1.40625,5.74934210526317,-45.7446808510638,3.5,7.5,1.5,8,1244.4,1287.2,1247.35,1215,0.638954705096676,1.24053309141546,1.60650343146384,0.544258913069103,0.501826092611308,2.78742519167841,0.904373867775314,1.64191131629778
"phase_020_subj_5",0.093,0.192,0.88648475132538,0,0.752661421830922,1.84034505704864,-15.28125,-8.5625,-5.1883865248227,-48.5359649122807,1.5,9,0.5,9.5,795.65,734.3,705.15,693.85,1.07128725877954,1.23626985899181,1.24168235326404,1.37134381726768,1.31100267096054,1.55687736395148,0.488776411114669,0.0850339523463032
"phase_020_subj_6",0.68,0.386,0.769893398795038,2.29847922115269,1.82221492714275,1.04370910591223,-6.45913978494627,-173.639266706091,-67.7083333333333,-84.6316885964912,4.5,4.5,0,6.5,1076.8,1073.55,931.7,1035.45,1.06307937902685,1.66730706752588,0.695721360086438,1.05809741116737,0.879122704883619,2.08199522913772,-0.939920986128083,1.47660235686865
