V1,ParticipantID,ses_1,ses_2,ses_3,ses_4,ses_5,ses_6,ses_7,ses_8,ses_9,ses_10,coreself_1,coreself_2,coreself_3,coreself_4,coreself_5,coreself_6,coreself_7,coreself_8,coreself_9,coreself_10,SGPS_1,SGPS_2,SGPS_3,SGPS_4,SGPS_5,SGPS_6,SGPS_7,SGPS_8,SGPS_9,NPI1,NPI2,NPI3,NPI4,NPI5,NPI6,NPI7,NPI8,NPI9,NPI10,NPI11,NPI12,NPI13,NPI14,NPI15,hsns_1,hsns_2,hsns_3,hsns_4,hsns_5,hsns_6,hsns_7,hsns_8,hsns_9,hsns_10,ID,trap1,correct_answer,trap1_item
1,671,3,4,3,3,4,4,3,4,4,3,4,5,4,4,5,5,4,5,4,4,1,2,2,1,1,2,2,1,2,0,0,0,0,0,0,1,0,1,0,0,0,0,0,0,4.0,1.0,2.0,1.0,2.0,1,1.0,2.0,4.0,2.0,phase_003_subj_13,,,
2,60,4,3,4,4,4,3,4,4,4,3,5,4,5,4,5,5,5,4,4,5,2,1,3,2,3,2,1,2,1,0,0,0,0,0,0,0,0,0,0,0,0,0,0,0,4.0,3.0,4.0,2.0,3.0,1,4.0,2.0,2.0,4.0,phase_003_subj_2,,,
3,460,4,4,4,4,4,4,4,4,4,4,4,2,3,4,4,4,5,3,4,5,4,3,2,2,3,2,2,2,2,1,0,0,0,0,0,1,0,0,0,0,0,1,1,0,4.0,1.0,1.0,2.0,2.0,4,4.0,3.0,4.0,2.0,phase_003_subj_10,,,
4,148,4,4,4,4,4,4,4,4,4,4,5,5,5,5,5,5,5,5,5,5,1,1,1,1,1,1,1,1,1,1,1,1,1,0,0,1,0,0,1,1,0,0,0,0,5.0,1.0,1.0,1.0,1.0,1,3.0,1.0,3.0,1.0,phase_003_subj_4,,,
5,216,4,4,4,4,4,4,4,3,4,4,5,5,5,5,5,5,5,5,5,5,1,1,1,1,1,1,1,1,1,1,1,1,1,0,0,1,0,0,1,1,0,0,0,0,5.0,1.0,1.0,1.0,1.0,1,3.0,1.0,3.0,1.0,phase_003_subj_6,,,
6,693,4,3,4,3,4,3,2,2,3,4,4,4,4,5,5,4,4,4,4,5,4,4,4,4,3,4,4,5,4,0,0,0,0,0,1,1,0,1,0,1,0,1,0,1,4.0,2.0,5.0,2.0,4.0,2,4.0,2.0,5.0,4.0,phase_003_subj_15,,,
7,584,3,4,4,3,3,3,3,3,4,4,4,4,4,4,4,4,4,4,4,4,1,1,2,1,2,2,2,1,1,1,1,1,1,1,0,1,1,0,1,1,1,1,1,1,4.0,1.0,3.0,2.0,2.0,4,4.0,3.0,2.0,1.0,phase_003_subj_12,,,
8,178,3,3,1,3,1,3,2,1,4,4,3,1,2,3,3,3,3,2,3,2,2,1,2,2,3,2,2,3,2,0,0,0,0,0,0,1,0,1,0,0,0,0,1,0,5.0,4.0,3.0,3.0,3.0,2,3.0,4.0,4.0,2.0,phase_003_subj_5,,,
9,396,3,3,3,3,3,3,3,3,3,4,3,2,2,4,1,4,2,3,3,2,2,3,2,3,2,2,2,2,3,0,0,0,0,0,0,0,0,0,0,0,0,0,0,0,4.0,3.0,4.0,2.0,3.0,3,4.0,4.0,3.0,1.0,phase_003_subj_8,,,
10,403,3,4,4,3,3,3,3,1,3,4,5,4,2,4,4,5,5,4,4,4,4,4,4,5,4,4,4,5,4,0,0,0,0,0,1,0,1,1,0,0,0,0,0,0,5.0,2.0,4.0,2.0,5.0,4,4.0,4.0,5.0,4.0,phase_003_subj_9,,,
11,60,3,3,4,3,3,3,1,3,3,3,4,4,4,4,2,4,4,4,4,4,2,3,1,2,3,2,2,4,2,0,0,0,0,0,0,1,0,1,0,0,0,0,0,1,5.0,2.0,4.0,2.0,5.0,4,4.0,5.0,3.0,2.0,phase_003_subj_3,,,
12,569,3,3,4,3,3,3,3,3,3,3,4,4,2,4,4,4,4,4,4,4,2,2,2,2,2,2,2,4,2,0,1,0,1,1,0,1,1,0,1,1,0,1,0,0,5.0,1.0,4.0,1.0,1.0,2,2.0,4.0,4.0,1.0,phase_003_subj_11,,,
13,49,4,4,1,4,4,3,3,4,4,4,4,5,5,4,5,4,5,5,4,4,2,1,2,2,2,2,2,1,2,1,1,1,1,1,1,1,1,0,1,1,1,1,1,1,4.0,2.0,4.0,2.0,1.0,4,4.0,3.0,2.0,2.0,phase_003_subj_1,,,
14,20231101,4,4,4,4,4,4,4,4,4,4,5,5,3,5,4,5,5,5,5,5,1,1,1,1,1,1,1,5,1,1,1,1,1,1,1,1,1,0,1,1,0,1,0,1,5.0,3.0,3.0,1.0,1.0,5,3.0,5.0,4.0,1.0,phase_003_subj_14,,,
15,681,2,2,3,3,2,2,2,2,2,2,3,2,1,3,2,2,2,2,2,2,2,2,2,2,2,1,1,4,1,0,0,0,0,0,0,0,0,1,0,0,0,1,0,0,5.0,3.0,4.0,5.0,5.0,4,3.0,5.0,4.0,2.0,phase_003_subj_14,,,
1,37,4,4,4,4,4,4,4,3,4,4,5,5,5,5,5,5,5,5,5,5,1,1,1,1,1,1,1,1,1,1,1,1,1,0,0,1,0,0,1,1,0,0,0,0,5.0,1.0,1.0,1.0,1.0,1,3.0,1.0,2.0,1.0,phase_004_subj_1,,,
2,498,4,4,4,4,4,4,4,3,4,4,5,5,5,4,5,5,5,5,5,5,1,1,1,1,2,2,1,1,1,1,1,1,1,0,0,1,0,0,1,1,0,0,0,0,5.0,1.0,1.0,1.0,1.0,1,2.0,1.0,2.0,1.0,phase_004_subj_15,,,
3,443,4,3,3,3,4,3,4,2,4,4,4,5,3,4,4,4,2,5,4,4,2,2,2,2,2,1,1,2,1,0,0,1,0,0,1,1,0,0,0,1,0,1,0,1,5.0,2.0,4.0,2.0,4.0,5,4.0,4.0,5.0,4.0,phase_004_subj_10,,,
4,416,3,4,4,3,3,3,4,2,4,3,5,4,5,4,4,4,5,4,1,4,4,5,4,4,3,4,4,5,4,0,0,0,0,0,0,0,0,1,0,0,0,1,0,1,4.0,5.0,4.0,1.0,4.0,5,4.0,4.0,5.0,4.0,phase_004_subj_9,,,
5,670,3,4,4,3,3,4,3,3,4,4,4,5,4,5,5,4,4,5,5,5,3,1,1,2,2,2,1,2,1,1,0,0,0,0,0,1,0,0,0,0,0,0,0,0,5.0,4.0,1.0,1.0,2.0,2,4.0,5.0,1.0,4.0,phase_004_subj_19,,,
6,287,3,4,4,4,4,3,4,4,4,4,4,5,4,5,5,4,5,5,4,5,1,1,2,1,1,2,1,2,1,1,0,1,0,0,0,1,0,1,0,0,0,0,0,0,5.0,1.0,1.0,2.0,4.0,4,5.0,2.0,1.0,2.0,phase_004_subj_6,,,
7,225,3,4,4,3,4,3,4,2,4,4,5,4,5,4,4,4,5,4,4,4,4,5,4,4,2,3,4,5,4,0,0,1,0,0,1,1,0,0,0,1,1,0,1,0,5.0,2.0,4.0,1.0,5.0,4,4.0,5.0,5.0,4.0,phase_004_subj_4,,,
8,455,4,4,4,3,3,4,4,3,4,3,4,5,5,4,4,5,5,4,4,4,2,1,1,2,2,1,1,1,2,1,1,1,1,1,1,1,1,1,1,1,1,1,1,1,4.0,2.0,5.0,1.0,1.0,4,5.0,4.0,5.0,2.0,phase_004_subj_12,,,
9,355,4,4,3,3,4,4,3,4,3,4,5,5,5,4,4,5,4,5,4,5,1,1,2,2,1,2,2,2,1,0,0,0,0,0,0,1,0,1,0,0,0,1,0,0,4.0,1.0,4.0,2.0,1.0,2,5.0,4.0,4.0,1.0,phase_004_subj_7,,,
10,70,3,4,3,3,4,4,3,4,3,4,5,5,5,4,4,5,4,5,4,4,2,1,2,2,2,1,1,1,2,0,0,0,0,0,1,1,0,1,0,0,0,0,0,0,4.0,2.0,1.0,2.0,1.0,2,4.0,2.0,4.0,2.0,phase_004_subj_2,,,
11,524,4,3,4,4,3,3,4,3,4,4,4,5,4,4,5,5,4,5,4,4,2,1,2,2,1,2,1,2,2,0,0,0,0,0,0,1,0,0,0,0,0,0,0,0,4.0,2.0,1.0,2.0,1.0,2,2.0,4.0,5.0,1.0,phase_004_subj_16,,,
12,453,3,3,3,4,3,4,3,3,3,3,3,4,3,4,4,4,5,3,4,4,2,2,2,2,2,2,1,2,1,0,1,1,1,1,1,1,1,0,1,1,0,0,0,1,5.0,2.0,4.0,1.0,3.0,5,4.0,4.0,3.0,2.0,phase_004_subj_11,,,
13,570,3,4,4,4,4,3,4,1,4,4,5,4,5,4,5,5,4,5,4,5,2,1,2,1,1,2,2,1,1,1,0,0,0,0,0,1,0,0,0,0,0,1,1,0,5.0,1.0,1.0,2.0,4.0,4,5.0,5.0,2.0,1.0,phase_004_subj_17,,,
14,462,4,3,4,3,3,3,3,4,4,3,4,3,3,4,3,4,3,3,4,5,1,1,2,2,2,1,2,1,2,0,0,0,0,0,0,0,0,0,0,0,0,0,0,0,5.0,4.0,4.0,2.0,2.0,3,4.0,4.0,3.0,1.0,phase_004_subj_13,,,
15,117,3,3,4,3,3,4,3,3,3,4,4,3,3,4,3,4,3,3,4,4,2,2,2,1,2,2,2,4,2,0,0,0,0,0,0,0,0,0,0,0,0,0,0,0,4.0,3.0,4.0,2.0,3.0,3,4.0,4.0,3.0,1.0,phase_004_subj_3,,,
16,667,4,3,4,4,2,3,4,4,4,4,4,4,3,4,4,4,4,3,4,5,2,2,2,1,2,2,2,3,1,0,1,0,0,0,0,1,1,0,1,0,0,0,0,0,4.0,3.0,3.0,1.0,2.0,2,3.0,2.0,4.0,1.0,phase_004_subj_18,,,
17,401,3,4,3,3,3,3,3,3,3,4,4,3,2,4,3,4,3,3,4,4,2,2,2,2,2,2,2,1,2,0,0,0,0,0,0,0,0,0,0,0,0,0,0,0,4.0,3.0,3.0,2.0,3.0,3,4.0,4.0,5.0,2.0,phase_004_subj_8,,,
18,276,3,2,2,3,2,2,2,2,2,2,3,2,2,3,3,2,3,2,3,2,5,4,5,4,4,3,3,4,4,0,0,1,0,0,0,0,0,0,0,0,0,1,0,1,5.0,2.0,3.0,3.0,5.0,4,4.0,4.0,2.0,4.0,phase_004_subj_5,,,
1,21,3,3,4,3,4,3,3,4,4,4,4,5,4,3,4,4,4,4,4,5,1,1,1,1,2,1,4,4,1,0,0,0,0,0,0,1,0,0,0,0,0,0,0,0,4.0,4.0,4.0,4.0,4.0,3,4.0,4.0,2.0,2.0,phase_005_subj_1,,,
2,577,3,4,3,3,4,4,3,3,4,4,4,4,5,4,4,5,4,5,4,4,2,1,2,2,3,2,4,2,1,0,0,0,0,0,0,0,0,1,0,0,0,0,0,0,5.0,2.0,2.0,1.0,2.0,1,4.0,5.0,1.0,2.0,phase_005_subj_14,,,
3,566,4,3,4,3,3,4,3,1,4,4,4,4,5,4,4,5,4,5,4,4,4,5,4,4,1,3,4,5,4,0,0,0,0,0,1,1,0,0,0,0,0,0,0,0,5.0,2.0,4.0,1.0,4.0,2,4.0,5.0,5.0,4.0,phase_005_subj_13,,,
4,698,3,4,4,3,2,4,3,3,4,4,5,4,5,4,4,4,5,4,4,5,1,1,1,2,2,1,1,2,1,1,0,0,0,0,0,0,1,0,0,0,1,0,0,0,5.0,2.0,1.0,2.0,1.0,3,2.0,5.0,1.0,2.0,phase_005_subj_20,,,
5,266,3,4,4,3,3,4,3,3,4,4,5,4,5,4,4,4,5,4,4,5,1,2,1,1,2,2,1,2,1,1,1,1,1,1,1,1,1,0,1,0,1,1,1,1,5.0,1.0,5.0,2.0,2.0,4,4.0,5.0,1.0,1.0,phase_005_subj_7,,,
6,208,2,2,2,2,2,2,2,1,2,2,2,2,2,2,2,2,2,2,4,2,3,4,4,3,4,3,4,2,4,0,0,0,0,0,0,0,0,1,0,0,0,0,0,0,2.0,3.0,3.0,3.0,4.0,3,3.0,3.0,4.0,2.0,phase_005_subj_6,,,
7,695,4,3,4,4,3,4,4,4,4,4,5,5,5,4,5,4,5,4,5,5,1,2,1,2,1,2,1,1,1,1,1,1,1,1,0,1,0,0,1,0,0,0,0,1,5.0,1.0,3.0,1.0,1.0,2,4.0,3.0,3.0,1.0,phase_005_subj_19,,,
8,448,3,3,3,3,3,3,3,2,3,3,4,3,2,3,3,4,3,3,3,3,2,2,2,3,2,2,4,4,2,0,0,0,0,0,0,0,0,0,0,0,0,0,0,0,4.0,3.0,3.0,3.0,3.0,3,4.0,2.0,4.0,2.0,phase_005_subj_10,,,
9,150,3,4,4,4,3,4,4,3,3,4,4,3,3,4,3,4,3,3,4,4,2,2,2,2,1,1,2,2,1,0,0,0,0,0,0,0,0,0,0,0,0,0,0,0,4.0,3.0,4.0,2.0,3.0,3,4.0,4.0,3.0,1.0,phase_005_subj_4,,,
10,271,3,2,3,3,2,3,3,4,4,4,4,4,3,4,3,4,3,3,3,5,2,2,3,2,4,2,3,3,2,1,0,0,1,0,0,1,1,0,0,0,0,1,0,0,2.0,3.0,2.0,3.0,4.0,2,3.0,4.0,2.0,2.0,phase_005_subj_8,,,
11,192,3,3,3,3,3,3,3,3,3,3,3,4,2,4,4,4,3,4,4,4,2,2,2,2,2,2,2,4,2,0,0,0,0,0,0,0,0,1,0,0,0,0,0,0,4.0,2.0,2.0,4.0,4.0,2,2.0,4.0,2.0,2.0,phase_005_subj_3,,,
12,411,3,4,4,4,3,4,3,3,4,4,5,4,5,5,4,4,5,4,5,4,4,5,4,3,5,5,3,2,3,0,0,0,0,0,1,0,0,0,0,0,0,0,0,1,4.0,1.0,4.0,1.0,2.0,3,3.0,4.0,2.0,3.0,phase_005_subj_9,,,
13,533,3,3,3,3,3,3,3,4,3,3,4,2,3,4,3,4,4,3,4,4,1,1,2,2,2,1,2,1,2,0,0,0,0,0,0,0,0,0,0,0,0,0,0,0,5.0,4.0,4.0,1.0,3.0,3,4.0,4.0,3.0,1.0,phase_005_subj_12,,,
14,649,4,3,4,3,3,4,3,3,4,4,5,4,2,4,3,5,4,3,4,5,4,3,4,3,4,4,3,4,2,1,0,0,0,0,1,0,0,0,0,1,0,1,0,0,5.0,2.0,4.0,1.0,2.0,2,2.0,4.0,1.0,3.0,phase_005_subj_16,,,
15,48,4,4,3,3,4,3,3,3,3,4,4,3,3,4,3,4,3,3,4,4,1,1,2,2,2,2,2,2,1,0,0,0,0,0,0,0,0,0,0,0,0,0,0,0,5.0,3.0,3.0,1.0,3.0,3,4.0,4.0,3.0,2.0,phase_005_subj_2,,,
16,171,3,3,4,3,3,3,3,4,4,4,4,4,4,4,5,4,5,4,4,5,2,2,2,2,2,2,1,4,1,0,0,0,0,0,0,1,0,1,0,0,0,1,0,0,5.0,1.0,1.0,1.0,4.0,1,2.0,1.0,1.0,1.0,phase_005_subj_5,,,
17,666,3,3,3,3,3,3,4,2,2,3,4,3,2,4,3,4,3,3,4,4,3,3,4,4,3,3,4,4,4,0,0,0,0,0,0,0,0,0,0,0,0,0,0,0,4.0,4.0,5.0,3.0,4.0,3,4.0,3.0,2.0,3.0,phase_005_subj_17,,,
18,668,3,3,4,3,3,4,4,3,3,4,4,4,4,4,5,5,4,3,4,5,2,3,1,2,2,2,2,4,1,0,0,0,0,0,0,1,0,0,0,0,0,0,0,0,5.0,2.0,2.0,1.0,1.0,2,2.0,1.0,1.0,2.0,phase_005_subj_18,,,
1,447,4,4,4,4,4,4,4,3,4,4,5,5,5,5,5,5,5,5,5,5,1,1,2,1,1,2,1,4,1,1,1,1,1,0,1,1,1,0,1,1,0,0,1,1,5.0,1.0,2.0,1.0,1.0,2,4.0,5.0,2.0,1.0,phase_006_subj_18,,,
2,436,3,4,3,3,4,4,3,2,4,4,4,4,5,4,4,4,5,4,4,4,2,1,2,2,2,1,2,1,2,0,0,0,0,0,0,0,0,0,0,0,0,0,0,0,4.0,2.0,1.0,2.0,2.0,1,3.0,2.0,4.0,2.0,phase_006_subj_15,,,
3,479,4,3,4,3,3,4,3,2,4,4,4,4,4,5,5,4,4,4,1,4,4,5,4,4,3,4,4,5,4,0,0,0,0,0,0,1,0,1,0,0,0,1,0,0,5.0,4.0,5.0,2.0,4.0,2,4.0,5.0,4.0,4.0,phase_006_subj_20,,,
4,422,3,4,4,3,3,3,4,2,4,3,4,4,4,4,5,5,4,4,4,5,4,4,4,5,4,4,5,4,4,0,0,0,0,0,1,1,0,0,0,0,0,1,0,1,4.0,2.0,5.0,2.0,4.0,4,4.0,5.0,5.0,4.0,phase_006_subj_13,,,
5,425,4,4,4,3,4,4,4,3,3,4,5,5,4,4,5,5,4,5,4,5,1,2,2,1,2,1,4,5,2,0,0,0,0,0,0,1,0,1,0,0,0,0,0,0,2.0,4.0,1.0,2.0,4.0,1,2.0,4.0,5.0,2.0,phase_006_subj_14,,,
6,440,3,4,4,3,4,4,4,4,3,4,5,5,5,4,5,5,4,5,4,4,2,1,2,1,2,1,2,1,2,1,1,1,1,1,0,1,1,0,0,0,0,0,0,1,4.0,2.0,3.0,2.0,2.0,4,2.0,4.0,5.0,1.0,phase_006_subj_16,,,
7,358,3,4,4,3,4,4,3,3,4,4,5,5,4,4,4,5,5,5,4,4,1,1,2,2,2,1,1,1,2,1,0,0,0,0,0,1,0,0,1,0,0,0,0,1,4.0,1.0,2.0,2.0,1.0,3,5.0,4.0,1.0,2.0,phase_006_subj_11,,,
8,93,4,3,4,3,3,4,4,1,4,3,5,3,4,4,4,5,4,3,4,4,4,4,3,4,3,4,5,5,4,0,0,0,0,0,0,0,0,0,0,0,0,1,0,0,4.0,4.0,3.0,2.0,4.0,3,4.0,4.0,4.0,3.0,phase_006_subj_3,,,
9,312,4,3,4,3,3,4,3,4,4,3,5,4,4,4,4,5,4,4,4,4,4,5,4,4,5,4,4,4,5,0,0,1,0,0,0,0,0,0,0,0,0,0,0,0,4.0,2.0,4.0,4.0,4.0,2,2.0,1.0,2.0,2.0,phase_006_subj_7,,,
10,604,2,2,2,2,2,2,2,2,2,2,2,2,2,3,2,2,2,2,3,2,4,4,4,3,3,4,4,3,4,0,0,0,0,0,0,1,0,0,0,0,0,0,0,0,3.0,4.0,3.0,4.0,4.0,3,3.0,4.0,2.0,2.0,phase_006_subj_24,,,
11,536,4,3,4,4,4,3,3,4,4,4,4,5,5,5,4,4,5,5,4,5,1,2,1,1,2,1,1,1,1,0,0,0,0,0,0,1,0,0,0,0,0,0,0,0,4.0,1.0,2.0,1.0,1.0,1,2.0,2.0,2.0,1.0,phase_006_subj_22,,,
12,349,3,3,4,3,2,3,3,3,4,4,4,2,2,3,2,4,2,3,4,4,4,4,3,2,2,2,4,3,4,0,1,0,1,1,1,0,0,0,0,0,0,0,0,0,3.0,4.0,4.0,2.0,4.0,4,4.0,4.0,5.0,4.0,phase_006_subj_10,,,
13,14,2,2,2,2,2,2,1,2,2,2,2,2,1,2,2,1,2,1,3,2,3,4,4,3,4,4,4,3,3,0,0,0,0,0,1,0,0,1,0,0,0,0,0,0,2.0,5.0,4.0,4.0,5.0,4,4.0,3.0,2.0,5.0,phase_006_subj_1,,,
14,448,3,2,3,3,2,2,2,2,2,2,3,2,2,3,2,2,2,2,3,2,2,4,2,2,3,2,2,2,1,0,0,0,0,0,0,0,0,0,0,0,0,0,0,0,4.0,4.0,4.0,5.0,2.0,3,4.0,2.0,4.0,2.0,phase_006_subj_19,,,
15,446,3,3,4,3,4,4,4,4,4,4,5,4,5,4,4,4,4,3,4,5,1,1,2,1,3,3,1,1,1,0,0,0,0,0,0,1,0,0,0,0,0,0,0,0,4.0,1.0,1.0,1.0,2.0,3,3.0,1.0,2.0,1.0,phase_006_subj_17,,,
16,364,4,4,4,3,4,4,3,4,4,4,5,5,4,4,5,5,4,5,5,4,1,1,2,2,1,2,1,1,2,1,0,0,0,0,0,1,0,0,0,0,0,0,0,1,5.0,1.0,2.0,2.0,1.0,3,4.0,5.0,2.0,2.0,phase_006_subj_12,,,
17,319,4,4,4,4,3,3,4,4,4,4,4,4,4,4,5,5,4,4,4,5,2,3,2,1,2,2,2,1,1,0,0,1,0,0,0,1,0,0,0,0,0,1,0,1,4.0,5.0,4.0,1.0,4.0,5,4.0,4.0,1.0,1.0,phase_006_subj_8,,,
18,272,3,3,3,3,3,3,4,3,3,3,4,3,2,4,3,4,3,2,4,4,3,4,4,3,3,4,2,2,1,0,0,1,0,0,0,0,0,0,0,0,0,0,0,0,3.0,4.0,3.0,2.0,2.0,3,2.0,2.0,2.0,3.0,phase_006_subj_5,,,
19,609,3,4,3,3,4,4,4,3,3,4,4,4,4,4,5,5,4,4,4,5,2,1,2,2,2,1,1,1,2,1,1,1,1,1,1,1,0,0,1,1,0,1,0,1,4.0,2.0,1.0,1.0,2.0,1,3.0,3.0,4.0,2.0,phase_006_subj_25,,,
20,496,4,4,4,3,4,4,3,4,4,4,4,4,4,4,4,5,4,4,5,5,3,4,4,3,4,4,2,4,3,0,0,0,1,0,1,1,0,0,0,0,0,0,0,0,4.0,3.0,4.0,2.0,4.0,3,4.0,4.0,4.0,2.0,phase_006_subj_21,,,
21,112,4,3,4,3,3,4,3,4,3,3,5,4,4,4,5,4,4,4,5,5,2,4,3,2,2,2,2,4,1,0,0,0,0,0,1,0,0,0,0,0,0,0,0,0,5.0,2.0,4.0,1.0,2.0,3,4.0,4.0,2.0,1.0,phase_006_subj_4,,,
22,320,3,3,3,3,2,3,2,3,3,3,3,3,2,3,2,2,3,2,3,3,2,2,3,3,3,3,2,3,1,0,0,0,0,0,0,0,0,0,0,0,0,0,0,0,3.0,2.0,3.0,2.0,3.0,3,2.0,3.0,3.0,2.0,phase_006_subj_9,,,
23,274,4,3,4,3,3,4,3,2,4,4,5,4,5,4,4,5,5,3,4,5,1,2,2,3,1,2,1,2,2,0,0,0,0,0,0,1,0,0,0,0,0,0,0,0,5.0,2.0,3.0,1.0,2.0,1,3.0,1.0,2.0,2.0,phase_006_subj_6,,,
24,595,3,3,4,3,3,3,3,4,4,4,4,4,5,4,4,4,5,4,4,4,2,2,3,3,4,4,2,1,1,0,0,0,1,0,1,1,0,0,0,1,0,1,0,1,4.0,1.0,2.0,1.0,1.0,1,4.0,2.0,5.0,1.0,phase_006_subj_23,,,
25,90,4,3,4,4,4,3,3,4,4,4,5,5,5,4,5,4,5,5,4,5,2,2,2,2,1,2,2,4,2,0,1,0,1,1,0,1,1,0,1,1,0,1,0,0,5.0,1.0,4.0,1.0,1.0,1,2.0,4.0,5.0,2.0,phase_006_subj_2,,,
1,574,3,4,4,3,3,3,4,3,4,3,4,5,5,4,4,5,5,4,4,4,1,2,2,1,1,2,1,2,1,0,0,0,0,1,0,1,1,0,0,0,0,1,0,0,4.0,2.0,1.0,2.0,1.0,2,2.0,1.0,4.0,1.0,phase_007_subj_17,1.0,,
2,170,4,4,4,4,4,4,4,4,4,4,5,5,5,5,5,5,5,5,5,5,1,1,2,1,1,1,4,4,1,0,1,1,0,0,0,1,1,0,0,1,0,0,0,1,5.0,1.0,1.0,2.0,1.0,5,3.0,2.0,4.0,1.0,phase_007_subj_6,5.0,,
3,14,4,4,4,4,4,4,4,3,4,4,5,5,5,4,5,5,5,5,5,5,1,1,1,1,1,1,2,4,1,1,1,1,1,1,0,1,1,0,1,1,0,0,0,1,5.0,1.0,2.0,1.0,1.0,2,4.0,3.0,4.0,1.0,phase_007_subj_1,,,
4,221,3,4,4,3,3,4,4,3,4,3,4,5,4,5,4,4,5,5,4,4,1,2,1,2,2,1,2,1,1,0,0,0,0,0,0,1,0,0,0,0,0,1,0,0,4.0,1.0,2.0,1.0,1.0,2,1.0,2.0,4.0,2.0,phase_007_subj_8,3.0,,
5,397,2,2,2,2,1,2,2,2,2,2,2,2,2,2,1,2,2,2,2,1,4,5,5,4,4,4,4,5,4,0,0,0,0,0,0,0,0,1,0,0,0,0,0,0,4.0,5.0,4.0,2.0,5.0,4,5.0,4.0,2.0,2.0,phase_007_subj_11,2.0,,
6,88,3,3,3,3,3,3,3,3,3,4,4,4,4,4,4,4,4,4,4,4,2,2,2,2,2,2,2,2,2,1,1,1,1,1,1,1,0,0,1,1,1,1,1,1,4.0,2.0,2.0,2.0,2.0,4,4.0,2.0,4.0,4.0,phase_007_subj_4,,,
7,601,3,4,4,3,3,4,3,2,4,3,4,5,5,4,4,5,4,5,4,4,1,2,2,1,2,1,2,1,2,0,1,0,0,0,0,1,1,0,0,0,0,0,0,0,4.0,2.0,1.0,2.0,1.0,1,2.0,2.0,4.0,1.0,phase_007_subj_19,3.0,,
8,534,4,3,3,4,2,3,3,2,3,3,3,2,2,4,2,4,4,2,4,2,1,2,2,2,2,1,1,1,1,0,1,1,1,0,1,0,0,0,1,0,0,0,0,0,5.0,1.0,4.0,1.0,4.0,4,,4.0,2.0,2.0,phase_007_subj_16,2.0,,
9,447,3,3,3,3,2,3,3,2,3,3,3,3,2,4,4,3,3,4,4,3,5,4,5,5,5,3,4,4,2,0,1,1,0,0,1,1,1,0,1,0,0,1,0,0,4.0,1.0,2.0,2.0,5.0,3,4.0,4.0,3.0,3.0,phase_007_subj_13,1.0,,
10,456,4,3,4,4,4,3,4,3,4,4,5,5,4,4,5,5,5,4,4,5,1,2,1,1,2,1,1,2,1,1,0,0,0,0,0,1,0,0,0,0,0,0,0,0,5.0,1.0,2.0,2.0,2.0,2,4.0,4.0,2.0,1.0,phase_007_subj_14,1.0,,
11,251,3,4,4,3,3,4,3,3,3,4,4,4,2,5,4,4,4,2,4,4,4,5,3,4,4,4,2,4,4,0,0,0,0,0,0,0,0,0,0,0,0,0,0,0,5.0,4.0,2.0,2.0,3.0,2,4.0,4.0,2.0,2.0,phase_007_subj_9,3.0,,
12,587,3,4,4,3,3,3,4,3,4,4,4,4,3,4,5,4,4,4,5,5,3,2,2,2,3,1,4,4,2,0,0,0,0,0,1,1,1,1,0,0,0,0,0,0,5.0,3.0,2.0,4.0,4.0,2,4.0,5.0,2.0,4.0,phase_007_subj_18,,,
13,279,3,3,3,3,1,3,3,3,4,3,4,4,2,4,4,4,4,4,4,5,4,5,4,4,5,4,4,4,5,0,0,0,0,0,0,0,0,1,0,0,0,0,0,0,4.0,2.0,1.0,3.0,2.0,3,2.0,1.0,4.0,2.0,phase_007_subj_10,2.0,,
14,73,4,4,3,3,3,4,3,3,3,3,4,3,2,4,3,4,3,3,4,4,5,5,4,5,5,4,3,4,5,1,1,1,1,0,1,0,0,1,1,0,0,0,0,0,4.0,2.0,3.0,2.0,3.0,3,4.0,5.0,4.0,4.0,phase_007_subj_3,3.0,,
15,148,3,2,2,2,3,2,2,2,2,2,3,2,2,3,2,3,2,2,3,2,3,3,2,3,3,2,3,4,4,0,0,0,0,0,0,0,0,1,0,0,0,0,0,0,4.0,3.0,2.0,3.0,4.0,4,4.0,2.0,3.0,3.0,phase_007_subj_5,1.0,,
16,648,4,3,4,3,3,4,3,3,4,4,4,4,2,3,4,4,4,4,5,4,2,3,3,2,2,2,2,4,1,0,0,0,0,0,0,0,0,0,0,0,0,0,0,0,5.0,2.0,4.0,2.0,2.0,2,4.0,3.0,2.0,1.0,phase_007_subj_21,1.0,,
17,402,3,3,3,4,3,3,3,3,3,4,4,3,2,4,3,4,3,2,4,4,1,2,2,2,2,2,2,1,1,0,0,0,0,0,0,0,0,0,0,0,0,0,0,0,4.0,3.0,3.0,2.0,4.0,3,4.0,4.0,3.0,2.0,phase_007_subj_12,4.0,,
1,361,4,4,4,4,4,4,4,4,4,4,5,5,5,5,5,5,5,5,5,5,1,1,2,1,2,1,1,4,1,1,1,1,0,0,1,1,1,0,1,0,0,1,0,1,4.0,1.0,1.0,1.0,2.0,2,1.0,1.0,3.0,1.0,phase_008_subj_11,,,
2,590,4,4,4,4,4,4,4,4,4,4,5,5,5,5,5,5,5,5,4,5,1,1,2,1,2,2,1,1,1,1,0,0,0,0,0,1,0,0,0,0,0,0,0,0,5.0,1.0,1.0,3.0,2.0,2,2.0,1.0,5.0,1.0,phase_008_subj_17,5.0,,
3,630,4,4,4,4,4,4,4,4,4,4,5,5,5,5,5,5,5,5,4,5,1,1,1,1,1,1,1,1,1,1,0,1,0,0,1,1,1,0,0,0,0,1,0,1,5.0,1.0,1.0,1.0,2.0,4,2.0,1.0,4.0,1.0,phase_008_subj_19,3.0,,
4,481,4,4,4,4,4,4,4,4,4,4,5,4,4,4,4,5,4,4,4,5,2,2,2,2,2,1,1,2,2,1,1,1,1,0,0,1,1,0,0,0,0,1,1,1,4.0,1.0,2.0,2.0,1.0,3,4.0,3.0,3.0,2.0,phase_008_subj_15,4.0,,
5,203,4,3,3,3,3,3,3,3,3,3,4,4,4,3,2,2,2,3,4,3,4,4,4,3,4,4,3,3,3,0,0,0,0,0,0,0,0,1,0,0,0,0,0,0,3.0,4.0,2.0,3.0,4.0,3,3.0,3.0,3.0,3.0,phase_008_subj_5,3.0,,
6,273,4,4,4,4,4,4,4,4,4,4,5,5,5,5,5,5,5,5,5,5,1,1,1,1,1,1,1,1,1,0,0,0,0,0,0,1,1,0,0,0,1,0,0,0,5.0,1.0,1.0,5.0,1.0,1,1.0,1.0,1.0,1.0,phase_008_subj_8,1.0,,
7,470,4,4,4,4,4,4,4,4,4,4,5,5,5,5,5,5,5,5,5,5,1,1,1,1,1,1,1,1,1,0,1,0,1,0,0,1,1,0,1,0,1,1,0,0,5.0,1.0,1.0,1.0,1.0,1,1.0,2.0,1.0,1.0,phase_008_subj_14,4.0,,
8,106,4,4,4,3,4,4,4,3,4,4,5,5,5,4,5,5,5,5,5,5,1,1,2,1,2,2,2,1,1,0,0,0,0,0,0,1,0,0,0,0,0,0,0,0,4.0,1.0,1.0,2.0,2.0,2,1.0,1.0,4.0,1.0,phase_008_subj_1,5.0,,
9,154,3,3,4,3,3,4,3,3,4,4,4,4,4,4,3,5,4,2,4,4,4,4,3,3,4,4,3,3,2,0,0,0,0,0,0,1,0,1,0,0,0,1,0,0,3.0,4.0,3.0,3.0,4.0,3,4.0,4.0,4.0,3.0,phase_008_subj_3,1.0,,
10,405,4,4,4,4,4,4,4,3,4,4,5,5,5,4,5,5,5,5,4,5,1,1,1,1,1,1,1,1,1,1,1,1,0,0,0,1,0,0,1,1,1,1,0,1,5.0,1.0,2.0,2.0,1.0,3,4.0,1.0,4.0,1.0,phase_008_subj_12,2.0,,
11,139,4,4,4,3,4,4,4,3,4,4,4,5,5,5,5,4,4,4,4,5,1,1,2,2,2,2,2,4,2,0,0,0,1,0,1,1,0,0,0,0,0,0,0,1,5.0,2.0,3.0,2.0,3.0,1,1.0,2.0,3.0,2.0,phase_008_subj_2,2.0,,
12,417,3,4,4,3,4,4,4,4,4,4,4,3,4,4,3,4,4,4,4,5,2,1,1,2,2,2,1,2,1,0,0,1,0,0,1,1,0,0,0,0,0,0,0,1,4.0,5.0,4.0,2.0,5.0,2,4.0,4.0,1.0,2.0,phase_008_subj_13,,,
13,176,4,4,4,4,3,4,4,3,4,4,5,4,3,4,4,5,4,4,5,5,2,3,2,2,3,2,2,2,1,1,1,1,1,1,1,1,1,0,1,0,0,1,1,1,5.0,2.0,4.0,2.0,4.0,4,4.0,3.0,4.0,4.0,phase_008_subj_4,4.0,,
14,539,3,3,3,3,3,3,3,2,3,3,4,4,2,4,4,4,4,3,4,4,2,3,2,2,2,2,2,2,1,0,1,1,1,0,0,1,0,1,1,0,0,0,0,0,3.0,2.0,4.0,2.0,3.0,4,4.0,3.0,4.0,2.0,phase_008_subj_16,1.0,,
15,618,3,4,4,3,3,3,3,3,3,4,4,4,2,4,4,4,4,4,5,4,2,2,1,2,1,2,2,4,1,0,0,0,0,0,0,1,0,0,0,0,0,1,0,0,5.0,1.0,4.0,1.0,4.0,2,4.0,1.0,1.0,1.0,phase_008_subj_18,3.0,,
16,240,3,4,4,3,3,3,4,3,3,4,4,4,2,3,4,5,4,2,4,4,4,5,4,4,4,5,4,4,5,0,0,1,1,1,1,0,0,0,0,0,0,0,0,0,4.0,4.0,5.0,2.0,5.0,2,4.0,5.0,4.0,3.0,phase_008_subj_6,2.0,,
17,651,4,3,4,3,4,3,3,3,4,4,4,4,3,4,4,4,5,3,4,5,2,1,2,2,2,1,1,2,3,0,0,1,0,0,0,0,0,0,0,0,0,0,0,0,5.0,4.0,4.0,2.0,4.0,3,4.0,2.0,3.0,1.0,phase_008_subj_20,,,
18,253,4,4,3,3,4,4,3,4,4,4,4,4,5,5,5,5,5,4,5,5,4,2,3,1,2,1,2,2,1,1,1,1,0,1,1,1,0,0,1,1,1,1,0,1,5.0,2.0,1.0,2.0,1.0,4,2.0,3.0,1.0,1.0,phase_008_subj_7,4.0,,
19,336,4,4,4,4,4,4,4,4,4,4,5,5,5,5,5,5,5,5,5,5,1,1,1,1,1,1,1,1,1,1,1,1,1,1,1,1,0,1,1,1,1,1,1,1,5.0,1.0,5.0,2.0,1.0,4,4.0,2.0,5.0,1.0,phase_008_subj_10,,,
1,65,4,4,4,4,4,4,4,4,4,4,5,5,5,5,5,5,5,5,5,5,1,1,1,1,1,1,1,1,1,1,0,0,0,0,0,1,1,0,0,0,0,0,0,0,5.0,1.0,1.0,2.0,1.0,1,2.0,1.0,4.0,1.0,phase_009_subj_4,2.0,,
2,249,4,4,4,4,4,4,4,3,4,4,5,5,5,5,5,5,5,5,5,5,1,1,1,1,1,1,1,1,1,1,0,0,0,0,0,1,1,0,0,1,0,0,0,1,5.0,1.0,2.0,1.0,1.0,1,2.0,2.0,5.0,1.0,phase_009_subj_11,1.0,,
3,498,4,4,4,4,4,4,4,4,4,4,5,5,5,5,5,5,5,5,5,5,1,1,1,1,1,1,1,1,1,0,0,0,0,0,0,1,0,0,0,0,0,0,0,0,5.0,1.0,1.0,3.0,1.0,2,2.0,1.0,4.0,1.0,phase_009_subj_19,3.0,,
4,356,4,3,4,4,4,3,4,4,4,4,4,4,2,4,4,5,5,3,4,5,4,4,4,4,4,4,4,2,5,0,0,1,0,0,0,1,0,0,0,0,0,0,0,0,4.0,4.0,4.0,5.0,5.0,4,4.0,5.0,4.0,4.0,phase_009_subj_13,2.0,,
5,235,3,3,3,3,3,3,3,3,3,3,4,2,2,4,4,4,4,4,4,4,2,2,2,2,2,2,2,2,2,1,0,0,0,0,0,1,1,1,0,0,0,0,0,0,4.0,2.0,2.0,4.0,4.0,2,4.0,4.0,4.0,2.0,phase_009_subj_10,,,
6,423,2,3,2,2,2,2,2,2,2,2,2,2,2,3,2,2,2,2,3,2,4,4,4,4,3,3,4,4,3,0,0,0,0,0,0,0,0,0,0,0,0,0,0,0,3.0,4.0,4.0,4.0,5.0,3,4.0,4.0,3.0,1.0,phase_009_subj_16,1.0,,
7,442,3,3,3,3,3,3,3,3,3,2,4,2,2,4,4,4,4,4,4,4,4,4,4,4,4,4,4,4,4,0,0,0,0,0,0,0,0,1,0,0,0,0,0,0,4.0,2.0,2.0,2.0,4.0,2,4.0,4.0,4.0,4.0,phase_009_subj_17,5.0,,
8,169,2,3,2,2,2,2,2,1,2,2,2,2,2,3,2,2,2,2,3,2,3,4,4,4,3,3,4,4,4,0,0,0,0,0,0,1,0,0,0,0,0,0,0,0,3.0,4.0,4.0,4.0,5.0,3,4.0,4.0,2.0,2.0,phase_009_subj_9,1.0,,
9,523,4,4,4,4,4,4,4,4,4,4,5,5,5,5,5,5,5,5,5,5,1,1,1,1,1,1,1,1,1,0,0,0,0,0,0,0,1,0,0,0,0,0,0,0,5.0,1.0,1.0,2.0,1.0,2,2.0,1.0,4.0,1.0,phase_009_subj_20,,,
10,24,3,3,4,3,3,4,4,3,4,4,4,4,3,4,4,5,5,4,4,4,2,2,2,2,2,2,3,4,2,0,0,0,0,0,0,1,0,0,0,0,0,1,0,0,4.0,2.0,2.0,2.0,1.0,3,3.0,2.0,4.0,3.0,phase_009_subj_3,1.0,,
11,137,4,4,4,4,4,4,4,3,4,4,4,4,3,5,4,5,4,4,5,4,1,1,1,1,1,2,4,1,2,0,0,0,0,0,0,1,0,0,0,0,0,0,0,0,5.0,2.0,4.0,4.0,4.0,2,4.0,2.0,2.0,1.0,phase_009_subj_8,5.0,,
12,586,4,3,4,3,4,3,4,3,4,4,4,4,3,4,4,5,4,4,4,4,1,2,2,2,2,2,2,2,2,0,0,0,0,0,0,0,0,0,0,0,0,0,0,0,4.0,2.0,2.0,1.0,2.0,2,4.0,2.0,2.0,1.0,phase_009_subj_21,1.0,,
13,15,3,4,4,3,3,4,3,3,4,3,4,4,4,4,4,5,4,4,4,4,2,2,2,2,2,1,2,2,1,1,1,1,1,1,1,1,1,1,1,1,0,0,0,1,4.0,2.0,1.0,1.0,2.0,4,4.0,5.0,4.0,2.0,phase_009_subj_2,1.0,,
14,87,3,3,3,4,3,3,3,3,3,4,4,4,2,4,4,4,4,4,4,4,2,2,2,2,2,2,1,2,2,0,0,0,0,0,0,1,0,0,0,0,0,1,0,0,5.0,4.0,4.0,2.0,4.0,2,1.0,4.0,3.0,2.0,phase_009_subj_5,,,
15,11,4,3,4,3,4,4,4,3,4,4,4,4,5,4,4,5,4,4,4,5,1,2,2,2,1,2,1,2,2,1,1,1,1,0,1,1,1,0,1,0,0,1,1,1,5.0,2.0,3.0,2.0,2.0,4,4.0,5.0,5.0,2.0,phase_009_subj_1,1.0,,
16,403,3,4,4,3,4,3,4,3,4,4,4,5,4,4,5,4,5,4,5,5,2,1,1,2,2,1,2,1,2,1,0,0,0,0,0,1,0,0,0,0,0,0,0,0,5.0,2.0,4.0,2.0,4.0,2,3.0,4.0,4.0,2.0,phase_009_subj_15,,,
17,313,3,3,4,3,4,3,3,4,4,4,4,5,2,4,4,4,5,5,4,5,1,1,2,1,2,2,1,1,1,0,1,1,1,1,1,1,0,0,1,0,0,0,0,1,4.0,1.0,1.0,1.0,1.0,1,4.0,4.0,1.0,1.0,phase_009_subj_12,1.0,,
18,130,4,3,4,3,3,3,3,3,3,4,4,4,2,3,4,4,4,4,4,5,4,4,4,2,4,4,2,2,1,0,0,0,0,0,0,0,0,0,0,0,0,0,0,0,5.0,4.0,4.0,2.0,2.0,1,2.0,4.0,4.0,2.0,phase_009_subj_7,2.0,,
19,628,3,2,3,3,2,2,2,2,2,2,4,2,2,3,3,3,2,2,3,4,3,3,2,3,3,2,2,2,2,0,0,1,1,1,1,0,0,0,0,0,1,0,0,1,3.0,5.0,4.0,2.0,3.0,5,4.0,3.0,2.0,2.0,phase_009_subj_22,,,
20,632,3,4,4,3,3,3,3,4,4,3,4,3,2,4,4,4,5,3,4,4,2,3,3,2,2,1,2,4,1,1,0,0,0,0,0,1,1,1,0,0,0,0,0,0,4.0,3.0,5.0,4.0,4.0,2,5.0,4.0,3.0,4.0,phase_009_subj_23,4.0,,
21,378,4,4,4,4,4,4,4,4,4,3,5,2,2,4,2,5,5,5,4,4,5,5,5,5,5,5,5,5,5,0,1,1,1,1,1,1,0,1,1,0,0,0,0,1,5.0,5.0,5.0,1.0,5.0,1,5.0,5.0,5.0,2.0,phase_009_subj_14,,,
22,104,1,2,2,1,1,2,2,1,2,1,2,1,2,1,2,2,2,1,2,1,4,5,4,5,5,4,4,1,5,0,0,0,0,0,0,0,0,0,0,0,1,0,0,0,4.0,5.0,5.0,4.0,5.0,5,4.0,5.0,1.0,1.0,phase_009_subj_6,,,
23,484,3,3,3,3,3,3,3,3,3,3,4,4,1,4,2,4,3,2,3,1,5,5,5,5,5,5,4,5,5,0,0,0,1,1,1,0,0,1,0,0,1,1,0,0,2.0,4.0,5.0,5.0,5.0,4,5.0,5.0,4.0,5.0,phase_009_subj_18,5.0,,
1,576,4,4,4,4,4,4,4,4,4,4,5,5,5,5,5,5,5,5,5,5,1,1,1,1,1,1,1,1,1,1,0,0,0,0,1,1,0,0,0,0,0,1,1,0,5.0,1.0,2.0,1.0,1.0,2,1.0,2.0,5.0,1.0,phase_010_subj_19,4.0,,
2,576,4,4,4,4,3,4,4,4,4,4,5,5,5,5,5,5,5,5,5,5,1,1,1,1,1,1,1,1,1,1,0,1,0,0,0,1,1,1,0,0,0,1,0,1,5.0,1.0,1.0,1.0,2.0,1,2.0,1.0,5.0,1.0,phase_010_subj_18,3.0,,
3,658,4,4,4,4,4,4,4,4,4,4,5,5,5,4,5,5,5,5,5,5,1,1,1,1,1,1,1,1,1,1,0,0,0,0,0,1,0,0,0,0,0,0,0,0,5.0,1.0,1.0,2.0,1.0,2,1.0,2.0,5.0,2.0,phase_010_subj_23,1.0,,
4,268,4,4,4,4,4,4,4,4,4,4,5,5,5,5,5,5,5,5,5,5,1,1,1,1,1,1,1,1,1,1,0,1,0,0,1,1,1,1,0,0,0,1,1,1,5.0,2.0,2.0,1.0,1.0,1,3.0,2.0,5.0,1.0,phase_010_subj_9,4.0,,
5,482,4,4,4,4,4,4,4,4,4,4,5,5,5,5,5,5,5,5,5,5,1,1,1,1,1,1,1,1,1,0,0,0,0,0,0,1,0,0,0,1,0,0,0,0,5.0,1.0,2.0,2.0,1.0,2,4.0,1.0,5.0,2.0,phase_010_subj_15,3.0,,
6,700,4,4,4,4,4,4,4,4,4,4,5,5,5,5,5,5,5,5,5,5,1,1,1,1,1,1,1,1,1,0,0,0,0,0,0,1,0,0,0,0,0,0,0,0,5.0,1.0,1.0,2.0,2.0,1,2.0,2.0,5.0,1.0,phase_010_subj_25,1.0,,
7,466,4,4,4,4,4,4,4,3,4,4,5,5,5,5,5,5,5,5,5,5,1,1,1,1,1,1,1,1,1,1,0,0,0,0,0,1,0,0,0,0,0,0,0,0,5.0,1.0,1.0,2.0,2.0,1,2.0,1.0,4.0,1.0,phase_010_subj_14,,,
8,140,3,4,4,3,4,4,3,4,3,4,4,5,4,4,4,5,5,4,4,5,1,2,2,1,2,1,4,2,1,0,0,0,0,0,0,1,0,1,0,0,1,0,0,0,5.0,2.0,1.0,4.0,4.0,1,5.0,4.0,2.0,1.0,phase_010_subj_3,2.0,,
9,235,4,4,4,4,4,4,4,4,4,4,5,5,5,5,5,5,5,5,5,5,1,1,1,1,1,1,1,1,1,0,0,0,0,0,0,1,0,0,0,0,0,1,0,0,5.0,1.0,1.0,1.0,1.0,1,1.0,4.0,1.0,1.0,phase_010_subj_6,5.0,,
10,257,3,4,4,3,3,3,4,2,3,4,4,4,4,4,4,4,5,4,4,4,1,1,2,2,3,2,1,1,1,1,0,1,1,0,0,1,0,0,0,0,0,1,0,1,3.0,1.0,2.0,3.0,2.0,4,4.0,3.0,4.0,2.0,phase_010_subj_7,3.0,,
11,215,3,3,3,3,3,3,3,3,3,3,4,4,2,4,4,4,4,4,4,4,2,2,2,2,2,2,2,2,2,1,1,1,1,1,0,1,1,1,0,0,0,1,0,1,4.0,2.0,2.0,2.0,2.0,4,4.0,4.0,4.0,2.0,phase_010_subj_5,,,
12,637,3,3,3,3,3,3,3,3,3,3,4,4,4,4,4,4,4,4,4,4,2,2,2,2,2,2,2,2,2,1,0,1,1,0,1,1,1,0,0,1,0,1,0,1,4.0,2.0,2.0,2.0,2.0,2,4.0,4.0,4.0,2.0,phase_010_subj_22,3.0,,
13,265,3,3,3,3,2,3,2,2,3,4,4,3,3,4,4,3,3,3,4,3,1,3,3,2,2,2,2,3,3,0,1,1,0,0,0,1,1,0,1,0,0,1,0,0,4.0,2.0,2.0,4.0,4.0,5,3.0,5.0,3.0,1.0,phase_010_subj_8,3.0,,
14,610,3,3,3,3,3,3,3,3,3,3,4,4,2,4,4,4,4,4,4,4,4,4,4,4,4,4,4,4,4,0,0,0,0,0,0,1,0,0,0,0,0,0,0,1,4.0,4.0,4.0,4.0,4.0,2,2.0,2.0,2.0,2.0,phase_010_subj_21,5.0,,
15,689,3,4,3,3,4,4,3,4,3,3,5,4,5,4,5,4,4,5,4,5,2,1,2,2,1,2,2,1,2,0,0,0,0,0,0,1,0,1,0,0,0,0,0,0,5.0,1.0,2.0,1.0,2.0,2,1.0,2.0,4.0,2.0,phase_010_subj_24,,,
16,27,4,3,4,3,3,3,3,3,4,4,4,4,2,3,4,4,3,3,4,4,2,3,4,3,4,3,4,3,2,0,0,0,0,0,1,1,0,0,0,0,0,0,0,0,4.0,3.0,2.0,1.0,3.0,1,3.0,4.0,2.0,3.0,phase_010_subj_1,1.0,,
17,445,3,4,3,3,3,4,3,2,4,4,5,4,4,4,5,5,4,4,4,4,5,4,4,4,4,4,4,5,4,0,0,0,0,0,0,1,1,0,0,0,0,1,0,0,5.0,4.0,4.0,1.0,4.0,2,4.0,5.0,4.0,2.0,phase_010_subj_13,3.0,,
18,137,2,3,2,2,2,2,2,1,2,2,2,2,2,2,2,2,2,2,3,2,4,4,4,3,4,4,3,4,4,0,0,0,0,0,0,0,0,0,0,0,0,0,0,0,3.0,4.0,4.0,4.0,5.0,3,3.0,3.0,2.0,1.0,phase_010_subj_2,2.0,,
19,587,4,3,4,3,3,3,3,3,3,3,4,4,1,4,4,4,4,3,4,5,4,3,3,4,4,3,4,3,3,0,0,0,0,0,1,0,1,0,0,0,1,1,0,0,5.0,3.0,4.0,1.0,3.0,2,4.0,3.0,2.0,2.0,phase_010_subj_20,2.0,,
20,403,2,3,2,2,2,2,2,1,2,2,2,2,2,2,2,2,2,2,2,2,4,4,4,3,4,3,4,4,3,0,0,0,0,0,0,0,0,0,0,0,0,0,0,0,3.0,4.0,4.0,4.0,4.0,3,3.0,3.0,2.0,2.0,phase_010_subj_12,1.0,,
21,398,4,3,4,3,3,4,4,3,4,3,5,5,4,4,5,5,4,5,4,5,2,1,2,2,2,1,1,1,2,0,0,0,0,0,0,1,0,1,0,0,0,0,0,0,4.0,1.0,2.0,1.0,2.0,2,1.0,1.0,4.0,2.0,phase_010_subj_11,5.0,,
22,504,3,3,3,3,2,3,3,3,2,2,4,3,2,4,2,4,3,2,4,4,4,4,3,3,3,3,4,2,5,0,1,0,1,0,0,0,0,0,0,0,1,0,0,0,2.0,2.0,3.0,2.0,4.0,4,4.0,2.0,2.0,2.0,phase_010_subj_16,3.0,,
23,395,4,3,4,4,3,3,3,2,4,3,4,4,4,5,5,4,4,5,4,4,4,5,4,4,4,4,4,5,4,0,0,0,0,0,1,1,0,0,0,0,0,0,0,0,5.0,4.0,4.0,2.0,4.0,2,4.0,4.0,4.0,4.0,phase_010_subj_10,2.0,,
24,538,3,3,3,3,3,3,3,3,2,4,3,3,4,2,3,3,3,3,2,3,4,4,4,4,4,3,4,2,3,0,0,1,1,0,0,1,0,0,0,1,0,0,0,1,3.0,4.0,3.0,4.0,3.0,4,4.0,3.0,2.0,2.0,phase_010_subj_17,1.0,,
1,569,4,4,4,4,4,4,4,4,4,4,5,5,5,5,5,5,5,5,5,5,1,1,1,1,1,1,1,1,1,1,0,0,0,0,0,1,0,0,0,0,0,0,0,0,5.0,1.0,1.0,1.0,2.0,1,2.0,2.0,5.0,1.0,phase_011_subj_22,2.0,,
2,193,4,4,4,4,4,4,4,4,4,4,5,5,5,5,5,5,5,5,5,5,1,1,1,1,1,1,1,1,1,0,0,0,0,0,0,1,0,0,0,0,0,0,0,0,5.0,1.0,1.0,2.0,1.0,1,2.0,,5.0,2.0,phase_011_subj_3,1.0,,
3,308,3,4,4,4,4,3,4,1,4,4,4,5,4,5,5,4,5,5,5,5,2,1,2,1,5,1,2,5,1,1,1,1,0,0,0,1,0,0,1,1,0,0,0,1,5.0,4.0,5.0,1.0,2.0,4,5.0,4.0,2.0,2.0,phase_011_subj_9,1.0,,
4,291,3,4,4,3,3,3,3,4,4,4,4,4,4,5,4,4,4,4,4,5,1,1,1,1,1,1,1,1,1,0,0,1,1,0,0,1,0,0,0,1,0,0,0,1,4.0,1.0,2.0,2.0,3.0,4,3.0,4.0,4.0,2.0,phase_011_subj_8,4.0,,
5,313,3,4,4,4,4,4,4,3,4,4,5,5,4,5,5,4,5,5,4,4,1,2,1,1,5,2,2,1,1,0,0,1,0,0,0,1,0,0,0,0,0,1,1,1,5.0,1.0,3.0,2.0,2.0,2,4.0,5.0,1.0,2.0,phase_011_subj_10,5.0,,
6,697,3,4,4,3,3,4,3,4,4,3,4,4,2,4,4,4,2,2,5,4,2,4,2,3,2,2,2,2,2,0,0,1,0,0,0,1,0,0,0,0,0,0,0,0,5.0,2.0,2.0,2.0,4.0,4,4.0,2.0,4.0,2.0,phase_011_subj_25,3.0,,
7,46,3,4,4,3,4,3,4,1,4,4,4,5,4,4,5,5,4,4,4,5,1,2,2,2,1,2,1,1,2,0,0,0,0,0,0,1,0,0,0,0,0,0,0,0,5.0,1.0,2.0,2.0,1.0,1,2.0,1.0,1.0,2.0,phase_011_subj_1,2.0,,
8,541,4,3,3,3,3,3,4,2,3,4,4,3,3,4,4,4,3,2,3,3,3,3,2,2,2,2,1,2,2,0,0,1,0,0,0,1,0,0,0,0,0,0,0,0,4.0,5.0,4.0,3.0,3.0,3,3.0,4.0,3.0,1.0,phase_011_subj_20,1.0,,
9,651,3,3,4,3,3,4,3,3,4,3,4,3,2,3,4,4,4,5,4,4,4,5,3,4,3,2,2,4,2,0,0,0,1,0,0,0,0,0,0,1,0,0,0,0,4.0,4.0,3.0,5.0,2.0,4,2.0,4.0,4.0,2.0,phase_011_subj_24,1.0,,
10,272,4,3,4,4,4,4,3,2,4,4,5,4,1,2,5,5,4,4,5,4,2,1,2,1,1,1,1,4,1,0,0,1,1,0,0,1,0,1,0,0,0,0,0,0,5.0,1.0,2.0,4.0,2.0,4,5.0,2.0,5.0,2.0,phase_011_subj_5,3.0,,
11,269,3,4,4,3,3,4,3,3,3,4,4,4,2,3,4,4,4,4,4,5,4,4,3,4,4,3,4,2,3,0,0,0,0,0,1,0,1,1,0,0,0,1,0,0,4.0,3.0,1.0,2.0,4.0,3,2.0,3.0,2.0,3.0,phase_011_subj_4,,,
12,461,3,3,3,3,2,3,3,3,3,3,4,2,2,3,2,4,4,3,4,4,4,4,4,4,4,2,4,4,4,0,0,0,0,0,1,0,0,0,0,0,0,1,0,0,4.0,4.0,2.0,2.0,3.0,2,4.0,4.0,2.0,2.0,phase_011_subj_17,3.0,,
13,283,3,3,3,4,3,3,3,3,3,3,4,2,4,4,4,5,4,4,4,4,4,3,4,4,4,4,4,4,4,1,1,1,1,0,0,0,0,0,1,0,0,1,0,1,4.0,3.0,4.0,4.0,4.0,3,4.0,4.0,4.0,2.0,phase_011_subj_7,2.0,,
14,375,4,3,2,3,3,2,2,2,2,2,3,2,2,3,2,3,2,1,4,1,4,4,3,2,3,4,2,3,1,0,0,0,0,0,1,0,0,1,1,0,0,0,0,0,3.0,2.0,4.0,3.0,3.0,4,4.0,3.0,5.0,3.0,phase_011_subj_12,2.0,,
15,438,3,3,4,3,3,3,4,4,3,3,4,4,3,5,4,4,4,3,4,4,1,2,2,2,2,2,2,2,2,0,1,1,0,0,0,1,0,0,1,1,0,0,0,0,4.0,4.0,3.0,2.0,3.0,4,4.0,3.0,3.0,2.0,phase_011_subj_13,3.0,,
16,275,4,4,4,3,3,4,3,3,3,3,4,3,2,4,4,4,4,2,4,4,4,5,3,4,4,3,4,4,4,0,0,0,0,0,0,0,0,0,0,0,0,0,0,0,5.0,4.0,2.0,2.0,4.0,2,4.0,4.0,2.0,2.0,phase_011_subj_6,3.0,,
17,180,3,3,3,3,3,3,3,3,3,3,4,4,4,4,4,4,3,4,4,4,2,2,2,1,2,2,4,2,2,0,0,0,1,1,0,1,0,0,0,0,1,0,0,0,4.0,1.0,4.0,2.0,2.0,4,3.0,4.0,3.0,2.0,phase_011_subj_2,1.0,,
18,649,2,3,3,3,2,3,3,3,3,3,3,3,3,4,2,3,4,3,4,4,1,3,3,2,2,2,2,2,1,0,0,0,0,0,0,1,0,0,0,0,0,0,0,0,5.0,4.0,4.0,3.0,4.0,2,4.0,4.0,3.0,3.0,phase_011_subj_23,1.0,,
19,440,4,4,3,3,3,4,3,3,3,3,4,3,3,4,3,4,3,3,4,4,5,4,3,3,3,3,4,4,4,0,0,1,1,0,0,0,0,0,0,0,0,0,0,0,4.0,4.0,5.0,3.0,4.0,3,4.0,4.0,4.0,4.0,phase_011_subj_14,1.0,,
20,529,3,4,4,3,3,4,3,2,3,4,3,2,2,2,3,3,4,5,4,4,4,4,5,4,4,3,4,4,5,0,1,1,1,1,1,0,0,0,1,1,0,1,0,0,4.0,5.0,4.0,3.0,4.0,3,5.0,4.0,2.0,3.0,phase_011_subj_19,4.0,,
21,444,3,3,4,4,3,3,3,3,3,4,4,2,4,4,3,4,4,2,4,4,4,4,2,4,2,2,2,2,2,1,0,1,1,0,1,0,0,0,1,1,0,1,0,1,4.0,4.0,4.0,3.0,3.0,4,4.0,4.0,3.0,3.0,phase_011_subj_15,3.0,,
22,446,3,3,3,3,2,3,3,3,3,4,4,2,1,4,3,4,3,4,4,5,4,5,4,4,3,4,4,4,2,0,0,0,0,0,1,0,0,0,0,0,0,0,0,0,5.0,3.0,4.0,2.0,3.0,3,5.0,4.0,3.0,2.0,phase_011_subj_16,4.0,,
23,472,3,3,3,3,2,3,3,4,3,3,4,3,2,4,3,4,3,3,4,3,1,3,3,3,3,2,3,3,3,0,0,0,0,0,1,0,0,1,0,0,0,0,0,0,4.0,4.0,4.0,3.0,4.0,3,3.0,3.0,3.0,3.0,phase_011_subj_18,1.0,,
1,345,4,3,4,3,4,3,3,4,4,4,4,4,3,4,3,4,4,3,4,4,3,2,2,2,2,2,2,2,2,1,1,1,1,0,0,1,1,0,1,0,1,1,0,1,4.0,2.0,2.0,1.0,2.0,3,3.0,2.0,2.0,1.0,phase_012_subj_9,4.0,,
2,345,4,4,4,4,4,4,4,4,4,4,5,5,5,5,5,5,5,5,5,5,1,1,1,1,1,1,1,1,1,1,0,0,0,0,0,1,1,0,0,0,0,0,0,0,5.0,1.0,2.0,1.0,1.0,1,2.0,1.0,5.0,1.0,phase_012_subj_8,5.0,,
3,451,3,4,4,3,4,4,4,3,4,4,4,5,4,5,5,4,4,5,4,5,1,2,2,2,1,2,1,2,1,0,0,0,0,0,0,1,0,1,0,0,0,0,0,0,4.0,1.0,2.0,2.0,1.0,2,1.0,1.0,4.0,2.0,phase_012_subj_12,,,
4,363,3,3,3,3,3,3,3,3,2,2,4,2,1,3,3,4,3,3,4,3,2,3,2,3,3,3,3,4,4,0,1,1,1,1,1,0,0,1,1,1,0,0,1,1,4.0,3.0,4.0,2.0,2.0,2,4.0,3.0,2.0,2.0,phase_012_subj_10,1.0,,
5,690,4,4,4,3,3,4,3,3,4,4,4,4,4,4,4,4,4,3,4,4,4,2,3,2,2,2,3,3,2,0,0,0,1,0,0,0,0,0,0,1,0,1,0,0,4.0,3.0,4.0,3.0,4.0,3,4.0,3.0,3.0,2.0,phase_012_subj_20,4.0,,
6,533,3,3,4,3,4,3,3,2,3,3,3,4,2,4,3,4,2,2,4,4,4,4,4,4,4,4,4,4,4,0,0,1,0,0,0,0,0,0,0,0,0,1,0,0,5.0,5.0,4.0,2.0,5.0,4,4.0,4.0,3.0,1.0,phase_012_subj_16,3.0,,
7,131,4,4,4,4,4,4,4,3,4,4,5,5,5,5,5,5,5,5,5,5,4,4,3,2,2,1,1,1,1,1,1,1,1,1,1,1,0,1,1,1,1,1,0,1,5.0,1.0,1.0,2.0,2.0,4,5.0,5.0,5.0,3.0,phase_012_subj_2,1.0,,
8,189,3,3,4,3,2,3,3,4,4,4,4,5,5,4,4,4,4,4,4,5,2,1,2,1,2,2,1,1,1,0,1,0,1,0,1,1,1,0,1,1,0,1,0,0,4.0,2.0,2.0,2.0,2.0,4,2.0,1.0,1.0,2.0,phase_012_subj_5,1.0,,
9,399,4,4,4,3,4,4,4,3,4,4,5,3,4,4,4,5,5,5,4,5,5,3,5,3,2,4,4,1,5,1,0,1,0,1,1,1,1,0,0,0,0,1,0,0,4.0,1.0,2.0,2.0,4.0,4,5.0,4.0,5.0,3.0,phase_012_subj_11,5.0,,
10,698,3,3,3,3,3,3,3,3,3,3,4,4,2,4,4,4,4,4,4,4,2,2,2,2,2,2,2,4,2,0,0,0,0,0,0,1,1,0,0,0,0,0,0,0,4.0,4.0,4.0,2.0,2.0,2,4.0,2.0,4.0,2.0,phase_012_subj_21,5.0,,
11,551,3,3,3,3,3,3,3,1,3,3,4,3,2,4,4,4,4,4,4,4,2,2,2,2,2,1,2,2,1,0,0,1,0,0,0,0,0,0,0,0,0,0,0,0,4.0,3.0,4.0,4.0,5.0,2,2.0,3.0,4.0,2.0,phase_012_subj_18,3.0,,
12,514,3,4,4,3,3,4,3,3,4,4,4,4,1,3,4,4,5,3,3,4,3,5,4,2,2,2,2,5,2,0,0,0,0,0,0,0,0,0,0,0,0,0,0,0,4.0,5.0,3.0,2.0,3.0,2,4.0,5.0,4.0,3.0,phase_012_subj_15,3.0,,
13,467,4,3,4,4,3,4,4,4,3,4,4,5,4,4,1,2,4,4,4,5,1,2,2,3,2,3,2,2,2,0,0,1,0,0,0,0,0,0,0,0,0,1,0,1,4.0,2.0,1.0,1.0,2.0,3,4.0,4.0,4.0,2.0,phase_012_subj_13,1.0,,
14,501,3,3,4,3,4,3,3,4,4,4,4,5,5,4,4,4,5,4,4,4,1,1,2,1,1,2,1,1,1,0,0,0,0,0,0,0,0,1,0,0,0,1,0,0,4.0,3.0,5.0,4.0,2.0,2,2.0,2.0,2.0,1.0,phase_012_subj_14,5.0,,
15,279,3,4,3,3,3,3,3,2,3,3,3,2,2,3,2,4,3,3,4,4,4,4,4,4,4,4,3,4,4,0,0,0,0,0,0,1,0,0,0,0,0,0,0,0,5.0,5.0,4.0,5.0,4.0,5,4.0,4.0,3.0,2.0,phase_012_subj_7,4.0,,
16,542,3,4,4,3,3,4,3,3,4,4,4,5,5,4,4,5,5,4,4,5,1,2,1,1,2,2,2,1,2,0,0,0,1,1,0,1,0,0,0,0,0,1,1,0,4.0,1.0,2.0,3.0,2.0,2,3.0,4.0,4.0,2.0,phase_012_subj_17,4.0,,
17,625,2,2,2,1,2,2,2,2,1,2,2,2,1,1,2,2,2,2,2,2,4,5,4,4,4,5,4,1,3,0,0,0,0,0,0,0,0,1,0,0,0,0,0,0,2.0,4.0,5.0,4.0,4.0,4,4.0,5.0,3.0,3.0,phase_012_subj_19,,,
18,167,4,4,4,4,2,4,3,2,3,3,4,3,2,5,4,5,4,4,4,4,1,2,2,2,2,2,2,2,1,0,1,0,1,0,0,1,0,0,0,0,0,0,0,1,5.0,2.0,4.0,2.0,3.0,4,4.0,4.0,2.0,2.0,phase_012_subj_3,2.0,,
19,207,3,3,3,4,3,3,3,4,3,3,4,3,2,4,3,4,3,3,4,4,1,2,2,2,2,2,2,2,1,0,0,0,0,0,0,0,0,0,0,0,0,0,0,0,4.0,4.0,3.0,1.0,3.0,3,4.0,4.0,3.0,2.0,phase_012_subj_6,,,
20,175,4,3,4,4,3,3,3,4,3,4,4,3,3,5,3,4,4,3,5,4,2,3,2,2,2,1,2,3,2,0,0,0,0,0,0,0,0,0,0,0,0,0,0,0,4.0,2.0,3.0,2.0,3.0,3,3.0,5.0,2.0,2.0,phase_012_subj_4,4.0,,
1,398,4,3,3,4,3,3,4,3,4,4,5,3,3,4,4,4,4,3,4,5,1,2,3,2,2,2,2,2,2,0,0,0,1,0,0,1,1,0,0,0,0,1,0,0,4.0,2.0,2.0,3.0,3.0,2,3.0,4.0,1.0,3.0,phase_013_subj_17,5.0,,
2,145,4,3,3,4,4,3,3,2,4,4,5,2,3,4,2,4,3,3,4,4,1,4,3,3,2,3,2,3,3,0,0,0,0,0,0,0,0,0,0,0,0,0,0,0,4.0,2.0,3.0,2.0,2.0,2,3.0,4.0,2.0,3.0,phase_013_subj_6,,,
3,422,3,3,4,3,4,3,3,4,3,3,4,4,4,4,4,4,4,3,4,4,2,2,2,1,2,2,1,1,1,0,0,1,1,0,0,1,1,0,0,0,0,0,0,1,4.0,2.0,3.0,2.0,2.0,2,3.0,2.0,2.0,1.0,phase_013_subj_19,1.0,,
4,330,4,4,4,4,4,4,4,4,4,4,5,5,5,5,5,5,5,5,5,5,1,1,1,1,1,1,1,1,1,0,0,0,0,0,0,1,1,0,0,0,0,1,1,0,5.0,1.0,2.0,1.0,2.0,2,3.0,1.0,5.0,1.0,phase_013_subj_12,,,
5,289,4,4,4,4,4,4,4,4,4,4,5,5,5,5,5,5,5,5,5,5,1,1,1,1,1,1,1,1,1,0,0,0,0,0,0,1,0,0,0,0,0,1,0,0,5.0,1.0,1.0,2.0,1.0,2,2.0,1.0,5.0,1.0,phase_013_subj_9,5.0,,
6,357,4,4,4,4,4,4,4,3,4,4,5,5,5,5,5,5,5,5,5,5,1,1,1,1,1,1,1,1,1,1,0,0,0,0,0,1,1,0,0,0,0,0,1,0,5.0,1.0,1.0,1.0,2.0,1,1.0,2.0,4.0,2.0,phase_013_subj_14,5.0,,
7,350,3,4,3,3,4,4,3,4,3,4,4,5,4,5,5,4,4,5,5,5,2,1,2,2,1,2,2,1,2,0,0,0,0,0,0,1,0,1,0,0,0,0,0,0,4.0,1.0,2.0,2.0,1.0,2,1.0,4.0,5.0,1.0,phase_013_subj_13,1.0,,
8,467,4,4,4,4,4,4,4,4,4,4,5,5,5,5,5,5,5,5,5,5,1,1,1,1,1,1,1,1,1,0,0,0,0,0,0,1,0,0,0,0,0,1,0,0,5.0,1.0,2.0,1.0,2.0,1,1.0,1.0,4.0,1.0,phase_013_subj_25,5.0,,
9,88,4,4,4,4,3,3,3,3,4,4,5,4,4,4,5,4,4,4,5,5,1,2,1,1,2,1,1,5,2,0,0,1,1,0,0,1,0,0,0,0,0,1,0,1,5.0,2.0,1.0,2.0,4.0,4,1.0,2.0,4.0,2.0,phase_013_subj_2,3.0,,
10,522,3,3,3,3,2,2,2,3,2,2,4,1,2,2,3,2,3,2,3,2,3,4,4,2,3,2,2,3,3,0,0,0,0,0,0,0,0,0,0,0,0,1,0,1,5.0,4.0,3.0,1.0,4.0,3,4.0,2.0,2.0,3.0,phase_013_subj_26,2.0,,
11,565,3,3,3,3,2,3,3,1,3,2,4,2,1,2,2,3,3,2,4,4,4,3,4,4,3,4,4,2,4,0,0,0,0,0,0,0,0,0,0,1,0,1,0,0,4.0,4.0,5.0,2.0,4.0,4,3.0,4.0,4.0,4.0,phase_013_subj_28,2.0,,
12,415,4,3,4,4,3,4,3,4,3,4,4,4,1,4,5,5,4,5,4,4,2,1,1,2,2,1,1,2,1,0,0,0,0,0,0,1,0,0,0,0,0,0,0,0,4.0,2.0,5.0,1.0,2.0,3,5.0,4.0,5.0,3.0,phase_013_subj_18,1.0,,
13,660,4,4,3,4,4,4,4,3,4,4,5,4,4,4,4,5,4,4,5,5,2,1,2,2,1,2,2,1,1,0,0,0,0,0,0,1,0,0,0,0,0,0,0,0,5.0,2.0,5.0,2.0,2.0,2,3.0,1.0,2.0,2.0,phase_013_subj_31,1.0,,
14,132,4,4,4,4,3,4,4,4,4,4,4,4,4,5,4,4,5,4,5,4,1,2,1,1,2,2,2,2,1,0,0,0,0,0,0,1,0,0,0,0,0,0,0,0,4.0,2.0,4.0,2.0,3.0,2,4.0,2.0,2.0,1.0,phase_013_subj_5,1.0,,
15,453,3,3,4,3,3,3,3,2,4,3,4,4,2,4,4,4,4,4,4,4,2,4,2,2,2,2,1,2,2,1,1,1,1,1,1,0,0,0,1,1,0,0,0,0,4.0,2.0,5.0,1.0,2.0,2,4.0,4.0,4.0,2.0,phase_013_subj_24,3.0,,
16,696,4,4,4,3,4,3,3,4,4,3,4,2,1,5,2,4,3,2,4,5,2,2,1,2,1,2,1,1,2,0,0,0,0,0,0,0,0,0,0,0,0,0,0,0,5.0,4.0,4.0,2.0,5.0,3,4.0,4.0,3.0,2.0,phase_013_subj_33,,,
17,358,3,3,4,3,3,3,3,4,2,3,4,2,2,3,4,4,4,3,4,4,3,2,2,2,2,3,2,4,3,0,0,0,0,0,1,0,0,1,1,0,0,0,0,0,4.0,2.0,3.0,1.0,3.0,2,4.0,2.0,4.0,2.0,phase_013_subj_15,2.0,,
18,105,3,3,3,3,2,3,3,3,3,3,4,3,4,4,4,4,4,4,4,4,2,2,3,2,2,2,2,2,1,0,0,1,0,0,0,0,0,0,0,0,0,0,0,0,4.0,4.0,3.0,2.0,4.0,3,4.0,4.0,2.0,2.0,phase_013_subj_4,3.0,,
19,267,4,3,4,3,3,3,3,3,4,4,4,4,3,4,4,4,4,4,5,4,1,2,2,2,2,2,2,2,1,0,0,0,0,0,0,1,0,0,0,0,0,0,0,0,4.0,2.0,2.0,3.0,2.0,3,3.0,1.0,2.0,2.0,phase_013_subj_8,5.0,,
20,438,3,4,4,3,4,4,3,3,4,4,4,5,4,5,5,4,4,5,5,5,2,1,2,2,1,1,1,2,1,1,1,1,1,1,1,1,0,1,1,1,0,1,1,1,5.0,2.0,1.0,2.0,4.0,5,4.0,4.0,5.0,4.0,phase_013_subj_21,1.0,,
21,440,4,4,4,3,4,4,3,4,3,4,4,2,1,5,3,4,3,3,5,4,2,2,2,2,2,2,1,1,1,0,0,0,0,0,0,0,0,0,0,0,0,0,0,0,4.0,3.0,3.0,2.0,4.0,4,4.0,5.0,4.0,2.0,phase_013_subj_23,5.0,,
22,640,4,4,4,4,3,3,3,3,3,3,5,4,2,4,4,4,4,4,4,3,2,2,2,2,3,2,2,2,1,1,0,0,1,0,1,0,0,1,1,1,0,0,1,0,5.0,2.0,2.0,2.0,3.0,2,3.0,4.0,2.0,3.0,phase_013_subj_30,4.0,,
23,196,4,4,2,3,2,3,3,3,4,4,5,2,4,4,4,4,4,4,5,4,1,1,1,1,1,1,2,4,2,0,1,0,1,1,1,1,0,1,1,1,0,0,1,0,4.0,2.0,2.0,2.0,2.0,4,4.0,4.0,4.0,3.0,phase_013_subj_7,4.0,,
24,673,3,3,4,3,3,4,3,4,4,3,4,2,1,4,3,4,3,2,4,4,2,2,2,1,2,2,2,2,1,0,0,0,0,0,0,0,0,0,0,0,0,0,0,0,4.0,3.0,3.0,1.0,4.0,3,4.0,4.0,5.0,1.0,phase_013_subj_32,,,
25,580,4,4,4,3,4,4,3,4,3,4,3,2,2,5,3,4,3,2,4,4,1,1,2,1,1,1,2,1,2,0,0,0,0,0,0,0,0,0,0,0,0,0,0,0,4.0,4.0,5.0,2.0,4.0,4,5.0,5.0,4.0,1.0,phase_013_subj_29,,,
26,311,3,3,3,3,4,3,3,3,3,4,4,2,1,4,2,5,3,3,4,5,2,1,2,2,1,2,1,2,1,0,0,0,0,0,0,0,0,0,0,0,0,0,0,0,4.0,4.0,3.0,1.0,4.0,4,4.0,5.0,5.0,2.0,phase_013_subj_10,1.0,,
27,76,3,4,4,3,4,4,3,4,4,3,4,5,4,5,5,4,5,4,5,5,1,2,2,1,2,1,4,1,2,0,0,0,0,0,0,1,0,0,0,0,0,0,0,0,4.0,2.0,1.0,2.0,1.0,1,4.0,5.0,2.0,1.0,phase_013_subj_1,2.0,,
28,439,3,3,3,3,4,3,3,1,3,4,4,3,2,3,4,4,4,5,4,4,4,4,4,4,4,5,4,3,4,0,1,1,1,1,1,0,0,0,1,0,0,0,0,0,4.0,4.0,5.0,3.0,5.0,4,4.0,5.0,4.0,2.0,phase_013_subj_22,1.0,,
29,563,3,4,3,2,4,3,3,1,3,4,3,4,3,3,4,4,5,4,3,4,3,4,4,4,4,4,4,2,5,1,1,1,1,1,1,0,0,0,1,0,0,0,0,0,4.0,4.0,5.0,3.0,4.0,4,5.0,5.0,2.0,2.0,phase_013_subj_27,,,
30,325,4,4,4,4,2,4,3,4,4,4,5,5,2,4,3,5,3,2,4,4,4,3,2,2,4,4,4,4,3,1,0,0,0,1,1,0,1,0,0,1,0,0,0,0,5.0,2.0,3.0,1.0,2.0,2,3.0,4.0,1.0,3.0,phase_013_subj_11,5.0,,
31,433,3,3,3,3,2,3,3,2,3,3,4,4,2,2,2,4,3,2,4,4,4,4,2,2,2,2,2,2,2,0,1,0,0,1,1,0,1,0,1,0,0,1,0,0,3.0,2.0,4.0,1.0,4.0,4,4.0,4.0,4.0,3.0,phase_013_subj_20,5.0,,
1,338,4,3,4,3,4,3,3,4,4,4,4,5,5,4,5,4,5,4,4,5,1,1,2,2,1,2,4,4,1,0,1,1,1,1,0,1,1,0,1,1,0,1,0,0,4.0,2.0,4.0,1.0,2.0,2,3.0,2.0,2.0,2.0,phase_014_subj_28,,,
2,446,4,4,4,4,4,4,3,2,4,4,5,4,4,4,4,4,5,4,5,5,2,1,2,2,2,1,1,1,2,0,0,1,1,0,0,1,0,0,0,0,0,0,0,1,4.0,2.0,2.0,2.0,2.0,4,2.0,1.0,1.0,2.0,phase_014_subj_42,,,
3,452,4,4,4,4,4,4,3,3,4,4,5,5,5,5,5,4,5,4,5,5,1,1,1,1,1,1,1,2,1,1,1,1,1,1,1,1,1,1,1,1,1,1,1,1,5.0,1.0,2.0,1.0,1.0,2,1.0,1.0,5.0,2.0,phase_014_subj_44,3.0,,
4,686,2,3,3,2,2,2,2,2,2,2,2,3,2,3,3,2,2,2,2,2,3,4,4,4,5,4,4,2,4,0,0,0,1,0,0,1,0,1,0,0,0,1,0,1,3.0,4.0,4.0,4.0,3.0,2,3.0,2.0,3.0,3.0,phase_014_subj_59,1.0,,
5,83,2,2,2,2,1,2,2,2,1,2,2,2,1,2,1,2,2,2,2,2,4,5,5,4,4,4,4,2,5,0,0,0,0,0,1,0,0,1,0,0,0,0,0,0,2.0,5.0,4.0,2.0,4.0,3,4.0,4.0,2.0,2.0,phase_014_subj_4,2.0,,
6,159,4,4,4,4,4,4,4,4,4,4,4,4,4,4,3,5,4,4,5,4,4,4,4,3,4,4,4,4,4,0,1,1,1,0,1,0,0,0,1,0,0,0,0,0,5.0,4.0,4.0,2.0,5.0,3,4.0,4.0,2.0,2.0,phase_014_subj_13,1.0,,
7,328,3,3,4,3,3,3,3,4,3,3,4,4,5,4,4,4,4,5,4,4,2,2,1,1,2,1,1,1,1,0,0,1,0,0,0,1,0,0,0,1,0,1,0,1,4.0,1.0,2.0,1.0,2.0,4,5.0,4.0,5.0,2.0,phase_014_subj_27,1.0,,
8,281,3,3,4,3,3,3,3,4,4,4,4,4,4,4,4,4,4,4,4,4,4,4,4,4,4,4,1,4,2,0,0,0,1,0,0,1,0,1,0,1,0,0,0,1,5.0,2.0,4.0,1.0,4.0,4,2.0,1.0,1.0,1.0,phase_014_subj_23,,,
9,356,4,3,4,3,4,3,3,4,4,4,4,4,2,4,4,4,5,5,4,5,2,2,2,2,2,2,1,2,2,0,0,1,0,0,1,1,0,0,0,0,0,0,0,0,4.0,5.0,4.0,4.0,2.0,4,2.0,4.0,1.0,2.0,phase_014_subj_29,2.0,,
10,524,3,4,4,3,4,3,4,4,4,4,5,5,5,4,4,4,4,4,4,4,2,4,3,2,3,2,2,3,3,1,0,1,0,0,1,0,1,0,0,0,0,0,0,0,4.0,2.0,2.0,3.0,3.0,2,4.0,2.0,3.0,2.0,phase_014_subj_48,1.0,,
11,666,2,2,2,2,2,1,1,1,2,1,3,1,2,3,2,2,2,2,3,2,5,5,4,4,3,3,2,4,4,0,1,0,1,0,1,1,0,1,1,1,0,0,0,0,3.0,5.0,5.0,2.0,4.0,5,4.0,2.0,2.0,3.0,phase_014_subj_55,4.0,,
12,696,3,4,4,4,4,3,3,1,4,4,4,4,2,4,4,5,5,2,5,4,2,2,1,1,1,2,4,5,1,0,0,0,0,0,1,1,0,1,0,0,0,1,0,0,5.0,4.0,4.0,2.0,4.0,2,5.0,4.0,2.0,1.0,phase_014_subj_61,1.0,,
13,171,3,3,3,3,3,3,3,3,3,4,3,4,4,3,2,3,3,3,4,4,4,4,3,2,4,4,3,2,2,0,0,0,0,0,0,0,0,0,0,0,0,0,0,0,3.0,2.0,2.0,2.0,4.0,2,2.0,3.0,2.0,1.0,phase_014_subj_14,1.0,,
14,374,3,4,3,3,3,4,3,2,3,3,4,4,4,4,4,5,4,4,4,4,2,1,2,2,2,2,2,4,2,1,1,1,1,0,0,1,0,0,1,1,1,1,0,1,4.0,2.0,2.0,2.0,1.0,4,5.0,4.0,4.0,2.0,phase_014_subj_33,4.0,,
15,141,3,2,2,3,1,3,3,3,4,4,3,2,4,4,4,4,4,4,4,5,2,2,2,3,2,2,2,3,2,1,0,1,1,1,0,0,1,0,1,1,0,1,0,0,3.0,4.0,3.0,2.0,2.0,2,4.0,,2.0,3.0,phase_014_subj_9,3.0,,
16,280,3,4,4,4,4,4,3,4,4,4,5,4,5,4,5,4,4,5,4,5,1,2,2,1,1,2,1,4,1,0,0,1,1,0,0,1,1,0,0,0,0,1,0,1,5.0,1.0,2.0,1.0,2.0,3,4.0,,,,phase_014_subj_22,4.0,,
17,581,3,3,3,3,3,3,3,3,3,3,4,3,2,3,4,4,4,4,4,4,3,4,3,4,4,4,3,4,4,0,0,0,0,0,1,0,0,0,0,0,0,1,0,0,4.0,4.0,3.0,2.0,2.0,3,4.0,4.0,4.0,2.0,phase_014_subj_50,5.0,,
18,244,2,4,2,3,1,2,1,2,2,1,3,2,1,2,2,2,1,2,2,2,4,5,4,4,5,4,4,4,3,0,0,0,0,0,0,0,1,1,0,0,0,0,0,0,3.0,2.0,2.0,3.0,2.0,3,2.0,3.0,1.0,4.0,phase_014_subj_19,4.0,,
19,419,4,3,3,3,2,3,3,3,3,3,4,4,3,3,2,4,4,3,4,4,3,4,4,4,4,2,2,3,4,0,0,1,0,0,0,0,1,0,0,0,0,0,0,0,3.0,4.0,4.0,3.0,4.0,4,3.0,4.0,4.0,2.0,phase_014_subj_40,2.0,,
20,416,3,4,4,4,4,3,4,2,4,4,4,5,5,4,4,5,4,5,5,4,2,2,2,2,2,2,3,2,3,0,0,0,0,0,1,0,0,1,1,1,0,0,0,0,4.0,2.0,3.0,2.0,2.0,2,4.0,4.0,3.0,3.0,phase_014_subj_39,1.0,,
21,437,3,3,4,3,2,3,3,3,4,4,4,3,3,4,4,4,4,4,4,4,2,2,2,2,2,2,2,4,2,0,0,1,1,0,0,1,0,0,1,0,0,0,0,1,4.0,4.0,3.0,2.0,4.0,3,4.0,4.0,3.0,2.0,phase_014_subj_41,5.0,,
22,413,3,3,4,3,4,3,3,4,4,4,4,4,5,3,4,4,4,3,3,5,3,3,4,4,4,4,4,4,4,0,0,1,1,0,1,0,1,0,1,1,0,1,0,1,4.0,1.0,4.0,2.0,3.0,2,3.0,2.0,4.0,3.0,phase_014_subj_38,,,
23,155,3,3,4,3,3,3,3,4,3,4,4,4,3,3,4,4,4,4,4,4,2,2,2,1,2,2,2,2,1,0,0,1,0,0,0,1,0,0,0,0,1,0,0,1,4.0,2.0,2.0,1.0,2.0,3,4.0,4.0,2.0,2.0,phase_014_subj_12,4.0,,
24,373,3,4,4,3,4,3,4,4,4,4,4,5,5,4,5,4,5,5,5,5,1,1,2,1,2,2,1,5,1,1,0,1,1,1,1,1,1,0,1,1,0,1,0,1,5.0,1.0,1.0,1.0,2.0,2,4.0,2.0,3.0,1.0,phase_014_subj_32,5.0,,
25,67,4,3,4,4,4,4,3,1,4,4,5,4,5,4,4,5,5,4,5,5,1,2,5,2,2,1,2,4,1,0,0,1,1,1,0,0,1,0,0,1,0,0,0,1,4.0,2.0,1.0,1.0,2.0,1,2.0,1.0,2.0,1.0,phase_014_subj_47,2.0,,
26,217,4,3,4,4,3,3,3,4,3,4,4,4,2,4,4,4,5,4,4,4,2,1,2,2,2,1,1,2,1,0,0,0,0,0,0,0,0,0,0,0,0,0,0,0,4.0,4.0,5.0,4.0,4.0,5,4.0,4.0,2.0,1.0,phase_014_subj_18,5.0,,
27,148,3,3,4,4,3,3,3,3,3,3,4,3,4,3,4,4,4,3,4,4,4,5,3,3,4,4,4,3,4,0,0,0,0,0,0,0,0,1,0,0,0,0,0,0,4.0,3.0,4.0,2.0,3.0,3,4.0,4.0,2.0,2.0,phase_014_subj_11,1.0,,
28,266,4,4,4,4,3,4,4,3,4,4,5,5,4,1,1,1,4,4,5,5,1,1,1,1,1,1,1,2,1,1,1,1,1,1,0,1,1,0,1,1,0,1,0,0,5.0,1.0,1.0,2.0,1.0,2,1.0,2.0,2.0,1.0,phase_014_subj_21,,,
29,595,3,3,4,3,3,3,3,3,4,3,4,4,4,4,3,4,4,3,4,4,4,4,3,2,3,3,3,4,1,0,0,0,0,0,0,1,0,0,0,0,0,0,0,0,4.0,2.0,3.0,2.0,3.0,2,4.0,4.0,3.0,3.0,phase_014_subj_51,1.0,,
30,195,3,3,4,4,3,3,3,4,4,4,4,5,5,5,5,5,5,5,4,5,2,1,2,2,1,2,2,4,1,0,0,0,0,0,0,1,0,1,0,0,0,1,0,0,4.0,1.0,1.0,1.0,1.0,1,1.0,2.0,4.0,2.0,phase_014_subj_16,2.0,,
31,141,4,4,4,4,4,4,4,4,4,4,5,5,5,5,5,5,5,5,5,5,1,1,1,1,1,1,1,1,1,1,1,1,1,0,1,1,1,0,1,1,0,1,1,1,5.0,1.0,5.0,1.0,1.0,3,5.0,3.0,4.0,1.0,phase_014_subj_10,1.0,,
32,388,4,3,4,3,4,4,4,4,4,4,4,4,5,3,3,5,3,3,5,2,3,4,1,1,2,2,1,2,4,0,0,0,0,0,0,1,0,0,0,0,0,0,0,0,5.0,2.0,3.0,4.0,1.0,3,3.0,2.0,1.0,2.0,phase_014_subj_36,5.0,,
33,294,4,3,4,4,4,3,4,3,4,4,5,5,5,5,5,5,5,5,5,5,1,1,1,1,2,1,1,5,1,0,0,0,0,0,0,1,0,0,0,1,1,1,0,0,5.0,1.0,4.0,1.0,4.0,4,5.0,2.0,1.0,1.0,phase_014_subj_24,1.0,,
34,211,3,4,3,3,3,4,3,3,4,4,4,3,4,4,3,4,3,3,3,4,4,4,4,3,5,3,3,3,2,0,0,0,0,0,0,1,1,0,0,0,0,0,0,0,4.0,3.0,4.0,4.0,5.0,4,5.0,,4.0,5.0,phase_014_subj_17,3.0,,
35,652,3,3,4,3,3,3,3,4,4,4,4,4,2,3,4,4,4,4,4,4,2,2,2,2,2,2,2,1,1,0,0,0,0,0,0,0,0,1,0,0,0,0,0,0,4.0,2.0,2.0,2.0,2.0,3,2.0,2.0,1.0,2.0,phase_014_subj_53,,,
36,460,4,4,4,3,4,3,4,4,4,3,4,4,2,4,4,5,5,4,4,4,4,5,4,4,4,3,4,5,4,0,0,0,0,0,0,1,0,0,0,0,0,0,0,0,4.0,5.0,4.0,1.0,4.0,2,4.0,4.0,1.0,2.0,phase_014_subj_45,2.0,,
37,381,4,4,4,3,4,4,3,4,4,4,5,5,5,5,5,5,5,5,5,5,2,2,3,2,3,2,3,4,2,0,0,0,1,0,1,1,0,0,1,0,0,1,0,0,4.0,3.0,4.0,5.0,4.0,3,4.0,3.0,1.0,1.0,phase_014_subj_34,2.0,,
38,391,3,3,4,3,3,4,4,4,4,4,5,4,3,4,4,4,4,3,4,5,2,3,5,4,4,3,2,3,2,1,0,1,0,1,1,1,0,1,0,1,0,0,0,0,5.0,2.0,2.0,1.0,2.0,4,4.0,4.0,2.0,3.0,phase_014_subj_37,5.0,,
39,133,4,4,4,4,3,3,3,3,4,4,4,4,4,4,5,4,4,3,4,5,2,2,2,1,3,2,2,2,3,0,0,0,0,0,0,1,0,1,0,0,0,0,0,0,4.0,3.0,2.0,2.0,3.0,3,4.0,2.0,2.0,3.0,phase_014_subj_8,5.0,,
40,372,3,3,3,3,3,3,3,2,3,3,4,2,2,4,3,4,3,3,4,3,4,4,4,4,4,4,4,4,4,0,0,0,0,0,0,1,0,0,0,0,0,0,0,0,4.0,4.0,3.0,2.0,4.0,4,4.0,4.0,2.0,2.0,phase_014_subj_31,1.0,,
41,102,3,3,4,4,3,3,3,4,3,3,5,2,1,4,4,4,4,2,4,4,2,5,2,5,3,2,2,4,2,0,0,1,0,0,0,0,0,1,0,0,0,1,0,0,5.0,3.0,5.0,1.0,2.0,4,5.0,5.0,2.0,1.0,phase_014_subj_5,4.0,,
42,51,3,3,3,3,2,3,3,3,3,3,2,2,2,4,4,4,2,2,4,4,5,5,5,5,2,3,1,4,1,0,0,0,0,0,0,0,0,1,0,0,0,0,0,0,4.0,5.0,2.0,2.0,5.0,2,2.0,3.0,4.0,1.0,phase_014_subj_2,1.0,,
43,552,3,3,4,3,3,4,4,3,4,4,4,4,3,4,3,4,5,4,4,5,3,4,4,3,2,2,2,3,4,1,0,1,0,0,0,1,0,1,0,0,0,0,0,0,3.0,2.0,4.0,3.0,4.0,3,3.0,2.0,3.0,4.0,phase_014_subj_49,4.0,,
44,193,4,4,4,4,4,4,4,4,4,4,5,5,5,5,5,5,5,5,5,5,1,1,1,1,1,1,1,1,1,0,1,1,1,0,0,1,0,0,1,1,0,0,0,1,5.0,3.0,3.0,2.0,1.0,1,3.0,1.0,4.0,2.0,phase_014_subj_15,3.0,,
1,322,4,4,4,4,3,4,4,4,4,4,4,4,2,4,4,5,4,4,4,5,1,4,4,2,2,2,2,2,2,0,0,1,0,0,0,0,0,1,0,0,0,0,0,0,4.0,4.0,4.0,2.0,2.0,2,4.0,2.0,3.0,2.0,phase_015_subj_18,1.0,,
2,18,1,1,2,1,1,1,1,2,1,1,1,1,1,2,1,1,2,1,1,2,5,5,5,4,5,5,5,5,5,0,0,0,0,0,0,0,0,0,0,0,0,0,0,0,4.0,5.0,5.0,4.0,5.0,5,4.0,5.0,3.0,5.0,phase_015_subj_3,4.0,,
3,540,4,4,4,4,4,4,4,4,4,4,5,5,5,5,5,5,5,5,5,5,1,1,1,1,1,1,1,1,1,0,0,0,0,0,0,1,1,0,0,0,0,0,0,0,5.0,2.0,1.0,1.0,2.0,1,2.0,1.0,4.0,1.0,phase_015_subj_32,5.0,,
4,681,4,3,4,4,3,3,3,4,3,4,4,4,2,3,3,5,4,3,4,4,1,1,2,2,1,1,1,2,1,0,1,1,1,0,1,1,0,1,1,1,0,0,0,1,4.0,2.0,2.0,1.0,3.0,3,3.0,2.0,4.0,3.0,phase_015_subj_46,1.0,,
5,621,3,4,4,3,4,4,4,3,4,4,4,4,2,4,4,5,4,2,4,5,3,3,3,1,2,2,2,3,1,0,0,1,1,0,0,0,0,0,0,0,1,1,0,0,5.0,5.0,5.0,5.0,5.0,2,2.0,4.0,1.0,3.0,phase_015_subj_41,2.0,,
6,404,4,4,4,4,4,4,4,4,4,4,5,5,5,5,5,5,5,5,5,5,1,1,1,1,1,1,1,1,1,0,0,0,0,0,0,1,0,0,0,0,0,0,0,0,5.0,1.0,2.0,1.0,1.0,2,2.0,2.0,5.0,1.0,phase_015_subj_23,1.0,,
7,110,4,4,4,4,3,3,3,4,4,3,4,4,4,3,4,4,4,3,4,4,2,3,3,2,2,2,2,3,1,0,0,0,0,0,0,1,0,0,0,0,0,0,0,0,4.0,3.0,3.0,2.0,2.0,1,3.0,4.0,4.0,3.0,phase_015_subj_11,,,
8,624,2,2,3,2,2,2,2,2,2,2,2,3,2,2,2,2,2,2,2,2,5,4,5,4,4,4,4,2,4,0,0,0,0,0,0,0,0,0,0,0,0,0,0,0,4.0,5.0,4.0,3.0,4.0,2,3.0,2.0,2.0,2.0,phase_015_subj_42,1.0,,
9,458,3,4,4,3,4,3,4,4,3,3,5,4,3,4,4,4,5,4,5,5,2,2,3,1,2,2,1,2,2,0,0,1,0,0,1,1,0,1,1,0,0,1,0,1,4.0,1.0,2.0,1.0,3.0,4,4.0,4.0,5.0,2.0,phase_015_subj_27,5.0,,
10,700,4,4,4,4,4,4,4,4,4,4,5,5,5,5,5,4,5,5,5,5,1,1,1,1,1,1,1,1,1,0,0,0,0,0,0,1,0,0,0,0,0,1,1,0,5.0,1.0,1.0,1.0,2.0,2,3.0,5.0,1.0,,phase_015_subj_49,1.0,,
11,588,3,3,3,4,3,3,3,4,4,4,5,4,4,3,4,4,4,5,4,5,2,1,5,2,2,4,2,1,4,1,0,0,0,0,0,0,0,0,0,0,0,1,0,0,4.0,3.0,2.0,2.0,2.0,2,3.0,2.0,2.0,1.0,phase_015_subj_37,1.0,,
12,592,3,3,3,3,2,3,3,3,3,3,3,2,2,3,2,4,3,1,3,4,3,4,3,4,4,3,4,4,5,0,0,0,0,0,0,0,0,1,0,0,0,0,0,0,4.0,4.0,3.0,2.0,5.0,2,4.0,2.0,4.0,5.0,phase_015_subj_39,3.0,,
13,67,3,3,2,2,2,2,2,2,2,3,3,2,2,3,2,2,2,3,4,2,5,4,4,3,4,4,4,4,4,0,0,1,0,0,1,0,1,0,0,0,0,1,0,1,4.0,1.0,3.0,2.0,4.0,4,4.0,5.0,2.0,1.0,phase_015_subj_6,3.0,,
14,691,3,3,4,3,4,4,4,3,4,3,4,1,2,4,3,4,3,2,4,4,2,1,1,1,2,2,2,2,2,0,0,0,0,0,0,0,0,0,0,0,0,0,0,0,4.0,2.0,1.0,2.0,4.0,4,5.0,4.0,4.0,2.0,phase_015_subj_48,3.0,,
15,591,4,4,4,4,4,4,4,4,4,4,5,5,5,5,5,5,5,5,5,5,1,1,1,1,1,1,1,1,1,0,0,0,0,0,0,1,0,0,0,0,0,0,0,0,5.0,2.0,1.0,1.0,2.0,1,2.0,1.0,5.0,1.0,phase_015_subj_38,1.0,,
16,654,3,3,3,3,3,3,4,2,4,4,3,3,4,4,3,5,4,3,4,5,2,2,3,3,3,2,2,1,2,0,0,0,0,0,0,0,0,0,0,0,0,0,0,0,4.0,3.0,2.0,2.0,3.0,2,3.0,4.0,1.0,3.0,phase_015_subj_43,1.0,,
17,562,3,3,4,3,3,3,3,2,3,3,4,4,4,4,4,4,5,4,4,5,4,4,5,3,4,4,3,2,4,0,0,0,0,0,0,0,0,0,0,0,0,0,0,0,4.0,3.0,3.0,3.0,4.0,3,2.0,3.0,3.0,2.0,phase_015_subj_33,2.0,,
18,459,4,4,4,4,4,4,4,4,4,3,4,4,3,4,4,5,4,5,4,5,1,2,1,1,1,2,1,2,1,0,0,1,1,1,1,1,0,1,1,1,0,0,0,0,5.0,4.0,4.0,3.0,4.0,2,4.0,4.0,2.0,2.0,phase_015_subj_28,2.0,,
19,89,2,2,2,2,2,2,2,2,2,2,2,2,2,2,2,2,1,2,2,2,4,5,4,4,4,4,4,2,4,0,0,0,0,0,0,0,0,0,0,0,0,0,0,0,2.0,4.0,4.0,5.0,3.0,1,2.0,2.0,3.0,2.0,phase_015_subj_9,2.0,,
20,112,4,4,4,4,3,4,3,2,4,4,5,4,2,4,4,4,4,3,4,4,1,1,2,1,1,1,1,1,1,0,0,1,1,0,0,0,0,0,0,0,0,0,0,0,5.0,2.0,4.0,3.0,3.0,4,4.0,5.0,4.0,2.0,phase_015_subj_12,,,
21,103,3,4,4,3,3,3,3,1,3,4,4,3,2,4,4,4,4,5,4,4,4,5,4,4,4,5,4,4,5,0,1,1,1,1,1,0,0,0,1,0,0,0,0,1,4.0,5.0,4.0,4.0,5.0,4,4.0,5.0,2.0,3.0,phase_015_subj_10,3.0,,
22,221,3,4,4,3,3,3,3,4,3,3,5,3,3,4,3,5,4,3,3,4,2,2,1,1,2,2,1,2,2,0,1,1,1,1,1,1,0,1,1,1,0,0,0,1,4.0,2.0,3.0,2.0,4.0,3,3.0,2.0,4.0,4.0,phase_015_subj_16,1.0,,
23,417,4,4,3,3,3,4,3,4,4,3,4,2,1,5,4,4,4,3,4,4,2,1,2,2,2,2,1,2,1,0,0,0,0,0,0,1,0,0,0,0,0,0,0,0,5.0,2.0,2.0,1.0,4.0,4,4.0,5.0,4.0,1.0,phase_015_subj_24,5.0,,
24,430,3,3,3,4,4,3,3,4,4,3,4,1,2,5,2,4,3,2,4,5,2,2,2,2,2,1,1,2,1,0,0,0,0,0,0,1,0,0,0,0,0,0,0,0,4.0,4.0,5.0,2.0,4.0,5,4.0,5.0,4.0,2.0,phase_015_subj_25,2.0,,
25,12,4,4,4,4,3,4,4,3,4,4,5,2,4,5,4,5,5,3,5,5,2,4,1,3,2,3,2,3,1,0,0,1,0,0,0,0,0,0,0,0,0,1,0,1,5.0,4.0,4.0,5.0,3.0,4,3.0,5.0,1.0,1.0,phase_015_subj_2,1.0,,
26,389,4,4,4,4,4,4,4,3,4,4,5,5,5,5,5,5,5,5,5,5,1,1,1,1,1,1,1,1,1,1,0,0,0,0,0,1,0,0,0,0,0,0,0,0,5.0,1.0,1.0,1.0,2.0,2,3.0,2.0,5.0,2.0,phase_015_subj_47,1.0,,
27,375,4,4,4,4,4,4,3,2,4,4,5,5,4,4,4,5,5,5,5,4,1,2,2,1,1,1,4,4,1,1,1,1,1,0,1,1,0,1,1,0,0,0,0,1,5.0,1.0,1.0,2.0,1.0,5,2.0,2.0,2.0,1.0,phase_015_subj_21,1.0,,
28,571,1,2,1,1,2,1,1,1,2,2,2,2,1,1,1,1,2,1,1,2,5,5,5,4,5,5,5,5,5,0,0,0,0,0,0,0,0,0,0,0,0,0,0,0,4.0,5.0,5.0,4.0,5.0,4,4.0,5.0,4.0,4.0,phase_015_subj_35,3.0,,
29,380,4,4,4,4,4,4,4,4,4,4,5,5,5,5,5,5,5,5,5,5,1,1,1,1,1,1,1,1,1,0,0,0,0,0,0,1,0,0,0,0,0,0,0,0,4.0,1.0,1.0,1.0,2.0,2,1.0,1.0,3.0,1.0,phase_015_subj_22,1.0,,
30,507,4,3,4,3,3,3,4,4,4,3,4,4,3,4,5,5,4,4,4,5,2,1,2,2,1,2,1,2,1,0,0,0,0,0,1,1,0,1,0,0,0,1,0,0,4.0,1.0,4.0,2.0,1.0,1,4.0,3.0,2.0,3.0,phase_015_subj_29,2.0,,
31,223,3,3,4,3,4,3,3,4,4,4,5,4,4,4,4,4,4,4,4,5,1,1,2,1,2,2,1,1,1,1,1,1,1,1,1,1,0,0,1,1,0,1,0,1,5.0,2.0,3.0,2.0,1.0,4,4.0,5.0,3.0,2.0,phase_015_subj_17,3.0,,
32,672,3,3,4,4,3,3,4,4,3,4,4,4,4,5,5,4,5,4,5,4,2,1,2,1,1,2,4,4,1,0,0,0,0,0,0,1,1,0,0,0,0,0,0,0,5.0,2.0,3.0,2.0,2.0,4,4.0,3.0,4.0,2.0,phase_015_subj_45,1.0,,
33,76,3,4,4,3,3,3,3,3,4,4,4,4,3,4,4,4,4,4,4,5,2,1,2,2,2,2,2,2,1,0,0,0,0,0,0,1,0,0,0,0,0,0,0,0,4.0,2.0,2.0,3.0,2.0,3,4.0,2.0,3.0,1.0,phase_015_subj_7,4.0,,
34,599,3,3,3,3,3,3,2,3,4,4,3,2,2,3,2,2,2,2,3,4,4,5,4,4,2,3,3,2,4,0,0,0,0,0,0,0,0,1,0,0,0,0,0,0,3.0,5.0,4.0,4.0,5.0,3,4.0,4.0,3.0,4.0,phase_015_subj_40,1.0,,
35,321,3,4,4,3,3,3,3,4,3,4,4,3,3,4,4,4,4,3,5,4,2,3,2,2,2,1,4,4,2,1,1,1,0,0,1,1,0,1,1,1,0,0,1,1,4.0,2.0,4.0,3.0,2.0,4,4.0,5.0,3.0,2.0,phase_015_subj_19,1.0,,
36,513,4,4,4,4,3,4,4,4,1,4,5,4,3,4,4,5,5,4,4,4,2,2,2,2,2,2,2,2,2,0,0,0,1,0,0,1,0,0,0,0,0,0,0,0,4.0,2.0,3.0,4.0,2.0,4,4.0,4.0,2.0,2.0,phase_015_subj_30,2.0,,
37,369,3,3,2,3,2,2,2,2,2,3,3,2,2,3,3,3,2,2,3,2,5,5,3,3,3,3,2,3,3,0,0,1,0,0,0,0,0,0,0,0,0,0,0,0,3.0,3.0,4.0,3.0,4.0,3,4.0,4.0,4.0,3.0,phase_015_subj_20,2.0,,
38,568,3,4,4,4,3,3,3,3,4,4,4,4,3,4,4,4,4,4,5,4,2,2,2,1,2,2,2,2,1,0,0,0,0,0,0,1,0,0,0,0,0,0,0,0,4.0,2.0,2.0,3.0,2.0,3,3.0,1.0,2.0,1.0,phase_015_subj_34,1.0,,
39,23,4,3,4,3,4,4,3,4,4,4,4,4,4,4,4,4,4,4,4,4,2,3,2,2,2,2,2,2,2,1,1,1,1,1,0,1,1,0,1,0,1,1,0,0,5.0,2.0,3.0,2.0,2.0,4,2.0,2.0,4.0,2.0,phase_015_subj_4,4.0,,
40,526,3,3,3,3,3,3,3,2,3,3,4,4,2,4,3,4,3,3,4,4,3,4,1,4,3,3,2,2,2,0,0,1,0,0,1,1,0,0,1,0,0,0,0,0,4.0,4.0,4.0,3.0,4.0,2,4.0,4.0,2.0,2.0,phase_015_subj_31,5.0,,
41,201,3,3,4,3,4,3,3,3,4,4,4,5,4,3,3,4,4,3,4,4,1,2,2,2,2,2,2,2,1,0,0,1,0,0,0,1,0,0,0,0,0,0,0,1,4.0,2.0,2.0,1.0,2.0,3,4.0,3.0,2.0,1.0,phase_015_subj_15,5.0,,
42,6,4,4,4,3,4,4,3,3,3,4,4,1,2,4,3,4,4,3,4,4,2,1,2,1,1,1,2,1,2,0,0,0,0,0,0,0,0,0,0,0,0,0,0,0,5.0,2.0,2.0,1.0,5.0,4,5.0,4.0,4.0,2.0,phase_015_subj_1,5.0,,
43,126,3,3,3,3,2,4,4,4,3,4,4,2,1,3,1,4,4,2,4,4,2,4,4,4,4,3,4,5,4,0,0,0,0,0,1,0,0,0,0,0,0,0,0,0,5.0,4.0,1.0,1.0,4.0,1,2.0,4.0,2.0,2.0,phase_015_subj_13,5.0,,
44,448,4,4,3,3,3,3,4,4,3,3,5,2,2,4,2,4,2,2,5,2,2,4,2,2,2,2,2,2,4,0,0,0,1,1,0,1,0,0,0,1,0,0,0,0,5.0,2.0,2.0,2.0,2.0,2,4.0,4.0,4.0,4.0,phase_015_subj_26,,,
45,79,3,3,4,4,4,3,3,4,4,4,4,4,4,4,4,4,5,2,4,4,1,2,1,1,2,2,1,1,2,0,0,0,0,0,0,1,0,0,0,0,0,0,0,0,4.0,1.0,4.0,2.0,3.0,4,4.0,2.0,1.0,3.0,phase_015_subj_8,1.0,,
46,25,3,3,3,3,3,3,3,3,3,3,4,4,4,4,4,4,4,4,4,4,2,2,2,2,2,2,2,4,2,0,0,0,0,0,0,1,0,0,0,0,0,0,0,0,4.0,2.0,2.0,2.0,2.0,3,4.0,4.0,4.0,2.0,phase_015_subj_5,2.0,,
1,412,2,2,3,2,2,2,3,2,2,4,3,4,4,2,3,3,2,2,3,2,4,4,4,4,4,4,3,2,3,0,0,0,0,0,0,0,0,0,0,0,0,0,0,0,3.0,4.0,3.0,3.0,4.0,4,4.0,5.0,3.0,2.0,phase_016_subj_53,3.0,,
2,11,3,3,3,3,3,3,3,3,4,4,4,2,4,4,4,4,4,4,4,4,2,3,3,4,3,4,3,4,3,1,0,1,1,0,0,1,1,0,0,0,0,1,0,0,5.0,2.0,2.0,5.0,2.0,4,4.0,2.0,4.0,3.0,phase_016_subj_2,2.0,,
3,347,3,3,3,3,3,3,2,1,3,3,3,2,2,3,1,3,2,2,2,2,5,5,5,5,4,5,5,5,2,0,0,1,0,0,1,0,0,1,0,0,0,0,0,1,4.0,4.0,4.0,1.0,4.0,5,5.0,5.0,2.0,2.0,phase_016_subj_44,1.0,,
4,407,3,3,3,3,3,3,3,3,3,3,4,4,4,4,4,4,4,4,4,4,2,2,2,2,2,2,2,2,2,0,0,1,1,0,0,1,0,1,0,0,0,1,0,0,4.0,2.0,2.0,2.0,2.0,3,4.0,2.0,4.0,2.0,phase_016_subj_52,2.0,,
5,691,3,3,3,3,2,3,3,4,3,3,4,2,2,3,4,3,4,4,4,3,2,1,1,1,1,1,4,4,1,0,0,0,1,1,1,1,0,0,1,1,0,1,0,0,4.0,1.0,3.0,3.0,1.0,3,1.0,1.0,3.0,1.0,phase_016_subj_83,1.0,,
6,451,2,2,2,2,2,2,1,2,2,3,4,2,1,2,2,2,2,1,3,3,5,4,5,4,4,5,5,1,4,0,1,0,0,0,0,0,0,1,0,0,0,0,0,0,4.0,5.0,5.0,2.0,5.0,4,2.0,2.0,1.0,1.0,phase_016_subj_58,,,
7,654,2,2,2,2,2,2,3,3,2,2,3,2,2,3,2,4,3,3,3,2,2,2,3,2,3,2,2,2,3,0,0,0,0,0,0,0,0,1,0,0,0,0,0,0,5.0,2.0,2.0,4.0,3.0,4,2.0,1.0,2.0,1.0,phase_016_subj_75,,,
8,592,3,3,4,4,4,3,3,4,4,4,4,5,5,4,5,4,5,5,4,5,2,1,2,2,2,2,1,1,1,1,0,0,1,0,0,1,0,0,0,0,0,0,0,0,4.0,1.0,1.0,2.0,1.0,1,1.0,1.0,2.0,1.0,phase_016_subj_68,3.0,,
9,386,3,4,4,4,4,4,4,4,4,4,4,4,2,2,5,4,5,4,5,5,2,2,2,2,2,1,1,2,1,0,0,0,0,0,0,0,0,0,0,0,0,0,0,0,4.0,2.0,4.0,5.0,4.0,4,5.0,5.0,4.0,4.0,phase_016_subj_48,2.0,,
10,122,2,2,2,2,1,2,2,1,1,2,2,2,2,2,2,2,2,1,2,2,4,5,4,4,4,4,5,4,4,0,0,0,0,0,0,0,0,1,0,0,0,0,0,0,2.0,5.0,4.0,3.0,4.0,3,3.0,2.0,2.0,2.0,phase_016_subj_14,1.0,,
11,197,3,3,3,3,3,4,4,3,4,3,4,4,3,4,4,4,4,4,4,5,4,5,4,4,3,4,4,2,4,0,0,0,0,0,0,0,0,1,0,0,0,0,0,0,4.0,4.0,2.0,4.0,4.0,4,4.0,5.0,4.0,5.0,phase_016_subj_28,1.0,,
12,274,3,4,4,3,4,4,3,3,4,3,4,4,5,4,4,4,4,5,4,4,2,1,2,2,1,2,2,4,1,1,1,1,1,1,0,1,1,0,1,1,0,1,0,1,4.0,2.0,2.0,1.0,2.0,2,4.0,2.0,3.0,2.0,phase_016_subj_33,1.0,,
13,390,3,3,3,3,3,3,3,3,4,4,4,4,2,4,4,4,4,4,4,4,2,2,2,2,1,2,4,5,2,0,1,0,1,0,0,1,0,0,1,0,0,0,0,1,4.0,3.0,2.0,2.0,4.0,4,4.0,2.0,2.0,2.0,phase_016_subj_49,5.0,,
14,219,4,3,4,3,3,3,4,3,4,4,4,4,3,3,2,5,4,2,3,5,2,4,3,4,2,2,1,2,1,0,0,0,0,0,0,1,0,0,0,0,0,0,0,0,5.0,2.0,2.0,3.0,1.0,4,4.0,2.0,1.0,1.0,phase_016_subj_29,5.0,,
15,574,4,4,3,3,2,3,3,2,4,4,4,3,3,4,2,4,3,2,4,2,4,5,3,3,3,3,3,4,4,0,0,0,0,0,0,0,0,0,0,0,1,0,0,0,4.0,5.0,4.0,3.0,4.0,4,4.0,4.0,3.0,2.0,phase_016_subj_66,5.0,,
16,447,4,4,4,4,4,4,4,4,3,4,4,5,4,4,4,5,5,4,5,4,3,4,3,4,3,2,3,3,2,0,1,1,1,1,1,0,1,0,1,0,0,0,0,0,4.0,3.0,2.0,1.0,3.0,4,3.0,5.0,1.0,1.0,phase_016_subj_57,3.0,,
17,280,3,3,4,4,4,3,3,4,4,4,4,4,4,4,5,4,4,5,4,4,3,4,4,4,5,4,4,2,2,0,0,0,0,0,0,0,0,0,0,0,0,0,0,0,4.0,3.0,2.0,2.0,3.0,2,1.0,1.0,1.0,1.0,phase_016_subj_35,4.0,,
18,669,3,3,4,2,4,2,2,3,4,4,4,5,2,3,4,2,4,5,4,4,4,4,3,4,4,4,4,4,4,0,1,1,1,1,1,0,0,1,1,1,0,0,1,1,4.0,5.0,5.0,2.0,4.0,5,4.0,4.0,2.0,3.0,phase_016_subj_80,2.0,,
19,12,3,3,3,3,3,4,4,3,3,4,4,2,3,4,3,4,3,3,4,4,5,4,4,5,3,4,4,2,4,0,1,1,1,0,0,0,0,0,1,0,0,0,0,0,4.0,5.0,4.0,5.0,4.0,4,4.0,5.0,4.0,2.0,phase_016_subj_3,1.0,,
20,306,3,4,4,3,1,3,4,4,4,4,4,5,4,4,4,4,5,4,4,5,4,4,4,3,3,3,2,2,2,1,1,1,1,1,1,1,0,0,1,1,1,1,1,1,4.0,1.0,2.0,1.0,1.0,5,4.0,4.0,1.0,1.0,phase_016_subj_37,1.0,,
21,419,3,1,3,2,3,2,2,2,3,3,2,2,2,3,4,2,2,3,2,3,4,5,4,4,4,4,4,2,4,0,0,0,0,0,0,0,0,1,0,0,0,0,0,0,4.0,5.0,4.0,3.0,4.0,3,4.0,4.0,3.0,4.0,phase_016_subj_54,5.0,,
22,639,4,3,4,3,4,4,3,3,4,4,5,3,2,4,4,5,3,4,5,3,2,3,2,3,2,1,3,4,3,0,0,0,0,0,0,1,0,0,0,0,0,0,0,0,5.0,2.0,4.0,3.0,2.0,4,3.0,4.0,5.0,2.0,phase_016_subj_72,,,
23,348,3,3,3,3,3,3,3,2,3,3,4,4,3,4,4,4,4,4,4,4,2,2,2,2,3,2,2,2,2,0,0,0,0,0,0,1,0,1,0,0,0,0,0,0,4.0,3.0,4.0,2.0,2.0,2,3.0,2.0,3.0,2.0,phase_016_subj_45,1.0,,
24,656,3,3,4,3,3,3,3,3,4,3,4,4,4,4,4,4,3,3,4,4,3,4,4,4,4,4,3,4,2,0,1,0,1,0,0,1,0,0,1,0,0,0,0,1,4.0,5.0,2.0,2.0,5.0,3,4.0,4.0,4.0,2.0,phase_016_subj_77,,,
25,659,3,3,3,3,3,3,3,3,3,3,4,3,3,3,4,4,3,4,4,4,3,2,2,2,2,2,3,2,2,0,0,0,0,0,0,0,0,0,0,0,0,0,0,0,4.0,2.0,3.0,4.0,3.0,2,4.0,3.0,4.0,3.0,phase_016_subj_78,3.0,,
26,276,3,3,2,2,2,2,2,2,2,2,3,3,2,3,3,3,2,2,3,2,3,3,3,3,2,2,3,3,3,0,0,0,0,0,0,0,0,1,0,0,0,0,0,0,4.0,3.0,3.0,3.0,4.0,4,3.0,3.0,3.0,3.0,phase_016_subj_34,,,
27,173,4,3,4,4,4,4,4,4,4,4,5,5,5,5,5,4,5,5,5,5,1,1,1,1,2,1,1,2,1,1,0,0,0,0,0,1,0,0,0,0,0,0,0,0,5.0,1.0,2.0,1.0,1.0,2,4.0,4.0,1.0,2.0,phase_016_subj_24,4.0,,
28,307,3,4,4,4,2,3,4,3,4,4,5,4,4,4,4,5,5,5,5,4,2,2,1,1,2,1,5,1,2,0,0,0,0,0,0,1,0,0,0,0,0,0,0,0,5.0,1.0,2.0,2.0,1.0,2,4.0,2.0,2.0,1.0,phase_016_subj_38,1.0,,
29,35,3,4,3,4,2,3,2,2,3,3,3,4,2,2,2,2,3,2,4,4,4,2,4,2,4,3,2,4,2,0,0,0,0,0,0,0,0,0,0,0,0,1,0,0,2.0,4.0,2.0,2.0,4.0,1,2.0,4.0,5.0,2.0,phase_016_subj_6,4.0,,
30,140,4,3,4,4,3,4,4,3,4,4,4,4,3,4,4,5,5,4,5,5,2,2,2,1,2,1,2,1,1,1,1,1,1,1,0,1,0,0,1,1,0,1,1,1,5.0,2.0,3.0,2.0,3.0,2,3.0,5.0,4.0,4.0,phase_016_subj_16,3.0,,
31,524,4,3,4,3,3,4,4,2,4,4,4,4,5,4,5,5,4,4,4,5,2,2,2,1,1,2,2,5,2,0,1,1,1,1,1,1,1,0,1,1,0,0,1,1,,3.0,4.0,2.0,1.0,5,3.0,4.0,5.0,2.0,phase_016_subj_61,4.0,,
32,651,3,4,3,3,3,4,4,3,4,4,4,3,4,4,4,5,4,3,4,4,1,2,2,2,1,1,2,4,1,0,0,1,0,0,0,1,0,0,0,0,0,0,0,0,5.0,4.0,4.0,2.0,1.0,4,4.0,2.0,2.0,1.0,phase_016_subj_74,5.0,,
33,1,3,3,4,3,3,3,3,2,3,3,4,3,2,4,4,4,4,3,4,4,2,3,3,2,2,2,2,3,2,0,0,1,0,0,0,0,0,1,0,0,0,1,0,0,4.0,3.0,2.0,2.0,4.0,2,4.0,4.0,3.0,1.0,phase_016_subj_84,,,
34,110,3,4,4,3,4,4,3,3,4,3,4,4,5,4,4,5,5,4,4,5,3,4,5,4,4,4,4,1,4,1,1,1,1,1,1,1,1,0,1,1,0,1,1,1,4.0,2.0,1.0,2.0,3.0,2,3.0,4.0,2.0,3.0,phase_016_subj_11,2.0,,
35,444,3,3,3,3,2,3,3,3,3,3,4,3,2,4,1,4,3,2,4,3,3,3,4,2,2,2,3,3,2,0,0,0,0,0,0,0,0,1,0,0,0,0,0,0,4.0,4.0,5.0,3.0,4.0,3,4.0,2.0,4.0,3.0,phase_016_subj_56,5.0,,
36,400,2,3,3,1,3,3,2,2,3,4,4,3,4,3,2,2,3,1,3,2,3,2,1,3,4,3,3,2,1,1,1,1,0,0,0,1,0,1,1,1,0,0,0,1,3.0,2.0,1.0,2.0,3.0,3,2.0,2.0,3.0,4.0,phase_016_subj_50,,,
37,27,4,3,3,3,2,3,2,2,3,4,4,4,4,4,2,4,3,2,4,5,2,3,1,2,1,2,4,4,1,0,1,0,1,0,1,0,0,0,0,0,0,1,0,0,4.0,1.0,3.0,3.0,4.0,4,5.0,4.0,5.0,2.0,phase_016_subj_4,4.0,,
38,151,3,3,4,4,4,4,3,4,4,4,4,4,4,4,5,5,5,4,4,4,4,4,4,4,5,4,4,4,4,0,0,1,0,0,1,0,0,0,0,0,0,0,0,0,5.0,4.0,4.0,4.0,5.0,4,4.0,4.0,2.0,2.0,phase_016_subj_20,5.0,,
39,681,3,3,4,4,4,4,3,3,4,4,4,4,5,4,5,4,4,4,4,5,3,4,4,3,4,3,4,4,2,0,0,1,1,0,0,1,0,1,1,0,0,1,0,1,4.0,2.0,2.0,2.0,4.0,2,4.0,4.0,2.0,1.0,phase_016_subj_82,1.0,,
40,238,3,3,3,3,3,3,3,2,3,3,4,4,4,4,4,4,4,4,4,4,4,4,4,3,4,4,4,4,3,0,0,0,0,1,0,1,0,1,0,0,0,1,0,0,4.0,3.0,4.0,3.0,4.0,3,2.0,5.0,3.0,3.0,phase_016_subj_31,1.0,,
41,603,3,4,4,3,4,3,4,3,3,4,4,3,2,4,3,4,4,4,4,3,3,2,2,2,3,2,1,2,2,0,1,1,1,0,0,1,0,0,0,1,0,0,0,1,4.0,1.0,4.0,2.0,3.0,2,4.0,2.0,4.0,2.0,phase_016_subj_70,2.0,,
42,672,3,3,3,4,2,3,3,3,3,4,4,4,2,5,4,4,2,2,4,5,2,2,2,1,3,2,2,2,1,0,0,0,1,0,0,0,0,1,0,0,0,0,0,0,3.0,5.0,4.0,4.0,2.0,2,4.0,4.0,4.0,3.0,phase_016_subj_81,1.0,,
43,99,4,4,4,4,4,4,4,1,4,4,5,4,4,4,4,5,5,4,4,4,2,2,3,2,3,2,2,2,2,0,1,1,0,0,0,1,0,0,1,0,0,0,0,1,4.0,1.0,2.0,1.0,1.0,2,4.0,4.0,3.0,2.0,phase_016_subj_10,,,
44,336,3,4,4,3,3,3,3,4,4,4,4,3,3,4,4,4,3,4,3,4,2,2,2,2,2,1,2,2,1,0,0,0,0,0,0,0,0,0,0,0,1,0,0,0,4.0,2.0,2.0,1.0,2.0,2,3.0,3.0,4.0,2.0,phase_016_subj_42,3.0,,
45,600,3,3,3,2,2,3,4,4,3,3,4,3,4,4,4,4,4,4,3,4,3,3,4,4,4,4,3,2,4,0,0,0,0,0,0,0,0,1,0,0,0,0,0,0,4.0,4.0,3.0,2.0,2.0,4,3.0,3.0,2.0,2.0,phase_016_subj_69,1.0,,
46,120,4,3,3,3,3,3,3,3,4,4,4,4,4,4,4,4,4,4,4,4,2,2,2,2,2,2,2,4,1,0,1,1,1,1,0,1,0,0,0,1,0,1,0,1,5.0,2.0,4.0,2.0,3.0,2,2.0,4.0,2.0,2.0,phase_016_subj_13,4.0,,
47,381,3,4,4,3,3,4,3,4,4,4,4,4,5,4,4,4,4,3,4,5,2,1,2,2,2,2,2,1,1,0,0,0,0,0,0,0,0,0,0,0,0,1,0,0,4.0,2.0,4.0,3.0,4.0,1,3.0,3.0,2.0,1.0,phase_016_subj_47,2.0,,
48,63,3,3,4,4,4,3,3,4,4,4,4,4,4,4,5,4,5,3,4,5,2,1,2,2,2,2,1,1,1,0,0,1,0,0,0,1,0,0,0,0,0,1,0,0,4.0,1.0,2.0,1.0,3.0,3,2.0,4.0,3.0,1.0,phase_016_subj_8,5.0,,
49,304,3,3,4,3,3,3,3,4,4,4,4,4,2,4,4,4,4,4,3,4,2,2,2,1,2,2,2,1,1,0,0,0,0,0,1,1,0,1,0,0,0,1,0,0,4.0,4.0,4.0,2.0,2.0,4,2.0,2.0,4.0,2.0,phase_016_subj_36,1.0,,
50,430,3,4,4,3,3,3,3,3,3,4,4,4,5,4,5,4,4,4,4,4,3,2,2,2,2,2,2,3,3,1,0,0,0,0,1,1,0,1,1,0,0,0,0,0,3.0,2.0,2.0,1.0,3.0,4,,3.0,4.0,2.0,phase_016_subj_46,3.0,,
51,463,3,3,3,3,2,3,2,2,3,4,3,2,2,3,3,2,2,3,4,4,2,2,2,1,2,2,2,2,1,0,0,0,0,0,0,0,0,0,0,0,0,0,0,0,4.0,2.0,3.0,4.0,3.0,2,2.0,1.0,4.0,2.0,phase_016_subj_59,5.0,,
52,368,4,4,3,3,4,1,3,3,3,3,5,5,5,5,5,5,5,3,3,4,1,1,2,2,3,2,2,4,2,1,1,1,1,0,1,0,0,0,1,0,1,1,0,0,2.0,4.0,3.0,1.0,2.0,3,3.0,2.0,2.0,2.0,phase_016_subj_55,1.0,,
53,647,3,3,4,3,3,3,3,3,4,3,4,3,1,3,3,4,4,2,4,5,4,5,4,4,5,3,4,5,4,0,1,1,1,0,1,0,0,1,1,0,0,1,0,1,4.0,2.0,4.0,1.0,2.0,4,5.0,4.0,2.0,3.0,phase_016_subj_73,1.0,,
54,220,3,3,4,3,3,3,3,2,3,3,4,2,3,3,2,4,3,4,4,4,4,4,3,4,3,2,3,3,3,1,0,1,1,1,1,0,0,1,0,0,0,0,0,1,5.0,2.0,2.0,3.0,4.0,3,3.0,2.0,4.0,2.0,phase_016_subj_30,1.0,,
55,328,4,3,4,4,2,4,3,2,4,4,5,4,2,5,2,4,3,2,4,3,2,3,1,2,1,2,2,1,1,0,0,1,0,0,0,1,0,0,0,0,0,0,0,0,5.0,5.0,5.0,4.0,4.0,4,5.0,5.0,3.0,4.0,phase_016_subj_40,1.0,,
56,509,3,3,3,3,3,3,3,3,4,4,3,4,2,3,4,4,3,2,4,4,4,5,4,4,4,4,4,4,4,0,0,0,0,0,0,0,0,1,0,0,0,0,0,0,2.0,4.0,3.0,4.0,4.0,2,3.0,2.0,2.0,2.0,phase_016_subj_60,2.0,,
57,534,3,3,2,2,3,3,2,2,2,2,3,2,2,3,2,3,2,2,4,3,3,2,4,4,2,2,4,4,3,0,0,0,0,0,0,0,0,0,0,0,0,0,0,0,3.0,4.0,4.0,2.0,4.0,4,4.0,4.0,2.0,2.0,phase_016_subj_62,1.0,,
58,173,2,3,1,4,2,2,2,3,1,1,3,2,1,3,3,3,2,3,3,2,3,2,2,3,2,3,3,4,4,0,0,1,1,0,0,1,1,1,0,0,0,1,0,0,4.0,4.0,4.0,3.0,3.0,4,4.0,4.0,3.0,2.0,phase_016_subj_25,3.0,,
59,263,3,4,4,3,4,3,4,2,4,4,5,5,4,4,4,5,5,4,5,5,2,2,1,2,2,2,2,1,2,0,0,0,0,0,0,1,0,0,0,0,0,0,0,0,5.0,2.0,3.0,3.0,2.0,2,4.0,3.0,3.0,2.0,phase_016_subj_32,,,
60,77,3,3,3,3,3,3,3,2,3,3,4,4,2,4,2,4,4,2,4,4,4,2,2,2,3,2,2,2,1,0,0,0,0,0,0,0,0,0,0,0,0,1,0,0,3.0,4.0,4.0,2.0,2.0,4,4.0,4.0,2.0,2.0,phase_016_subj_9,5.0,,
61,631,3,3,3,3,3,3,3,2,3,3,4,3,2,4,4,4,4,3,4,4,2,3,1,2,2,2,1,1,1,0,1,1,1,1,1,0,0,0,1,1,0,0,1,1,5.0,5.0,5.0,3.0,5.0,3,3.0,2.0,2.0,2.0,phase_016_subj_71,,,
62,30,3,3,4,3,3,4,3,4,4,4,3,4,4,4,4,4,5,5,3,5,3,2,3,3,2,2,1,3,2,0,0,0,1,0,0,1,0,0,0,0,0,0,0,0,5.0,3.0,2.0,1.0,2.0,3,3.0,2.0,4.0,2.0,phase_016_subj_5,2.0,,
63,403,4,3,3,4,3,3,4,3,3,4,4,2,4,4,4,4,4,2,4,4,4,3,4,4,4,3,4,4,2,0,1,1,1,0,1,1,0,1,1,0,0,0,0,1,5.0,2.0,2.0,2.0,4.0,5,5.0,4.0,4.0,2.0,phase_016_subj_51,1.0,,
64,345,3,4,4,3,2,4,3,1,4,3,4,5,4,4,3,4,4,4,5,4,1,2,2,2,1,2,2,4,2,1,0,0,0,0,0,0,0,0,0,0,0,1,0,0,4.0,2.0,2.0,1.0,4.0,3,4.0,3.0,3.0,2.0,phase_016_subj_43,1.0,,
65,547,3,3,2,3,1,3,2,2,2,3,5,3,3,4,3,2,3,4,3,4,4,4,4,4,4,4,4,3,4,0,0,0,0,0,0,0,0,0,0,0,0,1,0,0,4.0,3.0,4.0,2.0,,1,1.0,1.0,1.0,1.0,phase_016_subj_63,1.0,,
66,667,4,3,4,4,3,4,3,4,4,4,5,5,5,5,5,5,5,5,5,5,1,1,2,1,1,2,2,1,1,1,0,1,1,1,0,1,0,0,1,1,0,1,0,0,5.0,4.0,2.0,4.0,1.0,2,1.0,1.0,4.0,2.0,phase_016_subj_79,1.0,,
67,584,3,4,3,3,3,3,3,1,3,3,4,3,1,4,4,4,3,2,4,4,2,3,4,1,3,2,2,3,4,0,1,0,1,1,1,0,0,1,0,0,0,1,0,0,4.0,5.0,4.0,2.0,4.0,3,4.0,3.0,2.0,2.0,phase_016_subj_67,1.0,,
68,140,3,3,3,3,3,3,3,3,3,3,3,4,3,3,4,3,4,3,3,4,5,5,5,5,4,5,5,5,5,0,1,0,1,1,0,1,0,0,1,0,0,1,0,0,4.0,1.0,3.0,4.0,1.0,2,4.0,3.0,,3.0,phase_016_subj_17,1.0,,
69,2,3,3,4,3,4,3,3,4,4,4,4,4,2,2,4,4,4,4,4,4,4,3,2,2,2,2,2,2,2,0,0,1,1,0,0,1,0,1,1,0,1,0,0,0,4.0,4.0,4.0,2.0,2.0,4,4.0,2.0,2.0,3.0,phase_016_subj_85,,,
70,257,3,4,4,3,3,3,4,2,3,4,4,4,4,4,4,4,5,4,4,4,1,1,2,2,3,2,1,1,1,1,0,1,1,0,0,1,0,0,0,0,0,1,0,1,3.0,1.0,2.0,3.0,2.0,4,4.0,3.0,4.0,2.0,phase_016_subj_86,3.0,,
71,6,3,4,2,3,2,4,3,3,3,3,5,3,4,4,2,4,4,4,5,4,5,5,4,5,1,1,5,5,3,1,1,0,1,1,1,0,0,0,1,1,1,0,0,0,3.0,4.0,1.0,1.0,5.0,5,5.0,5.0,2.0,1.0,phase_016_subj_1,5.0,,
1,80,3,3,3,3,4,3,2,2,3,3,4,3,3,3,4,4,3,3,4,3,3,2,2,3,2,2,2,4,2,1,0,1,1,1,0,1,1,0,1,0,0,1,0,1,4.0,2.0,1.0,2.0,3.0,4,2.0,4.0,5.0,2.0,phase_017_subj_17,1.0,,
2,93,2,1,2,2,2,2,2,2,2,3,3,3,1,3,2,2,2,2,2,3,5,5,4,4,5,4,4,4,5,0,0,0,0,0,0,0,0,1,0,0,0,0,0,0,2.0,5.0,5.0,4.0,4.0,4,3.0,3.0,4.0,5.0,phase_017_subj_25,3.0,,
3,73,4,3,4,4,1,3,2,1,1,2,3,4,4,4,5,4,4,4,2,5,4,4,5,5,4,4,5,2,5,0,0,0,0,0,0,0,1,1,0,0,0,1,1,0,4.0,5.0,5.0,4.0,5.0,5,4.0,4.0,2.0,1.0,phase_017_subj_15,,,
4,366,3,3,3,3,3,3,4,2,3,3,4,3,4,4,3,4,4,4,4,4,2,2,2,1,2,2,2,4,1,0,1,1,1,1,1,1,0,0,1,1,0,0,1,1,4.0,2.0,4.0,4.0,5.0,4,5.0,4.0,4.0,2.0,phase_017_subj_83,1.0,,
5,473,2,2,2,2,2,2,3,1,2,2,3,2,1,3,2,2,2,2,3,2,5,5,4,4,4,4,4,5,4,0,0,0,0,0,0,0,0,1,0,0,0,1,0,0,4.0,5.0,5.0,4.0,3.0,4,5.0,3.0,2.0,2.0,phase_017_subj_117,2.0,,
6,538,3,3,2,2,3,3,3,3,3,3,4,3,3,3,2,4,3,2,3,3,4,4,2,4,3,3,3,3,4,0,0,0,1,0,1,0,0,1,0,1,0,0,0,1,4.0,4.0,4.0,2.0,2.0,3,3.0,4.0,3.0,3.0,phase_017_subj_131,3.0,,
7,105,3,3,4,3,3,3,4,2,4,3,4,4,4,4,4,4,4,5,4,4,2,2,3,2,3,3,2,3,2,1,1,1,1,0,1,1,0,0,1,0,0,1,0,1,4.0,2.0,2.0,3.0,2.0,3,2.0,3.0,4.0,3.0,phase_017_subj_29,1.0,,
8,357,3,4,4,3,4,3,4,2,4,4,4,4,4,4,4,4,3,5,4,4,2,2,2,2,2,2,3,1,1,1,1,0,1,1,0,1,1,0,1,1,1,0,0,1,4.0,2.0,3.0,2.0,2.0,3,3.0,2.0,1.0,1.0,phase_017_subj_81,1.0,,
9,394,3,3,3,3,3,3,3,3,4,3,4,4,3,4,3,4,4,3,4,4,1,2,2,2,1,2,2,4,1,0,0,0,0,0,1,0,0,0,0,0,0,1,0,0,4.0,3.0,2.0,3.0,4.0,3,3.0,4.0,4.0,2.0,phase_017_subj_94,,,
10,353,4,3,4,3,3,4,4,4,3,3,5,4,2,5,4,4,5,4,5,4,1,2,1,2,2,2,2,1,2,0,0,0,0,0,0,1,0,0,0,0,0,0,0,0,5.0,4.0,3.0,4.0,4.0,4,5.0,4.0,2.0,1.0,phase_017_subj_79,3.0,,
11,622,3,2,3,3,3,2,2,2,3,3,3,3,2,3,3,3,2,2,3,3,4,4,4,4,5,5,4,4,3,0,0,0,0,0,1,0,0,0,0,0,0,0,0,0,3.0,5.0,4.0,2.0,4.0,3,3.0,3.0,2.0,3.0,phase_017_subj_149,2.0,,
12,192,3,3,3,3,4,4,3,4,3,3,4,4,2,4,4,4,4,3,4,5,2,1,2,2,2,2,2,1,2,0,0,0,0,0,0,1,0,0,0,0,0,1,1,0,4.0,4.0,3.0,2.0,4.0,4,4.0,5.0,2.0,2.0,phase_017_subj_49,3.0,,
13,257,3,3,4,3,3,3,3,3,3,4,4,3,3,4,3,4,4,3,4,4,2,3,2,2,2,2,2,4,1,0,0,0,0,0,0,0,0,1,0,0,0,0,0,0,4.0,2.0,2.0,3.0,3.0,2,3.0,2.0,4.0,3.0,phase_017_subj_60,5.0,,
14,95,3,3,3,3,3,3,3,3,3,3,4,3,3,4,4,4,4,4,4,4,2,3,2,2,2,2,2,3,1,0,0,1,0,0,0,0,0,0,0,0,0,0,0,0,5.0,3.0,4.0,2.0,1.0,2,4.0,2.0,4.0,2.0,phase_017_subj_26,,,
15,461,3,4,4,3,4,4,4,4,4,4,4,5,5,4,5,5,4,5,4,5,2,2,1,1,2,2,1,2,1,1,0,1,0,0,0,1,1,0,0,1,1,1,0,0,4.0,2.0,3.0,4.0,4.0,4,4.0,4.0,5.0,2.0,phase_017_subj_113,2.0,,
16,242,3,3,3,3,4,3,3,3,3,4,4,2,1,4,2,5,3,3,4,4,2,1,2,2,2,2,2,2,1,0,0,0,0,0,0,0,0,0,0,0,0,0,0,0,4.0,4.0,4.0,3.0,4.0,3,4.0,4.0,3.0,1.0,phase_017_subj_58,5.0,,
17,398,4,4,4,4,4,4,4,4,4,4,5,4,4,4,4,5,5,5,5,5,1,1,1,1,2,1,1,1,1,1,1,1,1,1,1,1,0,0,1,1,0,1,1,1,5.0,1.0,3.0,2.0,2.0,4,4.0,4.0,3.0,2.0,phase_017_subj_97,1.0,,
18,649,3,3,4,3,4,3,3,2,4,4,5,4,4,4,4,4,5,4,4,4,1,2,3,3,2,3,2,2,2,1,0,1,1,0,0,1,0,0,1,0,0,0,0,1,4.0,2.0,2.0,,2.0,3,2.0,2.0,2.0,2.0,phase_017_subj_154,4.0,,
19,656,3,4,2,3,2,3,4,3,3,2,4,1,3,4,3,4,2,2,3,3,4,5,2,4,3,2,5,4,4,0,1,1,0,0,0,1,1,0,1,1,0,0,0,0,5.0,4.0,4.0,4.0,4.0,4,3.0,3.0,4.0,5.0,phase_017_subj_155,3.0,,
20,579,3,3,4,3,3,3,3,4,4,4,4,5,3,4,4,4,4,4,4,3,2,2,3,2,3,3,2,2,2,0,0,0,0,0,0,0,0,0,0,0,0,0,0,0,3.0,4.0,3.0,3.0,,3,3.0,3.0,4.0,2.0,phase_017_subj_142,1.0,,
21,239,2,2,2,2,2,2,2,2,2,2,1,3,2,3,2,2,2,2,2,3,4,5,5,4,4,4,5,5,5,0,0,0,0,0,0,0,0,1,0,0,0,0,0,0,2.0,3.0,4.0,3.0,4.0,4,4.0,4.0,2.0,3.0,phase_017_subj_57,2.0,,
22,483,3,3,3,3,3,3,3,3,3,3,4,4,2,4,4,4,4,4,4,4,2,2,2,2,2,2,2,1,1,1,0,1,1,1,0,1,1,0,0,0,0,1,0,0,4.0,2.0,2.0,4.0,4.0,2,4.0,4.0,2.0,4.0,phase_017_subj_121,,,
23,126,3,3,4,4,4,3,3,4,4,4,4,4,4,4,5,5,4,5,4,5,4,4,5,4,4,4,4,4,3,0,0,1,1,0,1,0,0,0,0,0,0,0,0,1,4.0,2.0,4.0,4.0,4.0,4,4.0,2.0,2.0,2.0,phase_017_subj_36,1.0,,
24,266,3,3,3,3,3,3,3,3,3,3,4,4,2,4,4,4,4,4,4,4,2,2,2,2,2,2,2,2,2,0,0,0,0,0,0,1,0,1,0,0,0,1,0,0,4.0,2.0,2.0,4.0,2.0,2,4.0,4.0,2.0,4.0,phase_017_subj_62,1.0,,
25,38,4,3,4,3,4,3,3,4,4,3,4,1,1,4,2,5,3,2,4,4,2,1,2,2,2,1,2,1,1,0,0,0,0,0,0,0,0,0,0,0,0,0,0,0,4.0,4.0,3.0,1.0,4.0,4,5.0,4.0,3.0,1.0,phase_017_subj_6,,,
26,57,3,3,4,3,3,3,3,4,4,4,4,4,4,4,3,4,4,3,4,4,2,2,2,2,2,2,2,2,1,0,0,0,0,0,0,0,0,0,0,0,0,0,0,0,3.0,4.0,4.0,3.0,4.0,2,3.0,3.0,3.0,2.0,phase_017_subj_11,,,
27,252,3,2,3,3,2,3,3,2,2,2,2,4,1,3,2,4,2,1,3,3,4,5,4,3,4,3,4,4,2,0,0,0,0,0,0,1,0,0,0,0,0,0,0,0,,3.0,4.0,2.0,2.0,4,4.0,,4.0,2.0,phase_017_subj_59,1.0,,
28,533,4,3,4,3,4,3,3,4,3,3,3,2,2,5,3,4,3,3,4,4,2,1,2,2,2,1,2,1,2,0,0,0,0,0,0,0,0,0,0,0,0,0,0,0,4.0,3.0,4.0,2.0,4.0,4,4.0,5.0,3.0,2.0,phase_017_subj_127,2.0,,
29,551,4,3,3,3,3,3,3,3,3,3,4,4,3,4,4,4,3,3,4,4,2,2,2,4,2,2,2,2,2,1,1,1,1,1,1,1,1,1,1,1,0,1,0,1,4.0,2.0,3.0,2.0,3.0,4,4.0,4.0,3.0,2.0,phase_017_subj_138,3.0,,
30,321,3,3,3,3,3,3,3,3,3,3,4,4,3,4,4,4,4,4,4,4,2,2,2,2,2,2,2,2,2,0,0,0,0,0,0,1,0,0,0,0,0,0,0,0,4.0,3.0,3.0,3.0,3.0,2,3.0,4.0,3.0,2.0,phase_017_subj_70,4.0,,
31,96,3,3,3,4,3,3,3,3,4,4,4,4,3,4,4,4,4,3,3,4,2,2,2,1,2,2,1,2,2,0,1,0,0,0,0,1,0,1,0,0,0,0,0,0,4.0,3.0,3.0,2.0,3.0,2,3.0,4.0,3.0,2.0,phase_017_subj_27,3.0,,
32,347,4,3,4,4,3,3,4,3,4,4,5,5,2,4,2,5,3,2,4,3,2,3,2,2,2,2,4,4,2,0,1,1,1,1,1,1,1,0,1,0,0,0,0,1,5.0,3.0,3.0,3.0,2.0,3,4.0,4.0,3.0,3.0,phase_017_subj_77,1.0,,
33,201,2,2,2,2,2,2,2,2,2,2,2,2,2,3,2,2,2,2,3,2,4,4,4,3,3,3,4,4,3,0,0,0,0,0,0,1,0,0,0,0,0,0,0,0,3.0,5.0,4.0,4.0,5.0,3,3.0,4.0,2.0,2.0,phase_017_subj_51,5.0,,
34,426,4,3,4,3,4,3,4,3,4,4,4,4,4,4,4,5,5,4,4,5,2,1,2,2,2,1,2,2,1,1,1,1,1,1,1,1,1,0,1,1,1,1,0,1,4.0,2.0,2.0,1.0,2.0,4,4.0,5.0,4.0,4.0,phase_017_subj_103,1.0,,
35,432,4,4,3,4,4,3,3,4,3,3,4,2,1,5,3,4,3,3,4,4,2,2,1,1,2,2,1,1,2,0,0,0,0,0,0,0,0,0,0,0,0,0,0,0,5.0,4.0,4.0,2.0,5.0,4,5.0,4.0,2.0,4.0,phase_017_subj_104,2.0,,
36,262,3,3,3,3,2,3,3,3,3,3,3,4,3,3,3,4,3,2,4,4,3,3,2,3,4,3,3,2,3,0,0,0,0,0,1,0,0,0,0,0,0,0,0,0,3.0,4.0,3.0,3.0,3.0,2,4.0,3.0,4.0,4.0,phase_017_subj_61,5.0,,
37,186,2,2,2,2,1,2,2,1,2,2,3,3,1,3,2,2,2,2,2,2,5,5,5,5,4,5,4,4,5,0,0,0,0,0,0,0,0,1,0,0,0,0,0,0,2.0,4.0,4.0,3.0,5.0,2,2.0,4.0,2.0,4.0,phase_017_subj_48,3.0,,
38,51,2,2,1,2,2,1,1,2,1,1,2,2,1,3,2,2,2,1,3,2,4,4,4,3,4,4,4,4,3,0,0,1,0,1,1,0,0,0,0,1,0,1,0,0,4.0,2.0,4.0,2.0,3.0,3,4.0,4.0,3.0,2.0,phase_017_subj_10,4.0,,
39,117,3,3,3,3,2,2,2,4,4,4,3,2,2,3,2,2,2,2,2,4,4,5,5,3,5,4,3,5,2,0,0,0,0,0,1,1,0,0,0,0,0,1,0,0,3.0,5.0,5.0,3.0,3.0,2,2.0,1.0,2.0,2.0,phase_017_subj_31,1.0,,
40,123,3,3,3,3,2,2,3,2,3,3,3,3,2,3,2,3,3,3,4,3,3,3,4,2,2,3,3,3,2,0,0,0,0,1,1,0,0,0,0,0,0,1,0,0,3.0,4.0,3.0,3.0,3.0,4,4.0,4.0,4.0,4.0,phase_017_subj_35,3.0,,
41,540,4,4,4,4,4,4,4,4,4,4,5,4,2,4,4,5,4,5,4,5,1,1,2,1,2,1,1,1,1,1,1,1,1,0,1,1,0,0,1,0,0,1,0,0,5.0,1.0,1.0,1.0,1.0,1,4.0,4.0,1.0,1.0,phase_017_subj_135,,,
42,175,3,4,4,3,3,3,3,3,4,4,4,4,3,3,4,3,3,4,3,4,1,1,2,2,3,4,2,4,2,1,0,1,0,0,1,1,0,0,0,0,0,1,1,1,4.0,1.0,1.0,2.0,1.0,4,2.0,1.0,2.0,2.0,phase_017_subj_44,3.0,,
43,182,3,4,4,3,3,3,3,3,4,4,4,4,3,4,4,4,4,4,4,4,4,4,4,4,4,4,4,4,4,0,0,0,0,0,0,0,0,0,0,0,0,0,0,0,5.0,4.0,4.0,4.0,2.0,2,4.0,4.0,2.0,2.0,phase_017_subj_168,2.0,,
44,27,4,3,4,3,4,3,4,3,4,4,4,4,5,4,3,4,3,3,3,4,2,1,2,2,3,4,2,4,2,0,0,1,0,0,1,1,0,0,0,0,0,1,0,1,4.0,3.0,2.0,2.0,3.0,3,3.0,3.0,4.0,2.0,phase_017_subj_4,2.0,,
45,82,3,3,3,3,3,3,3,3,3,3,3,4,4,3,2,4,3,2,4,4,4,4,4,4,4,4,4,4,3,0,0,0,0,0,1,0,0,0,0,0,0,0,0,0,3.0,4.0,4.0,3.0,4.0,2,4.0,2.0,2.0,2.0,phase_017_subj_19,3.0,,
46,122,3,3,4,4,3,3,4,2,4,4,4,4,5,5,4,5,5,5,5,5,2,2,2,2,2,2,1,2,2,0,0,0,0,0,0,1,0,0,0,0,0,1,0,0,4.0,1.0,2.0,3.0,2.0,3,4.0,4.0,3.0,1.0,phase_017_subj_33,5.0,,
47,128,4,3,4,2,2,4,3,2,1,4,3,2,5,5,2,3,2,4,3,2,1,2,1,1,1,2,5,5,4,0,0,0,1,0,0,1,0,0,0,1,0,1,0,0,2.0,3.0,4.0,3.0,4.0,3,4.0,5.0,4.0,5.0,phase_017_subj_37,3.0,,
48,395,3,3,4,3,4,3,4,4,4,4,4,4,4,4,5,4,5,5,4,5,1,1,2,1,2,2,1,4,1,0,0,0,0,0,0,1,1,1,0,0,0,0,0,0,5.0,4.0,5.0,4.0,4.0,3,4.0,4.0,4.0,5.0,phase_017_subj_95,1.0,,
49,296,4,3,3,3,1,2,2,2,1,2,3,1,1,2,1,2,1,1,3,1,4,5,5,4,4,4,5,2,5,0,0,0,0,0,0,0,0,0,0,0,0,1,0,0,4.0,2.0,5.0,5.0,4.0,5,4.0,4.0,1.0,1.0,phase_017_subj_65,3.0,,
50,370,4,3,4,3,3,3,3,4,4,4,4,5,4,4,4,2,4,5,4,5,4,4,2,4,4,4,2,4,4,0,1,1,1,0,0,1,1,0,1,0,0,1,0,1,,2.0,4.0,2.0,2.0,2,4.0,2.0,2.0,2.0,phase_017_subj_87,1.0,,
51,539,3,3,3,3,2,3,3,3,3,3,4,4,4,4,4,4,4,4,4,4,2,2,2,2,2,2,2,2,2,0,0,0,1,0,0,0,0,0,0,0,0,1,0,0,4.0,4.0,4.0,4.0,4.0,3,4.0,4.0,2.0,2.0,phase_017_subj_133,1.0,,
52,357,3,4,2,3,4,3,4,3,4,3,4,2,1,5,2,4,3,2,4,5,2,2,1,1,1,1,2,2,1,0,0,0,0,0,0,0,0,0,0,0,0,0,0,0,4.0,5.0,4.0,2.0,4.0,4,4.0,5.0,3.0,1.0,phase_017_subj_82,5.0,,
53,367,4,3,4,3,4,4,4,4,4,4,5,4,4,4,5,4,5,4,4,5,1,1,1,1,2,1,1,2,1,1,0,0,1,0,0,1,0,0,0,0,0,0,0,0,5.0,2.0,1.0,1.0,2.0,3,1.0,1.0,4.0,3.0,phase_017_subj_84,1.0,,
54,229,3,3,3,3,3,3,3,3,3,3,4,3,2,4,4,4,4,4,4,4,4,4,4,4,4,4,4,4,4,0,0,1,0,0,0,1,0,0,0,0,0,1,0,0,4.0,4.0,4.0,4.0,4.0,2,2.0,4.0,2.0,4.0,phase_017_subj_54,5.0,,
55,81,3,3,3,3,1,3,4,2,3,3,5,4,2,3,4,4,2,3,3,2,3,5,4,4,3,2,1,3,2,0,1,1,1,0,0,0,1,1,1,1,0,0,0,0,5.0,4.0,4.0,2.0,3.0,3,4.0,4.0,3.0,2.0,phase_017_subj_18,,,
56,671,2,2,1,2,1,2,2,1,2,2,1,2,1,1,2,1,3,2,2,2,2,1,4,3,5,4,4,4,5,0,0,0,0,0,1,0,0,1,0,0,0,0,0,1,1.0,4.0,3.0,5.0,4.0,5,2.0,4.0,1.0,4.0,phase_017_subj_158,3.0,,
57,648,3,3,4,3,3,3,3,1,4,4,4,4,4,4,4,4,5,4,4,4,1,2,2,2,3,4,2,4,1,1,0,1,1,0,0,1,0,0,1,0,0,1,0,1,4.0,2.0,2.0,3.0,2.0,4,3.0,3.0,3.0,3.0,phase_017_subj_153,3.0,,
58,482,3,3,3,4,3,3,3,4,3,3,3,2,2,5,3,4,3,3,4,4,2,1,2,1,2,1,2,2,1,0,0,0,0,0,0,0,0,0,0,0,0,0,0,0,4.0,4.0,4.0,2.0,4.0,3,4.0,4.0,3.0,2.0,phase_017_subj_120,4.0,,
59,602,4,3,4,3,4,3,4,3,4,4,4,5,5,4,4,5,5,5,4,5,1,1,1,2,2,1,1,1,5,0,0,1,1,1,0,1,1,1,1,1,0,0,0,1,4.0,3.0,4.0,2.0,3.0,4,3.0,4.0,3.0,4.0,phase_017_subj_146,5.0,,
60,463,3,3,3,3,3,3,3,3,3,3,3,4,4,4,4,4,4,3,4,4,4,4,3,3,3,3,2,3,3,0,0,1,0,0,0,0,0,0,0,0,0,0,0,0,3.0,2.0,2.0,2.0,2.0,3,4.0,4.0,4.0,3.0,phase_017_subj_114,,,
61,533,3,3,3,3,2,3,2,3,3,3,3,4,2,3,4,4,4,2,4,2,2,4,3,2,4,2,2,2,2,0,0,0,0,0,0,1,0,1,0,0,0,1,0,0,4.0,4.0,4.0,3.0,4.0,4,4.0,2.0,4.0,3.0,phase_017_subj_128,3.0,,
62,368,3,4,4,3,4,3,3,3,4,4,4,5,5,4,4,4,5,4,4,4,1,2,2,2,3,3,2,4,2,1,1,1,0,0,1,1,0,0,0,0,0,0,1,1,4.0,1.0,1.0,2.0,3.0,1,2.0,1.0,3.0,2.0,phase_017_subj_86,1.0,,
63,175,3,3,4,3,4,3,3,2,4,4,4,4,4,4,4,4,4,4,4,4,2,2,2,2,2,2,4,4,2,1,1,1,1,1,1,1,1,1,1,1,1,1,1,0,4.0,2.0,4.0,2.0,4.0,4,4.0,4.0,3.0,2.0,phase_017_subj_45,1.0,,
64,179,4,4,3,3,4,4,3,4,3,3,4,2,1,5,2,4,3,2,4,4,2,2,1,2,2,1,2,1,2,0,0,0,0,0,0,0,0,0,0,0,0,0,0,0,4.0,4.0,5.0,2.0,4.0,4,5.0,5.0,3.0,2.0,phase_017_subj_46,2.0,,
65,538,4,3,4,3,4,3,4,4,3,3,4,4,2,5,4,4,4,4,4,5,2,1,2,2,2,2,1,2,2,0,0,0,0,0,0,1,0,0,0,0,0,1,0,0,4.0,4.0,3.0,2.0,4.0,4,4.0,5.0,2.0,1.0,phase_017_subj_132,,,
66,673,3,3,3,3,2,3,2,3,3,4,4,4,2,4,1,3,2,2,4,2,4,4,5,4,5,4,4,5,4,1,0,0,0,1,1,0,0,1,0,0,0,0,1,1,4.0,1.0,2.0,2.0,4.0,3,4.0,4.0,4.0,2.0,phase_017_subj_159,1.0,,
67,341,2,3,2,2,2,2,2,2,2,2,2,2,2,3,2,3,2,2,2,3,4,4,4,4,4,4,5,5,5,0,0,1,1,1,1,0,0,0,1,0,1,1,0,1,3.0,4.0,4.0,2.0,4.0,4,4.0,4.0,2.0,2.0,phase_017_subj_76,5.0,,
68,367,3,3,4,3,2,3,2,2,4,3,4,2,1,4,2,4,2,4,4,4,2,1,1,1,2,4,5,4,1,0,0,0,1,0,0,1,0,0,0,0,0,0,0,0,4.0,2.0,4.0,4.0,2.0,4,4.0,2.0,4.0,1.0,phase_017_subj_85,,,
69,350,3,4,3,3,3,3,3,3,4,4,4,4,4,4,4,4,4,4,4,4,2,2,2,2,2,2,4,4,1,0,0,0,0,0,0,1,0,1,0,0,0,0,0,0,5.0,2.0,4.0,2.0,4.0,2,4.0,4.0,2.0,1.0,phase_017_subj_78,1.0,,
70,26,3,2,2,2,2,3,2,2,2,4,4,2,2,2,2,2,1,2,2,3,5,4,4,4,4,4,4,4,2,0,0,0,0,0,0,0,0,0,0,0,0,0,0,0,2.0,5.0,4.0,4.0,2.0,4,4.0,2.0,2.0,2.0,phase_017_subj_3,4.0,,
71,441,3,3,3,3,2,3,3,3,3,3,3,2,2,4,2,4,3,3,4,3,4,4,3,3,3,2,4,2,2,0,0,1,1,1,1,0,0,1,0,0,0,0,0,0,4.0,5.0,5.0,4.0,4.0,4,4.0,4.0,4.0,5.0,phase_017_subj_106,1.0,,
72,623,4,4,3,4,2,3,3,1,4,4,4,4,3,4,5,4,2,4,4,5,1,1,2,1,5,1,2,4,1,1,1,1,1,0,1,1,1,0,1,1,0,1,1,1,4.0,2.0,3.0,3.0,4.0,3,4.0,4.0,3.0,2.0,phase_017_subj_150,1.0,,
73,236,3,4,4,3,3,3,4,4,3,4,4,4,3,4,4,5,4,3,4,3,2,1,2,2,2,1,2,4,1,1,0,0,1,0,0,0,0,0,1,0,0,0,0,0,4.0,2.0,3.0,2.0,4.0,4,2.0,3.0,3.0,1.0,phase_017_subj_56,2.0,,
74,23,4,4,4,4,4,4,3,4,4,4,4,4,4,4,4,4,4,4,4,4,2,2,2,2,2,2,2,2,2,0,0,0,0,0,0,1,1,0,0,0,0,0,0,0,5.0,2.0,4.0,3.0,4.0,3,4.0,4.0,3.0,1.0,phase_017_subj_1,4.0,,
75,504,4,4,3,3,3,3,3,3,3,4,4,1,1,4,3,4,3,3,4,4,1,2,2,2,1,2,1,1,2,0,0,0,0,0,0,0,0,0,0,0,0,0,0,0,4.0,4.0,5.0,1.0,4.0,4,5.0,4.0,3.0,1.0,phase_017_subj_125,5.0,,
76,90,3,3,4,3,3,3,4,4,4,4,4,4,2,4,4,5,4,4,4,4,4,4,4,4,4,4,4,4,4,0,0,0,0,0,0,0,0,0,0,0,0,0,0,0,3.0,4.0,4.0,4.0,2.0,5,4.0,4.0,4.0,2.0,phase_017_subj_22,4.0,,
77,157,3,3,3,3,4,3,3,4,3,4,4,1,2,4,3,4,3,3,4,4,2,2,2,1,2,2,2,2,1,0,0,0,0,0,0,0,0,0,0,0,0,0,0,0,4.0,3.0,3.0,1.0,4.0,5,5.0,4.0,3.0,1.0,phase_017_subj_40,4.0,,
78,448,4,3,4,4,3,3,3,4,3,3,5,4,2,4,4,4,4,5,4,4,1,2,2,1,2,1,2,1,2,0,0,0,0,0,0,1,0,0,0,0,0,1,0,0,4.0,3.0,3.0,4.0,5.0,4,4.0,5.0,2.0,1.0,phase_017_subj_108,1.0,,
79,122,3,4,3,3,3,4,3,4,4,4,4,4,3,4,4,4,4,3,5,4,4,4,1,2,3,4,4,4,4,0,0,0,0,0,0,0,0,0,0,0,0,0,0,0,4.0,5.0,4.0,2.0,4.0,3,4.0,4.0,3.0,2.0,phase_017_subj_34,1.0,,
80,308,3,3,3,3,3,3,3,3,3,3,4,3,3,3,4,3,3,4,4,3,2,3,3,3,3,3,2,3,2,0,0,1,0,0,1,0,0,0,0,0,0,1,0,1,5.0,3.0,3.0,4.0,3.0,4,5.0,4.0,3.0,3.0,phase_017_subj_69,5.0,,
81,85,4,4,4,4,4,4,4,4,4,4,5,4,4,4,4,5,4,5,4,5,1,1,2,2,2,1,2,2,1,0,1,1,1,0,0,1,0,0,0,1,0,1,0,1,4.0,2.0,2.0,3.0,4.0,4,3.0,2.0,2.0,1.0,phase_017_subj_20,2.0,,
82,304,4,3,3,4,3,3,4,4,4,4,4,4,3,4,4,4,4,4,4,4,3,3,3,2,3,3,2,2,2,0,0,0,0,0,0,0,0,1,0,0,0,0,0,0,3.0,2.0,3.0,3.0,3.0,2,3.0,3.0,3.0,2.0,phase_017_subj_68,1.0,,
83,168,2,2,2,2,2,2,2,1,2,2,2,2,1,3,2,3,2,2,3,2,4,5,4,3,4,4,4,4,3,0,0,0,0,0,0,1,0,0,0,0,0,0,0,0,3.0,4.0,4.0,4.0,4.0,3,4.0,4.0,2.0,1.0,phase_017_subj_41,1.0,,
84,539,4,3,4,4,4,3,4,3,4,4,5,4,4,4,5,5,4,5,5,5,1,1,2,2,1,2,2,4,1,1,1,1,1,1,1,1,1,0,1,1,0,1,0,1,5.0,1.0,1.0,2.0,1.0,2,2.0,4.0,2.0,1.0,phase_017_subj_134,3.0,,
85,85,3,3,3,4,3,3,4,3,3,3,4,4,4,5,4,4,4,4,4,4,2,1,2,2,2,2,2,2,1,1,1,1,1,1,1,1,1,0,1,1,0,1,1,1,5.0,4.0,2.0,2.0,1.0,4,5.0,4.0,4.0,2.0,phase_017_subj_21,4.0,,
86,577,4,3,4,4,4,4,3,4,4,4,4,4,4,4,5,5,5,4,4,4,2,2,2,1,2,2,2,1,2,0,0,0,0,0,0,0,0,0,0,0,0,0,0,0,5.0,4.0,4.0,4.0,4.0,4,5.0,4.0,2.0,3.0,phase_017_subj_141,2.0,,
87,230,4,4,4,3,4,4,4,4,4,4,5,5,5,4,4,3,4,5,4,4,1,1,2,1,3,2,2,3,1,1,0,0,0,0,0,1,0,0,0,0,0,0,1,0,4.0,1.0,1.0,2.0,2.0,1,3.0,3.0,4.0,2.0,phase_017_subj_55,,,
88,537,2,1,2,2,2,2,3,2,2,1,2,2,2,2,2,2,2,2,2,2,4,5,4,4,4,4,4,1,4,0,0,0,0,0,0,0,0,0,0,0,0,0,0,0,2.0,4.0,5.0,4.0,5.0,4,4.0,4.0,5.0,2.0,phase_017_subj_130,3.0,,
89,90,3,3,3,3,3,3,3,3,2,3,4,2,1,3,2,4,2,1,4,3,2,2,2,3,2,2,2,2,2,0,0,0,0,0,0,1,1,0,0,1,0,1,0,0,5.0,4.0,4.0,4.0,2.0,4,,3.0,4.0,3.0,phase_017_subj_23,,,
90,138,2,2,2,2,2,2,2,2,2,2,2,2,2,3,2,2,2,2,2,2,4,5,4,4,4,4,4,2,4,0,0,0,0,0,0,0,0,1,0,0,0,0,0,0,4.0,4.0,4.0,2.0,4.0,4,4.0,4.0,4.0,2.0,phase_017_subj_47,4.0,,
91,65,3,4,3,3,4,3,4,3,3,4,4,4,3,4,4,4,4,4,5,4,2,4,2,2,1,2,1,2,2,1,1,1,1,1,0,1,0,0,1,1,0,0,0,1,4.0,3.0,3.0,2.0,2.0,2,4.0,4.0,2.0,2.0,phase_017_subj_13,1.0,,
92,170,3,4,3,4,2,3,3,3,4,3,3,2,4,4,4,4,3,4,4,4,2,4,3,4,4,3,4,2,3,0,0,0,0,0,0,0,0,1,0,0,0,0,0,0,4.0,5.0,2.0,3.0,4.0,2,3.0,2.0,3.0,2.0,phase_017_subj_43,3.0,,
93,623,4,3,4,3,4,3,4,3,4,3,5,5,4,4,5,5,4,5,4,4,2,1,2,2,1,2,2,4,1,0,1,1,1,0,0,1,0,0,1,0,0,0,0,0,5.0,4.0,2.0,1.0,2.0,4,2.0,1.0,2.0,1.0,phase_017_subj_151,1.0,,
94,299,2,2,2,3,2,2,2,3,2,2,3,2,2,2,2,2,2,2,2,2,4,4,4,4,3,3,4,2,4,0,0,0,0,0,0,0,0,1,0,0,0,0,0,0,4.0,4.0,5.0,4.0,4.0,2,4.0,4.0,2.0,2.0,phase_017_subj_67,3.0,,
95,45,3,4,4,3,3,4,4,3,4,4,3,4,3,4,4,5,3,3,4,4,2,2,2,2,3,3,2,3,2,0,0,0,1,0,1,0,0,0,1,1,1,1,1,1,4.0,2.0,1.0,1.0,1.0,2,3.0,2.0,2.0,2.0,phase_017_subj_8,4.0,,
96,196,3,3,4,1,2,3,3,4,4,4,5,4,4,4,4,4,5,5,4,5,4,3,4,4,4,4,4,3,4,0,0,1,1,1,1,1,0,0,1,1,1,0,1,1,5.0,1.0,2.0,2.0,2.0,2,4.0,4.0,5.0,2.0,phase_017_subj_50,3.0,,
97,593,4,4,4,3,3,4,4,3,4,4,4,4,5,4,4,5,4,5,5,4,2,2,2,2,1,2,1,1,2,1,1,1,1,1,1,1,1,0,1,1,1,1,0,1,4.0,1.0,4.0,2.0,4.0,4,5.0,4.0,3.0,2.0,phase_017_subj_144,2.0,,
98,340,3,4,4,3,3,3,4,4,4,4,4,4,4,4,4,4,4,4,4,5,2,2,2,2,2,1,2,4,1,1,1,1,1,1,1,1,0,0,1,1,0,1,0,1,4.0,1.0,2.0,1.0,2.0,4,4.0,4.0,5.0,2.0,phase_017_subj_75,2.0,,
99,43,3,3,3,4,3,4,3,4,4,4,4,5,4,3,4,4,5,4,4,5,4,5,4,4,4,4,4,2,4,1,1,1,1,1,1,1,1,1,1,0,0,0,0,1,4.0,2.0,3.0,1.0,2.0,2,4.0,2.0,3.0,2.0,phase_017_subj_7,5.0,,
100,664,3,3,3,3,3,3,3,3,3,3,4,4,2,3,4,4,4,4,4,4,4,4,3,4,4,3,4,2,4,0,0,1,1,0,0,0,0,0,0,0,0,0,0,1,4.0,2.0,2.0,4.0,3.0,4,3.0,4.0,4.0,4.0,phase_017_subj_156,2.0,,
101,32,4,3,4,4,3,4,3,4,4,4,5,5,4,4,5,4,4,4,4,5,1,2,2,2,1,1,2,1,1,1,1,1,1,1,0,1,1,0,1,1,0,1,0,1,5.0,1.0,3.0,1.0,1.0,4,3.0,4.0,1.0,2.0,phase_017_subj_5,4.0,,
102,688,3,4,3,3,3,4,3,2,3,4,4,2,4,3,3,2,3,3,3,2,4,4,4,2,4,4,4,4,3,0,1,1,1,0,0,0,0,0,0,0,0,0,0,1,4.0,3.0,3.0,5.0,4.0,5,5.0,4.0,5.0,2.0,phase_017_subj_166,3.0,,
103,401,3,3,3,3,3,3,3,2,3,4,4,2,2,2,3,4,3,3,4,2,2,4,3,2,4,4,4,2,2,0,0,0,0,0,0,0,0,0,0,0,0,0,0,0,4.0,4.0,2.0,3.0,2.0,2,4.0,4.0,3.0,2.0,phase_017_subj_99,1.0,,
104,96,4,4,4,4,4,4,4,4,4,4,5,5,5,5,5,4,4,2,5,5,2,2,2,1,2,1,5,1,1,1,0,1,0,0,0,1,1,0,0,0,0,0,0,1,5.0,2.0,3.0,2.0,5.0,3,4.0,4.0,5.0,3.0,phase_017_subj_28,,,
105,226,3,3,3,3,4,4,3,1,3,4,4,4,2,3,4,4,3,3,4,3,2,2,2,2,3,2,3,3,2,0,0,1,0,0,1,0,0,1,0,0,0,0,0,0,5.0,4.0,4.0,3.0,4.0,4,4.0,2.0,2.0,2.0,phase_017_subj_53,1.0,,
106,74,2,3,4,3,3,3,2,4,4,4,3,5,4,4,3,2,4,3,4,4,1,2,3,2,2,3,1,1,1,0,0,0,0,0,0,0,0,0,0,0,0,0,0,0,2.0,1.0,4.0,4.0,2.0,3,1.0,1.0,4.0,2.0,phase_017_subj_16,,,
107,490,3,3,4,3,3,3,3,4,4,4,4,4,3,4,4,4,4,4,4,5,4,4,3,3,3,3,4,4,3,0,0,0,0,0,1,1,1,0,0,0,0,1,0,0,4.0,2.0,4.0,2.0,1.0,1,4.0,2.0,3.0,2.0,phase_017_subj_122,2.0,,
108,490,4,3,4,3,4,4,3,4,3,4,4,5,4,5,4,5,4,5,5,4,1,2,2,1,1,1,1,2,1,0,0,0,0,0,0,1,0,0,0,0,0,0,0,0,4.0,1.0,2.0,2.0,1.0,2,1.0,2.0,2.0,1.0,phase_017_subj_123,1.0,,
109,598,2,2,1,2,1,2,2,2,2,1,2,2,2,2,2,2,2,2,2,1,5,5,4,4,4,4,4,4,5,0,0,0,0,0,0,0,0,1,0,0,1,0,0,0,3.0,5.0,3.0,4.0,4.0,4,4.0,5.0,4.0,4.0,phase_017_subj_145,2.0,,
110,65,3,3,3,3,4,4,3,4,4,4,4,4,5,4,5,5,5,5,5,4,4,4,4,4,5,5,4,5,4,0,0,0,0,0,0,0,0,0,0,0,0,0,0,0,4.0,4.0,4.0,5.0,4.0,4,4.0,5.0,1.0,2.0,phase_017_subj_14,,,
111,377,3,4,3,3,4,3,3,4,4,3,4,4,3,4,4,4,5,4,4,4,2,2,2,1,1,2,4,5,2,1,1,1,1,1,1,1,1,1,1,1,0,0,1,1,5.0,2.0,3.0,2.0,2.0,4,4.0,5.0,4.0,2.0,phase_017_subj_89,,,
112,616,3,3,3,3,2,3,3,2,3,3,3,4,2,3,2,4,3,2,2,4,4,4,4,2,3,4,2,4,2,0,0,0,0,0,0,0,0,0,0,0,0,0,0,0,3.0,4.0,4.0,4.0,2.0,2,4.0,4.0,4.0,1.0,phase_017_subj_148,3.0,,
113,119,3,3,4,3,4,4,4,4,4,4,5,4,4,5,4,5,4,4,4,5,1,1,1,1,1,1,2,4,1,1,1,1,1,1,1,1,1,0,1,1,1,1,1,1,5.0,1.0,2.0,2.0,1.0,4,5.0,5.0,4.0,2.0,phase_017_subj_32,2.0,,
114,372,4,4,3,3,3,4,4,4,3,4,5,5,3,4,3,5,4,3,4,4,2,1,2,2,2,1,2,2,1,1,0,1,0,1,1,1,0,0,1,0,0,1,1,1,5.0,2.0,2.0,2.0,1.0,2,4.0,4.0,2.0,1.0,phase_017_subj_88,1.0,,
115,280,3,3,3,3,3,3,3,2,3,3,4,3,2,3,4,4,3,3,4,3,2,4,2,4,3,2,3,3,2,0,0,0,0,0,0,1,1,0,0,0,0,1,0,0,4.0,1.0,2.0,2.0,3.0,2,1.0,1.0,3.0,1.0,phase_017_subj_64,5.0,,
116,454,3,3,3,3,1,3,3,2,3,4,4,2,2,2,3,4,3,2,5,4,2,2,2,1,2,2,1,2,2,0,0,0,0,0,1,0,0,1,0,0,0,0,0,0,2.0,4.0,4.0,3.0,4.0,4,3.0,2.0,2.0,3.0,phase_017_subj_111,4.0,,
117,91,3,4,4,3,3,3,3,3,4,4,4,4,3,4,4,4,4,4,5,5,2,1,2,2,2,2,2,1,2,0,0,0,0,0,0,1,0,0,0,0,0,0,0,0,4.0,2.0,2.0,3.0,2.0,3,2.0,1.0,3.0,1.0,phase_017_subj_24,5.0,,
118,686,2,2,4,3,3,2,3,4,4,4,4,4,5,4,4,4,4,4,2,4,1,2,3,2,4,3,2,2,1,0,0,0,1,0,0,0,0,0,0,1,0,0,0,0,4.0,2.0,2.0,3.0,2.0,1,2.0,2.0,,3.0,phase_017_subj_163,5.0,,
119,582,3,2,2,4,2,2,4,2,3,3,4,4,2,4,3,4,3,2,3,4,2,1,4,2,2,1,2,2,1,0,1,1,1,0,1,1,0,0,1,0,0,1,0,0,4.0,,3.0,2.0,5.0,4,5.0,4.0,3.0,2.0,phase_017_subj_143,1.0,,
120,674,4,4,3,3,2,3,3,3,3,3,4,4,3,3,4,4,3,3,4,4,4,4,3,3,3,2,2,3,3,0,0,0,0,0,1,0,0,1,0,0,0,0,0,0,3.0,4.0,4.0,2.0,3.0,2,2.0,3.0,2.0,4.0,phase_017_subj_160,4.0,,
121,387,2,2,2,3,2,2,2,3,2,3,3,4,4,2,3,3,3,3,3,4,3,3,2,3,3,2,3,2,4,0,0,0,0,0,1,0,1,0,0,0,0,1,0,0,4.0,4.0,4.0,3.0,4.0,2,4.0,4.0,4.0,3.0,phase_017_subj_93,1.0,,
122,23,2,3,3,3,2,2,2,2,2,2,3,2,2,3,2,3,3,3,4,3,2,3,2,2,3,2,1,2,2,0,0,0,0,0,0,0,0,1,0,0,0,0,0,0,4.0,4.0,3.0,3.0,3.0,3,2.0,1.0,2.0,2.0,phase_017_subj_2,1.0,,
123,694,2,3,2,2,2,3,4,2,2,2,4,1,3,4,3,4,2,1,3,2,4,4,1,3,2,2,5,3,4,0,1,1,1,0,0,1,0,0,1,1,0,0,0,1,4.0,5.0,3.0,4.0,4.0,5,3.0,4.0,4.0,5.0,phase_017_subj_167,4.0,,
124,325,3,3,3,2,2,2,2,2,2,2,3,2,2,3,2,3,2,3,4,3,4,4,3,3,2,2,4,3,2,0,0,0,1,0,1,0,1,0,0,0,0,1,0,0,5.0,4.0,4.0,3.0,3.0,4,2.0,3.0,2.0,1.0,phase_017_subj_73,,,
125,458,3,3,3,3,3,3,3,3,4,4,4,4,3,3,4,4,4,4,5,5,5,4,4,1,2,2,2,3,2,0,0,0,0,1,1,0,1,1,0,0,0,1,1,0,4.0,4.0,3.0,4.0,4.0,4,5.0,5.0,5.0,2.0,phase_017_subj_112,3.0,,
126,270,3,2,3,3,2,3,3,3,3,3,3,2,2,3,4,3,2,2,4,3,5,4,4,3,4,4,3,4,3,0,0,0,0,0,0,0,0,1,0,0,0,0,0,0,3.0,4.0,5.0,2.0,3.0,4,3.0,4.0,3.0,2.0,phase_017_subj_63,,,
127,434,4,3,3,4,3,4,3,2,3,4,4,3,2,3,3,3,4,3,3,4,2,3,2,3,3,1,2,3,2,1,1,1,1,0,1,1,1,1,1,0,1,1,1,0,5.0,3.0,4.0,3.0,3.0,4,3.0,3.0,2.0,4.0,phase_017_subj_105,4.0,,
128,500,3,3,3,3,3,3,3,3,3,3,4,3,4,3,4,4,4,4,4,4,4,4,4,4,4,4,2,4,2,0,0,0,0,0,0,0,0,0,0,0,0,0,0,0,3.0,4.0,2.0,2.0,2.0,2,4.0,3.0,4.0,2.0,phase_017_subj_124,,,
129,384,4,4,3,3,3,4,4,4,3,4,5,4,5,4,4,4,4,4,4,3,2,1,1,2,2,2,2,2,2,0,0,1,0,0,1,1,1,0,1,0,0,1,0,1,5.0,3.0,3.0,2.0,2.0,2,4.0,4.0,4.0,2.0,phase_017_subj_90,3.0,,
130,323,4,3,4,3,3,3,4,4,3,4,4,4,3,4,4,5,4,4,3,4,2,1,2,2,2,2,1,2,2,0,0,1,0,0,1,1,0,0,1,0,0,0,0,1,4.0,3.0,2.0,2.0,1.0,2,4.0,3.0,4.0,2.0,phase_017_subj_72,1.0,,
131,109,3,3,4,3,3,3,3,4,4,4,4,4,4,4,4,4,4,4,4,5,4,4,3,2,3,3,3,3,3,0,0,0,0,0,0,1,1,0,0,0,0,1,0,0,4.0,2.0,4.0,3.0,2.0,1,4.0,1.0,3.0,1.0,phase_017_subj_30,4.0,,
132,398,3,4,4,3,4,3,3,4,4,4,4,4,4,3,3,4,3,4,4,4,2,2,2,2,2,2,2,2,2,1,0,0,1,0,0,1,0,0,1,0,0,1,0,0,4.0,2.0,3.0,2.0,3.0,4,4.0,3.0,3.0,2.0,phase_017_subj_98,,,
133,321,3,3,3,3,3,3,3,3,3,3,3,4,4,4,2,4,4,4,4,4,4,3,3,2,2,3,2,2,2,0,1,1,1,1,0,0,0,0,1,1,1,0,1,1,4.0,4.0,4.0,3.0,4.0,5,4.0,4.0,2.0,1.0,phase_017_subj_71,,,
134,534,3,3,3,3,2,4,3,2,3,3,4,4,2,4,3,4,3,3,4,4,2,3,2,2,2,2,2,3,3,0,1,1,1,0,1,0,0,0,1,1,0,0,0,1,5.0,2.0,3.0,4.0,5.0,5,3.0,4.0,3.0,3.0,phase_017_subj_129,1.0,,
135,511,3,3,3,3,3,3,3,3,3,3,4,4,4,4,4,4,4,4,4,4,2,2,2,2,2,2,5,1,1,1,1,1,1,1,1,1,0,0,1,1,0,0,0,1,5.0,2.0,1.0,2.0,2.0,4,4.0,4.0,4.0,2.0,phase_017_subj_126,5.0,,
136,412,4,4,4,4,4,4,4,4,4,4,5,4,5,5,5,5,5,5,5,5,4,3,3,3,2,2,4,2,2,1,1,1,1,1,1,0,1,1,1,1,1,1,0,1,5.0,1.0,3.0,1.0,1.0,2,4.0,3.0,3.0,4.0,phase_017_subj_100,3.0,,
137,685,2,1,2,2,2,2,2,1,2,2,1,2,2,2,2,1,1,2,2,2,5,5,5,5,4,4,4,5,5,0,0,0,0,0,0,0,0,1,0,0,1,0,0,0,2.0,5.0,5.0,5.0,5.0,4,3.0,4.0,2.0,3.0,phase_017_subj_162,,,
138,609,3,3,3,3,3,3,3,3,3,3,4,3,2,3,3,3,3,2,3,4,5,4,3,3,4,4,2,2,4,0,0,0,0,0,1,0,0,1,0,0,0,0,0,0,3.0,2.0,3.0,3.0,4.0,2,3.0,2.0,2.0,2.0,phase_017_subj_147,4.0,,
139,666,4,4,4,4,3,4,4,4,4,4,5,4,3,4,4,5,4,4,5,4,2,1,2,1,1,2,1,4,1,1,1,1,1,1,1,0,0,1,1,1,1,1,1,1,5.0,3.0,5.0,2.0,1.0,5,4.0,5.0,5.0,2.0,phase_017_subj_157,1.0,,
140,139,3,3,3,3,3,3,3,3,3,3,4,4,4,4,4,4,4,4,4,4,2,2,2,2,2,2,2,2,2,1,1,1,1,1,0,1,1,0,1,1,0,1,0,0,4.0,2.0,2.0,4.0,4.0,2,4.0,4.0,4.0,4.0,phase_017_subj_38,3.0,,
141,425,2,3,2,2,2,2,2,1,2,2,2,2,2,3,2,2,2,2,3,2,3,5,4,3,3,4,4,4,4,0,0,0,0,0,0,1,0,0,0,0,0,0,0,0,3.0,5.0,4.0,4.0,4.0,3,4.0,4.0,2.0,1.0,phase_017_subj_102,1.0,,
142,1058,3,4,3,3,2,4,3,3,4,3,4,4,3,4,3,4,4,3,5,4,1,2,2,2,2,2,1,2,3,0,0,0,0,0,0,1,0,0,0,0,0,1,0,0,5.0,1.0,2.0,3.0,4.0,3,4.0,2.0,4.0,2.0,phase_017_subj_91,2.0,,
143,414,3,3,4,3,4,3,3,4,4,4,4,4,4,4,2,4,4,4,2,4,2,2,2,2,3,2,2,2,2,1,1,0,1,0,0,1,1,0,1,0,0,0,0,0,3.0,2.0,1.0,2.0,2.0,3,2.0,3.0,3.0,3.0,phase_017_subj_101,,,
144,547,4,4,4,4,3,3,3,2,4,4,4,4,2,4,4,4,3,3,4,4,1,2,2,2,2,2,2,2,1,0,0,0,1,0,0,0,0,0,0,0,0,0,0,0,5.0,2.0,3.0,2.0,3.0,2,4.0,4.0,3.0,2.0,phase_017_subj_136,1.0,,
145,623,3,3,4,3,3,3,3,3,4,4,4,4,4,4,4,4,4,3,4,4,4,4,4,2,3,4,4,4,4,0,1,1,1,1,0,1,0,0,1,1,0,1,0,1,5.0,3.0,3.0,2.0,4.0,3,4.0,4.0,4.0,3.0,phase_017_subj_152,4.0,,
146,465,3,3,3,3,3,3,3,3,3,3,4,3,3,4,4,4,4,4,4,4,2,3,4,2,2,1,3,2,2,1,0,1,0,0,0,1,0,0,0,0,0,1,0,1,4.0,2.0,2.0,2.0,2.0,3,4.0,3.0,4.0,3.0,phase_017_subj_115,1.0,,
147,676,4,3,4,3,3,3,4,3,3,4,4,2,1,4,3,4,3,2,4,4,2,2,2,1,2,2,2,2,1,0,0,0,0,0,0,0,0,0,0,0,0,0,0,0,4.0,3.0,4.0,2.0,4.0,5,4.0,4.0,3.0,1.0,phase_017_subj_161,4.0,,
148,466,4,3,4,3,3,3,3,3,4,4,4,4,3,4,4,4,5,4,4,4,1,2,3,2,2,2,2,2,2,0,0,1,1,0,1,1,0,0,0,0,0,0,0,0,4.0,4.0,1.0,1.0,1.0,3,1.0,1.0,1.0,1.0,phase_017_subj_20,2.0,,
1,391,3,3,3,3,3,3,3,4,3,3,4,4,4,4,4,4,4,4,4,4,2,2,2,2,2,3,2,2,2,0,0,0,1,0,1,1,0,1,0,0,0,0,0,0,4.0,2.0,2.0,3.0,5.0,2,4.0,4.0,4.0,3.0,phase_018_subj_59,1.0,,
2,189,4,4,4,4,4,4,4,4,4,4,5,5,4,4,4,5,5,5,5,5,1,1,2,1,1,1,1,5,1,1,1,1,1,1,0,1,1,0,0,1,0,1,0,0,5.0,2.0,2.0,1.0,2.0,3,3.0,2.0,3.0,2.0,phase_018_subj_28,,,
3,553,3,4,3,3,2,3,2,2,3,3,4,4,2,5,2,4,4,4,4,4,4,5,4,4,4,5,2,4,5,0,0,0,0,0,1,0,0,0,0,0,0,0,0,0,4.0,2.0,5.0,2.0,4.0,4,2.0,5.0,4.0,2.0,phase_018_subj_82,3.0,,
4,112,3,3,4,2,2,2,2,3,4,4,3,4,4,3,2,4,4,4,3,4,2,2,3,3,2,2,2,3,2,0,0,0,0,0,0,0,0,0,0,1,0,0,0,0,4.0,3.0,4.0,3.0,3.0,3,2.0,2.0,3.0,3.0,phase_018_subj_14,4.0,,
5,48,4,3,3,4,3,3,4,3,3,3,4,4,3,4,4,4,3,4,4,4,2,2,3,2,3,4,2,2,1,0,0,0,0,0,0,1,0,0,0,0,0,0,0,0,4.0,3.0,4.0,3.0,4.0,2,3.0,2.0,2.0,2.0,phase_018_subj_4,4.0,,
6,248,4,4,4,3,4,4,4,3,4,4,5,5,5,5,5,5,5,5,4,5,2,1,1,1,1,2,1,1,1,1,1,1,1,1,1,1,0,1,1,1,0,1,0,1,5.0,1.0,2.0,4.0,2.0,2,1.0,,4.0,2.0,phase_018_subj_33,1.0,,
7,683,4,4,4,4,4,4,4,4,4,4,5,5,5,5,5,5,5,5,5,5,2,2,2,1,1,1,1,2,1,1,1,1,1,1,0,1,1,0,1,1,1,1,1,1,5.0,1.0,1.0,1.0,1.0,2,4.0,2.0,3.0,1.0,phase_018_subj_104,5.0,,
8,451,4,3,4,4,3,3,3,3,4,4,5,5,5,4,4,5,5,5,4,4,1,1,3,2,2,2,1,5,2,0,0,0,0,0,1,0,1,0,0,0,1,1,0,1,4.0,2.0,3.0,1.0,2.0,1,4.0,4.0,5.0,3.0,phase_018_subj_70,,,
9,130,3,4,3,3,3,4,3,3,4,4,4,4,3,4,4,4,4,4,4,4,2,1,2,2,2,2,1,2,2,0,0,0,1,0,0,1,0,0,0,0,0,0,0,0,4.0,2.0,1.0,2.0,2.0,2,1.0,2.0,2.0,2.0,phase_018_subj_18,3.0,,
10,339,3,3,4,3,3,3,3,4,3,3,4,2,1,4,2,5,3,2,3,4,2,1,2,2,2,2,2,1,2,0,0,0,0,0,0,0,0,0,0,0,0,0,0,0,4.0,4.0,5.0,2.0,4.0,4,4.0,5.0,4.0,2.0,phase_018_subj_53,1.0,,
11,95,3,4,4,3,3,4,4,3,4,4,4,4,3,5,4,4,5,4,4,5,3,3,2,2,2,2,2,2,1,0,0,0,1,1,0,1,0,0,0,0,0,0,0,0,4.0,2.0,3.0,5.0,3.0,4,4.0,5.0,4.0,2.0,phase_018_subj_9,3.0,,
12,312,3,4,3,3,3,3,3,3,3,3,4,4,3,4,4,4,4,3,4,4,2,2,2,2,2,2,2,2,2,0,0,0,0,0,0,0,0,0,0,0,0,0,0,0,4.0,4.0,4.0,3.0,4.0,2,3.0,3.0,4.0,2.0,phase_018_subj_46,2.0,,
13,249,3,3,3,3,4,3,3,3,3,4,4,1,2,4,3,4,3,3,4,5,2,1,2,1,2,1,1,2,2,0,0,0,0,0,0,0,0,0,0,0,0,0,0,0,4.0,4.0,5.0,3.0,4.0,5,4.0,5.0,4.0,2.0,phase_018_subj_36,1.0,,
14,464,4,4,3,4,4,3,3,3,3,4,4,1,1,4,3,4,3,2,4,4,2,1,2,2,1,1,2,1,2,0,0,0,0,0,0,0,0,0,0,0,0,0,0,0,5.0,4.0,4.0,2.0,4.0,4,4.0,5.0,5.0,2.0,phase_018_subj_73,3.0,,
15,584,2,3,4,3,3,3,4,2,3,3,4,3,2,3,4,4,4,4,4,4,2,1,3,2,2,3,2,3,1,0,0,0,0,0,1,0,0,1,0,0,0,0,1,0,3.0,,2.0,2.0,4.0,3,2.0,4.0,3.0,3.0,phase_018_subj_89,1.0,,
16,291,3,3,4,4,3,3,4,3,4,4,5,4,5,4,4,5,4,4,4,5,2,2,2,1,1,2,2,2,1,0,0,0,0,0,0,1,0,0,0,0,0,0,0,0,4.0,1.0,2.0,2.0,1.0,2,4.0,4.0,3.0,2.0,phase_018_subj_43,5.0,,
17,122,3,3,3,3,3,3,4,3,4,4,4,4,1,4,4,4,4,4,4,5,1,2,2,2,2,1,1,4,1,0,0,1,0,0,0,1,0,0,0,0,0,1,0,0,4.0,1.0,2.0,2.0,1.0,4,5.0,5.0,4.0,2.0,phase_018_subj_16,2.0,,
18,85,4,3,3,3,4,3,4,3,4,4,4,4,4,4,4,4,4,5,4,4,2,1,2,2,2,1,2,4,2,0,0,0,0,0,0,1,0,0,0,0,0,0,0,0,4.0,3.0,2.0,3.0,2.0,4,4.0,3.0,4.0,2.0,phase_018_subj_6,1.0,,
19,662,3,3,3,3,3,3,4,2,3,4,4,5,4,4,4,5,5,3,4,5,2,2,2,1,1,2,1,2,2,0,0,0,0,0,0,1,0,0,0,0,0,1,0,0,4.0,1.0,1.0,3.0,2.0,4,2.0,1.0,2.0,1.0,phase_018_subj_101,5.0,,
20,332,3,4,4,3,3,3,3,4,4,4,4,4,3,4,4,4,4,2,4,5,2,3,2,3,2,2,2,3,1,0,0,0,0,0,0,1,0,0,0,0,0,1,0,0,4.0,1.0,3.0,3.0,4.0,2,4.0,4.0,2.0,2.0,phase_018_subj_50,2.0,,
21,248,3,3,4,4,4,3,3,4,4,4,4,2,1,5,3,4,3,2,4,4,1,1,2,1,1,1,1,2,1,0,0,0,0,0,0,0,0,0,0,0,0,0,0,0,4.0,4.0,5.0,2.0,3.0,4,5.0,4.0,5.0,1.0,phase_018_subj_34,4.0,,
22,112,3,3,3,3,3,3,3,4,4,4,4,3,2,3,2,3,3,4,4,3,4,3,4,4,3,4,3,3,4,0,0,0,0,0,0,1,0,0,0,0,0,1,0,0,4.0,2.0,4.0,3.0,4.0,4,4.0,2.0,2.0,2.0,phase_018_subj_13,,,
23,396,4,3,4,4,4,3,3,4,3,3,3,2,2,5,3,4,3,2,4,4,1,2,2,1,1,2,1,2,2,0,0,0,0,0,0,0,0,0,0,0,0,0,0,0,4.0,3.0,4.0,2.0,4.0,4,5.0,5.0,4.0,2.0,phase_018_subj_60,5.0,,
24,287,4,3,3,3,3,3,3,3,3,3,4,4,2,4,3,4,4,3,4,4,2,2,2,2,2,2,1,2,1,0,0,0,0,0,0,0,0,0,0,0,0,0,0,0,3.0,4.0,4.0,4.0,4.0,2,3.0,4.0,2.0,2.0,phase_018_subj_42,,,
25,578,4,4,4,4,3,4,4,2,4,4,5,4,4,5,5,5,5,5,5,5,1,1,1,1,2,1,4,5,1,0,0,0,0,0,0,1,0,0,0,0,0,0,0,0,5.0,1.0,1.0,4.0,1.0,2,4.0,1.0,1.0,1.0,phase_018_subj_88,1.0,,
26,117,3,3,4,3,3,4,3,4,3,3,4,4,4,4,4,4,4,4,4,4,2,2,2,2,4,3,2,2,2,0,0,1,1,0,1,0,1,0,0,0,0,0,0,0,5.0,2.0,2.0,2.0,4.0,2,3.0,2.0,2.0,2.0,phase_018_subj_15,5.0,,
27,422,3,3,4,3,4,3,3,3,3,4,4,2,1,4,3,4,3,2,4,4,2,2,1,1,1,2,1,1,2,0,0,0,0,0,0,0,0,0,0,0,0,0,0,0,4.0,5.0,5.0,3.0,4.0,4,4.0,5.0,4.0,2.0,phase_018_subj_62,1.0,,
28,318,4,4,4,4,3,3,3,3,4,4,4,4,5,4,4,4,4,5,4,4,1,2,5,5,1,2,1,4,2,0,1,1,1,0,0,1,0,0,0,0,0,1,0,1,5.0,2.0,2.0,1.0,4.0,4,2.0,,4.0,2.0,phase_018_subj_47,1.0,,
29,107,2,3,2,2,2,2,2,2,2,2,2,2,2,2,2,2,2,2,2,2,4,4,4,3,3,4,4,4,4,0,0,0,0,0,0,1,0,0,0,0,0,0,0,0,3.0,4.0,4.0,4.0,5.0,3,4.0,4.0,2.0,1.0,phase_018_subj_11,,,
30,658,3,3,3,3,2,4,4,2,3,3,4,4,3,4,3,4,3,2,4,4,3,4,3,3,4,3,3,2,3,0,0,1,1,0,0,1,1,0,0,0,0,0,0,1,3.0,4.0,3.0,3.0,4.0,4,3.0,4.0,3.0,3.0,phase_018_subj_100,2.0,,
31,277,4,4,4,4,4,4,3,4,4,4,5,5,5,4,4,4,5,5,5,5,2,1,1,1,1,1,2,1,1,0,0,0,0,0,0,1,0,0,0,0,0,1,0,0,5.0,1.0,1.0,1.0,2.0,1,2.0,2.0,1.0,1.0,phase_018_subj_41,2.0,,
32,140,4,4,4,4,4,4,4,4,4,4,5,5,5,5,5,5,5,5,5,5,1,1,1,1,1,1,1,1,1,0,0,0,0,0,0,1,0,1,0,0,0,0,0,0,5.0,1.0,1.0,,2.0,1,2.0,2.0,4.0,1.0,phase_018_subj_21,1.0,,
33,646,3,3,4,4,4,3,3,4,4,4,4,4,4,4,5,3,4,5,4,4,1,2,2,2,1,2,4,3,5,0,0,0,0,0,1,0,1,0,1,0,0,0,0,0,3.0,2.0,4.0,3.0,3.0,3,4.0,4.0,2.0,2.0,phase_018_subj_99,5.0,,
34,449,3,3,3,3,2,3,3,2,3,3,4,4,2,3,4,4,4,3,4,4,4,4,1,4,2,2,3,2,2,0,0,0,0,0,0,1,0,0,0,0,0,0,0,0,4.0,4.0,4.0,4.0,4.0,4,3.0,4.0,4.0,2.0,phase_018_subj_69,1.0,,
35,575,3,4,3,3,3,3,3,4,3,4,4,3,2,4,3,5,3,3,4,4,2,1,1,2,2,2,2,1,2,0,0,0,0,0,0,0,0,0,0,0,0,0,0,0,4.0,4.0,5.0,2.0,4.0,5,4.0,5.0,4.0,2.0,phase_018_subj_87,1.0,,
36,404,3,3,3,3,2,3,3,2,3,3,4,3,2,3,3,4,3,2,4,5,5,5,3,3,3,4,4,5,5,0,1,1,1,1,0,0,1,1,0,1,0,1,1,1,3.0,4.0,3.0,4.0,4.0,4,5.0,3.0,3.0,3.0,phase_018_subj_61,,,
37,44,3,3,3,3,3,3,4,3,4,4,4,3,4,4,3,4,4,3,4,4,2,2,4,2,2,2,2,4,2,0,0,0,0,0,1,1,0,1,0,1,0,0,0,0,4.0,2.0,3.0,2.0,2.0,3,4.0,4.0,3.0,3.0,phase_018_subj_3,3.0,,
38,494,2,3,2,2,2,2,2,2,2,2,2,2,2,2,2,2,2,2,3,2,4,4,4,3,3,4,4,4,3,0,0,0,0,0,0,1,0,0,0,0,0,0,0,0,3.0,4.0,4.0,4.0,4.0,3,4.0,4.0,2.0,2.0,phase_018_subj_75,3.0,,
39,522,4,3,3,3,3,3,3,4,3,3,5,2,1,4,2,5,2,2,5,4,1,2,2,1,2,2,1,1,2,0,0,0,0,0,0,0,0,0,0,0,0,0,0,0,5.0,4.0,4.0,3.0,4.0,4,4.0,5.0,5.0,2.0,phase_018_subj_79,5.0,,
40,451,3,3,3,3,3,3,3,2,3,3,3,2,2,3,2,3,2,2,2,2,4,5,4,4,4,4,4,4,4,0,0,0,0,0,0,0,0,0,0,0,0,1,0,0,4.0,5.0,3.0,2.0,4.0,3,4.0,4.0,2.0,2.0,phase_018_subj_71,5.0,,
41,627,4,4,4,4,3,4,4,4,3,4,5,4,4,5,4,4,4,4,4,5,2,2,2,2,2,2,2,2,2,0,0,0,1,0,0,0,0,0,0,0,0,0,0,0,5.0,2.0,2.0,2.0,3.0,2,4.0,4.0,3.0,2.0,phase_018_subj_97,4.0,,
42,524,3,3,3,3,4,4,3,4,3,4,5,3,2,4,3,4,3,3,4,4,2,1,2,2,1,2,1,2,2,0,0,0,0,0,0,0,0,0,0,0,0,0,0,0,4.0,4.0,5.0,2.0,4.0,4,4.0,5.0,4.0,2.0,phase_018_subj_80,5.0,,
43,332,4,4,4,4,4,4,4,4,4,4,5,5,5,5,5,5,5,5,5,5,1,1,1,1,1,1,1,1,1,0,0,0,0,0,1,1,1,0,0,0,0,0,0,0,4.0,1.0,2.0,1.0,1.0,1,2.0,2.0,5.0,2.0,phase_018_subj_51,2.0,,
44,233,4,4,4,4,4,4,4,4,4,4,5,5,5,5,5,1,5,5,5,5,5,2,1,1,1,1,1,5,1,0,0,0,0,0,0,1,0,0,0,0,0,0,0,0,5.0,2.0,5.0,2.0,2.0,1,1.0,2.0,1.0,1.0,phase_018_subj_31,,,
45,635,4,4,3,3,3,3,3,4,4,3,4,2,1,5,3,4,3,3,4,4,2,2,2,1,2,1,2,2,1,0,0,0,0,0,0,0,0,0,0,0,0,0,0,0,4.0,5.0,4.0,2.0,4.0,4,4.0,5.0,4.0,1.0,phase_018_subj_98,3.0,,
46,561,3,3,3,3,3,3,3,3,3,4,4,4,2,4,4,4,4,4,4,4,3,2,2,2,2,2,2,4,1,0,0,1,0,0,0,1,1,0,1,0,0,1,0,0,4.0,4.0,3.0,4.0,4.0,4,4.0,,5.0,2.0,phase_018_subj_84,,,
47,75,4,4,4,4,4,4,4,4,4,4,5,5,5,5,5,5,5,5,5,5,1,1,1,1,1,1,1,1,1,0,0,0,0,0,0,1,0,0,0,0,0,0,0,0,5.0,2.0,1.0,2.0,2.0,1,1.0,2.0,5.0,1.0,phase_018_subj_5,4.0,,
48,680,3,3,3,3,3,3,3,3,3,3,4,4,4,4,4,4,4,3,3,4,3,3,4,4,4,3,3,2,3,0,0,0,0,0,0,0,0,1,0,1,0,0,0,0,3.0,4.0,3.0,3.0,2.0,2,2.0,3.0,4.0,2.0,phase_018_subj_103,4.0,,
49,190,4,3,4,4,3,3,3,1,4,4,5,4,5,5,5,4,2,3,4,4,1,1,2,1,1,2,1,1,1,1,0,0,0,0,1,0,0,1,0,0,0,0,0,0,4.0,1.0,1.0,1.0,3.0,1,3.0,3.0,1.0,4.0,phase_018_subj_29,1.0,,
50,267,4,3,4,4,4,4,3,3,4,4,5,5,5,4,4,5,5,5,4,4,1,1,2,1,1,2,2,5,1,1,1,1,1,1,1,1,1,0,1,1,0,1,0,1,5.0,2.0,1.0,2.0,1.0,2,2.0,2.0,1.0,2.0,phase_018_subj_39,5.0,,
51,341,3,3,3,3,3,3,3,3,3,3,4,4,4,4,4,4,4,4,4,4,2,2,2,2,2,2,2,2,2,1,1,1,1,0,1,1,0,0,1,0,0,1,0,1,4.0,2.0,2.0,2.0,2.0,3,3.0,2.0,3.0,2.0,phase_018_subj_55,2.0,,
52,428,2,3,2,3,2,2,2,1,2,2,3,2,1,4,2,2,1,1,3,4,5,5,4,5,4,5,2,4,4,0,0,1,0,0,1,0,0,0,0,0,0,1,0,0,1.0,5.0,4.0,2.0,5.0,4,5.0,4.0,5.0,1.0,phase_018_subj_64,3.0,,
53,340,3,3,3,3,2,3,3,2,3,3,3,2,2,3,2,4,2,2,3,2,4,4,4,3,4,4,2,4,2,0,1,0,1,0,1,0,0,1,1,0,0,0,0,0,4.0,4.0,4.0,2.0,4.0,2,4.0,4.0,2.0,2.0,phase_018_subj_54,3.0,,
54,451,4,3,4,3,3,4,4,3,3,4,5,4,4,4,4,4,4,4,4,4,1,1,1,1,1,2,2,1,1,0,0,0,1,1,0,1,1,0,0,0,0,1,0,1,5.0,1.0,2.0,2.0,4.0,4,4.0,2.0,4.0,1.0,phase_018_subj_72,3.0,,
55,432,4,4,4,4,4,4,4,4,4,4,4,4,5,4,5,4,5,5,4,4,1,1,1,1,1,1,1,4,1,1,0,0,0,0,0,1,0,0,0,0,0,0,0,0,,1.0,,3.0,1.0,1,1.0,1.0,1.0,1.0,phase_018_subj_65,1.0,,
56,549,4,3,4,3,4,3,3,1,4,4,4,5,4,4,4,4,4,5,4,5,1,1,2,1,2,2,1,4,1,0,0,0,0,1,0,0,0,0,0,0,0,0,0,0,5.0,2.0,2.0,4.0,4.0,2,4.0,4.0,4.0,1.0,phase_018_subj_81,3.0,,
57,360,3,3,3,3,3,3,3,3,3,3,3,4,3,4,3,4,4,4,4,4,2,3,2,2,2,2,2,4,2,0,0,0,0,0,0,0,0,1,0,0,0,0,0,0,4.0,3.0,2.0,3.0,4.0,4,2.0,3.0,3.0,2.0,phase_018_subj_56,1.0,,
58,298,1,1,1,1,1,1,1,1,1,1,1,2,1,1,2,1,1,1,1,2,4,3,3,4,3,3,2,3,2,1,1,1,1,1,1,1,1,0,1,1,0,1,0,1,4.0,2.0,3.0,2.0,1.0,2,2.0,1.0,2.0,2.0,phase_018_subj_44,3.0,,
59,514,4,4,3,4,3,4,4,3,4,3,5,4,3,4,4,4,4,4,4,5,2,2,2,1,2,2,1,4,2,0,0,0,0,0,0,1,0,0,0,0,0,0,0,0,5.0,2.0,4.0,4.0,,3,4.0,4.0,2.0,1.0,phase_018_subj_78,4.0,,
60,507,3,3,3,3,3,3,3,3,3,4,4,4,2,3,3,4,4,3,3,4,3,4,2,4,3,2,4,4,4,0,1,0,0,0,0,0,0,1,1,0,0,0,0,0,4.0,2.0,1.0,2.0,2.0,3,3.0,3.0,4.0,4.0,phase_018_subj_76,1.0,,
61,318,3,3,4,3,4,3,3,3,3,4,5,4,3,4,4,4,3,4,4,5,4,4,5,4,5,4,5,4,4,0,0,0,0,0,1,0,1,1,0,0,0,0,0,0,4.0,4.0,5.0,2.0,4.0,3,4.0,4.0,2.0,1.0,phase_018_subj_48,3.0,,
62,93,3,3,4,3,3,3,3,3,4,4,4,4,5,4,4,4,4,4,4,5,2,2,2,1,2,2,3,2,1,0,0,1,1,0,0,0,0,0,0,0,0,0,0,0,4.0,2.0,4.0,3.0,2.0,4,2.0,2.0,1.0,2.0,phase_018_subj_8,,,
63,568,3,3,4,4,3,3,3,4,4,4,5,2,3,3,2,4,4,4,5,2,3,3,1,1,3,2,2,4,4,0,0,1,0,0,1,1,0,0,0,0,0,1,0,0,4.0,2.0,4.0,3.0,4.0,2,4.0,4.0,3.0,4.0,phase_018_subj_86,3.0,,
64,155,3,3,4,4,4,3,3,4,4,4,4,4,4,4,5,4,5,4,4,5,1,1,2,1,2,1,1,1,1,0,0,0,0,0,0,1,0,0,0,0,0,0,0,0,4.0,2.0,3.0,4.0,3.0,4,4.0,3.0,2.0,1.0,phase_018_subj_23,2.0,,
65,476,2,3,2,2,2,2,2,2,2,2,2,2,2,3,2,2,2,2,3,2,4,4,4,3,3,4,4,4,3,0,0,0,0,0,0,1,0,0,0,0,0,0,0,0,3.0,4.0,5.0,4.0,4.0,2,4.0,4.0,2.0,1.0,phase_018_subj_74,3.0,,
66,308,3,3,3,3,3,3,3,3,3,4,4,3,3,3,3,4,3,4,4,4,3,2,2,2,2,2,2,2,2,0,0,1,1,0,1,1,1,0,1,0,0,1,0,0,4.0,4.0,3.0,2.0,4.0,2,2.0,2.0,2.0,2.0,phase_018_subj_45,5.0,,
67,123,3,3,3,4,4,3,3,3,3,3,4,4,3,4,4,4,3,3,4,4,3,4,4,4,3,3,2,2,4,0,1,1,0,0,1,1,0,0,1,0,0,1,0,1,4.0,3.0,4.0,2.0,3.0,4,3.0,4.0,2.0,1.0,phase_018_subj_17,1.0,,
68,368,3,3,3,3,3,3,3,4,3,3,4,4,2,4,4,4,4,4,4,5,3,4,2,3,4,2,2,4,1,0,0,1,0,0,1,1,0,1,0,0,0,0,0,0,5.0,4.0,3.0,2.0,4.0,4,3.0,4.0,4.0,4.0,phase_018_subj_57,5.0,,
69,512,3,3,3,3,3,4,4,3,4,4,4,4,3,4,4,4,4,3,5,5,2,1,1,2,2,2,4,2,1,0,0,0,0,0,0,1,0,0,0,0,0,1,0,0,5.0,1.0,2.0,4.0,3.0,2,1.0,4.0,4.0,2.0,phase_018_subj_77,1.0,,
70,618,3,3,3,3,3,3,4,3,3,3,4,4,4,4,4,4,4,4,5,4,5,5,4,5,3,3,1,4,4,0,0,0,0,0,0,0,0,1,0,0,0,1,0,0,5.0,5.0,4.0,5.0,5.0,2,4.0,3.0,2.0,1.0,phase_018_subj_94,,,
71,168,4,3,4,4,3,4,3,2,4,4,5,4,5,4,5,4,4,4,5,5,1,1,1,1,2,2,1,1,1,0,0,0,0,0,0,1,0,0,0,0,0,0,0,0,5.0,2.0,1.0,1.0,1.0,2,3.0,2.0,3.0,1.0,phase_018_subj_26,3.0,,
72,251,3,4,4,3,3,3,3,4,4,3,4,4,3,5,4,4,4,3,4,5,2,4,5,2,2,3,5,4,4,0,0,0,0,0,0,0,0,0,0,0,0,0,0,0,5.0,4.0,4.0,2.0,5.0,2,4.0,1.0,3.0,2.0,phase_018_subj_38,3.0,,
1,685,4,3,4,4,3,4,3,4,4,4,5,4,4,4,4,4,5,4,5,4,1,2,1,2,2,2,2,2,1,0,0,1,1,0,1,1,0,0,0,0,0,0,0,1,4.0,1.0,1.0,3.0,2.0,2,4.0,2.0,2.0,1.0,phase_019_subj_53,,,
2,644,3,2,3,3,2,2,2,2,3,3,3,4,2,4,1,2,2,1,4,4,2,4,3,2,3,4,2,1,2,0,0,0,0,0,0,0,0,0,0,0,0,0,0,0,4.0,4.0,5.0,4.0,5.0,2,4.0,4.0,5.0,4.0,phase_019_subj_49,1.0,,
3,374,4,4,3,3,3,3,3,3,3,3,4,4,2,4,3,4,2,1,3,4,4,3,4,4,4,5,2,4,5,0,1,0,1,0,0,1,0,0,1,1,1,0,0,0,4.0,2.0,4.0,1.0,2.0,2,4.0,2.0,2.0,2.0,phase_019_subj_30,2.0,,
4,509,2,2,1,2,2,2,2,1,1,2,4,1,1,3,1,2,1,1,2,2,4,4,3,4,2,2,3,4,4,0,0,0,1,1,0,0,0,1,0,0,0,0,0,0,3.0,5.0,4.0,5.0,5.0,5,4.0,5.0,2.0,2.0,phase_019_subj_39,3.0,,
5,487,3,4,4,3,3,3,4,4,3,4,4,1,4,5,5,5,4,5,4,4,2,1,2,4,2,1,3,5,3,1,0,1,0,0,0,1,0,1,1,1,1,0,1,0,4.0,2.0,2.0,3.0,3.0,4,3.0,2.0,3.0,2.0,phase_019_subj_38,3.0,,
6,140,4,4,4,4,3,4,4,4,4,4,4,4,5,4,5,4,5,5,4,5,3,4,5,2,5,5,4,3,3,0,1,1,1,0,1,0,0,0,1,1,1,0,0,0,4.0,2.0,3.0,2.0,2.0,2,3.0,3.0,4.0,1.0,phase_019_subj_12,,,
7,617,3,4,4,4,4,4,3,1,4,4,5,5,4,5,4,4,5,4,5,4,1,2,1,4,1,2,1,5,1,0,1,0,1,0,0,1,0,0,1,1,1,1,0,0,5.0,1.0,1.0,2.0,,1,3.0,2.0,1.0,1.0,phase_019_subj_44,5.0,,
8,171,3,3,4,3,2,3,3,4,4,4,4,4,3,4,2,4,4,4,4,3,1,3,1,1,3,3,4,2,1,0,0,1,0,0,1,0,0,0,0,0,0,0,0,0,3.0,2.0,2.0,3.0,5.0,5,3.0,1.0,1.0,1.0,phase_019_subj_17,1.0,,
9,619,3,3,4,4,3,4,3,3,4,4,4,4,4,4,5,3,4,4,5,4,1,2,2,1,2,2,2,1,2,1,1,1,1,0,1,1,0,0,1,1,0,0,0,1,4.0,1.0,2.0,2.0,1.0,1,4.0,2.0,2.0,1.0,phase_019_subj_46,4.0,,
10,16,3,3,4,3,3,3,4,4,4,4,4,4,4,3,4,2,4,5,4,4,2,2,2,2,2,2,1,2,1,0,0,0,0,0,0,1,0,0,0,0,0,0,0,0,4.0,2.0,2.0,1.0,2.0,2,4.0,2.0,2.0,1.0,phase_019_subj_1,4.0,,
11,524,2,2,2,2,2,2,2,2,2,2,4,2,1,3,2,2,2,2,3,2,2,3,2,2,2,2,3,4,2,0,0,0,0,0,0,0,0,1,0,0,0,1,0,0,4.0,3.0,4.0,3.0,4.0,4,3.0,4.0,3.0,3.0,phase_019_subj_40,1.0,,
12,531,4,3,4,4,3,4,3,4,4,3,5,4,5,4,4,4,4,4,5,4,1,1,2,1,1,1,2,1,1,0,0,0,0,0,0,1,0,0,0,0,0,0,0,0,5.0,2.0,2.0,2.0,1.0,3,3.0,2.0,2.0,2.0,phase_019_subj_41,2.0,,
13,36,3,3,3,3,3,2,2,2,3,3,3,2,2,3,2,3,2,2,3,2,5,4,4,5,5,4,5,5,3,0,0,0,1,0,0,0,0,1,0,0,0,0,0,0,4.0,5.0,4.0,3.0,,2,4.0,4.0,1.0,3.0,phase_019_subj_3,1.0,,
14,350,4,3,4,3,3,3,4,3,4,4,5,3,4,5,5,4,4,5,4,1,1,2,1,2,1,2,2,1,2,1,0,1,0,0,0,0,1,0,1,1,0,1,0,0,4.0,2.0,2.0,3.0,3.0,1,2.0,2.0,1.0,2.0,phase_019_subj_28,2.0,,
15,232,2,2,2,3,2,2,2,2,2,2,3,2,2,3,2,2,2,1,3,2,4,5,4,4,4,5,4,4,4,0,0,0,0,0,0,0,0,1,0,0,0,0,0,0,3.0,5.0,4.0,2.0,4.0,4,4.0,3.0,4.0,3.0,phase_019_subj_20,3.0,,
16,622,4,4,3,3,3,4,4,1,4,4,5,5,4,4,5,5,5,5,4,4,1,2,2,1,1,1,2,1,1,0,0,0,0,0,0,1,0,0,0,0,0,0,0,0,5.0,4.0,5.0,4.0,1.0,1,4.0,5.0,1.0,5.0,phase_019_subj_47,5.0,,
17,352,2,2,2,2,2,2,2,1,2,2,2,2,2,3,1,2,2,2,3,3,4,4,4,3,4,3,4,2,3,0,0,1,0,0,0,0,0,1,0,1,0,0,0,0,3.0,3.0,4.0,3.0,3.0,4,3.0,4.0,3.0,3.0,phase_019_subj_29,,,
18,63,4,3,3,3,4,3,4,3,3,4,4,3,4,4,5,5,4,4,4,4,1,1,2,2,1,2,2,4,2,0,0,0,0,0,0,0,0,0,0,0,0,0,0,0,5.0,2.0,3.0,1.0,3.0,2,3.0,3.0,4.0,3.0,phase_019_subj_5,1.0,,
19,420,3,3,3,3,3,3,3,3,3,4,4,2,1,4,4,4,4,4,4,4,1,4,3,1,4,4,1,1,1,0,1,1,1,0,1,1,0,0,1,1,0,1,0,1,4.0,5.0,4.0,2.0,2.0,4,2.0,2.0,2.0,1.0,phase_019_subj_33,1.0,,
20,88,3,4,4,3,2,4,4,3,4,4,4,5,2,5,4,4,4,4,4,5,2,2,2,1,2,2,2,2,1,0,0,0,1,0,0,1,0,0,0,1,0,1,0,0,4.0,3.0,4.0,2.0,4.0,2,2.0,4.0,4.0,1.0,phase_019_subj_8,1.0,,
21,164,4,4,4,4,4,4,4,2,4,4,5,5,5,4,5,5,5,5,5,5,1,1,1,1,2,2,1,5,1,0,0,0,1,0,0,1,0,0,0,0,0,1,0,0,5.0,1.0,1.0,1.0,2.0,1,1.0,1.0,1.0,1.0,phase_019_subj_16,1.0,,
22,424,4,3,4,4,4,4,3,4,4,4,5,4,3,5,4,4,5,4,5,4,1,2,1,2,2,1,1,1,2,0,1,1,1,1,1,1,1,0,1,0,0,1,0,0,4.0,2.0,4.0,5.0,1.0,4,5.0,2.0,3.0,1.0,phase_019_subj_34,,,
23,456,3,4,3,3,4,3,4,2,3,4,4,4,5,4,4,4,4,5,4,4,1,1,2,1,2,2,2,5,1,1,1,1,1,1,1,1,0,0,1,1,0,1,1,1,4.0,2.0,2.0,1.0,2.0,4,3.0,3.0,2.0,2.0,phase_019_subj_37,5.0,,
24,146,3,4,4,3,4,3,3,3,4,4,4,4,5,4,4,4,4,5,4,5,2,1,2,2,1,2,1,1,2,0,0,0,0,0,0,1,1,0,0,0,1,1,0,0,4.0,2.0,3.0,4.0,2.0,3,4.0,2.0,2.0,1.0,phase_019_subj_14,1.0,,
25,111,4,4,4,3,3,3,3,4,4,4,4,4,3,3,3,3,3,3,4,5,2,3,3,3,3,2,2,3,2,0,0,0,0,0,0,0,0,0,0,0,0,0,1,0,4.0,2.0,4.0,2.0,4.0,2,2.0,3.0,4.0,2.0,phase_019_subj_10,5.0,,
26,618,3,3,3,3,3,2,2,1,3,3,3,2,1,3,4,2,3,3,3,2,2,3,1,2,3,2,2,5,2,0,0,0,0,0,0,1,0,0,0,0,0,0,0,0,4.0,5.0,5.0,2.0,5.0,4,4.0,5.0,2.0,2.0,phase_019_subj_45,,,
27,598,3,4,4,3,4,3,3,1,4,4,4,4,3,4,5,4,5,4,4,5,2,1,2,1,2,1,2,1,2,0,0,0,0,0,0,1,0,0,0,0,0,1,0,0,5.0,1.0,2.0,1.0,2.0,2,4.0,4.0,2.0,1.0,phase_019_subj_43,3.0,,
28,443,3,3,3,3,3,4,4,4,4,4,4,4,4,4,4,5,5,4,4,5,2,2,4,2,2,2,2,3,2,1,1,1,0,0,1,1,0,0,1,1,0,0,0,1,4.0,2.0,4.0,2.0,3.0,4,4.0,4.0,3.0,2.0,phase_019_subj_36,,,
29,646,3,4,4,3,4,4,3,4,4,4,4,5,4,4,5,5,4,4,4,4,3,4,5,3,5,5,3,4,3,0,1,1,1,0,1,0,0,1,1,0,0,0,0,0,4.0,3.0,4.0,2.0,2.0,2,3.0,4.0,2.0,1.0,phase_019_subj_50,1.0,,
30,105,3,2,3,3,2,3,3,2,3,3,3,2,2,3,2,4,2,2,3,2,2,4,2,2,4,3,2,2,2,0,1,0,0,0,1,0,0,1,1,0,0,0,0,0,3.0,4.0,4.0,2.0,4.0,2,2.0,3.0,4.0,2.0,phase_019_subj_9,1.0,,
31,70,3,3,4,3,3,3,3,3,4,4,4,3,3,4,4,4,4,4,4,5,1,3,2,2,3,2,2,2,1,0,0,0,1,1,1,0,0,0,0,0,0,0,0,0,5.0,2.0,4.0,1.0,4.0,3,4.0,4.0,3.0,2.0,phase_019_subj_6,5.0,,
32,297,3,4,3,3,3,3,4,2,3,4,4,1,2,3,4,4,4,2,5,2,4,3,2,5,2,3,4,5,4,1,1,1,0,1,1,1,1,1,0,0,0,1,1,1,4.0,3.0,4.0,3.0,4.0,3,4.0,2.0,3.0,4.0,phase_019_subj_24,1.0,,
33,202,2,3,4,3,3,3,3,3,3,3,4,5,5,4,5,4,5,5,4,5,2,2,2,2,2,2,2,4,2,0,0,0,1,0,0,1,1,0,0,0,0,0,0,0,4.0,2.0,2.0,2.0,2.0,2,2.0,,4.0,2.0,phase_019_subj_19,2.0,,
34,39,3,4,3,3,2,3,3,3,3,3,4,3,2,3,3,4,3,2,4,3,3,4,3,2,2,2,4,3,3,0,0,1,1,0,0,1,1,0,0,0,1,1,0,1,5.0,4.0,5.0,3.0,3.0,4,5.0,4.0,4.0,2.0,phase_019_subj_4,2.0,,
35,341,3,3,4,3,3,3,3,4,4,4,4,4,3,4,3,4,4,4,4,4,4,4,4,3,3,2,3,3,2,1,1,1,1,0,0,1,0,0,1,0,0,0,0,1,5.0,3.0,4.0,2.0,4.0,5,4.0,5.0,3.0,3.0,phase_019_subj_26,2.0,,
36,394,4,4,4,4,4,4,4,4,4,4,5,5,4,5,5,5,5,5,5,5,3,4,4,2,2,2,3,3,5,1,0,0,0,0,1,1,1,0,1,0,1,1,0,0,5.0,1.0,2.0,2.0,4.0,4,2.0,4.0,5.0,3.0,phase_019_subj_31,3.0,,
37,192,3,4,3,3,3,4,3,4,3,3,4,3,2,5,4,4,5,4,4,3,3,2,2,3,1,1,2,3,1,0,1,1,1,1,1,1,0,1,1,1,0,1,1,1,5.0,4.0,4.0,2.0,3.0,3,4.0,5.0,3.0,4.0,phase_019_subj_18,1.0,,
38,162,4,4,4,3,3,3,3,3,3,3,4,4,3,4,3,4,4,3,4,4,3,2,2,3,2,2,2,2,3,0,0,1,1,1,0,0,0,0,0,1,0,0,0,1,4.0,3.0,2.0,2.0,2.0,4,4.0,4.0,3.0,1.0,phase_019_subj_15,1.0,,
39,274,4,4,4,4,3,4,4,4,4,4,5,5,4,5,5,5,5,5,5,5,2,2,1,1,2,1,1,1,1,1,0,1,1,1,0,1,1,0,0,1,0,1,0,1,5.0,1.0,1.0,3.0,2.0,3,2.0,3.0,5.0,4.0,phase_019_subj_23,5.0,,
40,344,3,3,4,3,4,4,3,4,4,4,4,4,3,4,4,4,4,4,5,5,2,2,2,2,2,2,1,4,1,1,1,1,1,1,1,1,1,1,1,1,0,1,1,1,4.0,4.0,4.0,2.0,2.0,3,4.0,3.0,5.0,2.0,phase_019_subj_27,2.0,,
41,315,3,3,3,3,3,3,3,2,3,3,3,4,2,4,3,4,3,3,4,4,2,2,2,2,2,2,4,2,2,0,0,0,0,0,0,0,0,1,0,0,0,0,0,0,4.0,4.0,3.0,2.0,2.0,3,4.0,2.0,3.0,2.0,phase_019_subj_25,2.0,,
42,667,3,3,4,3,3,4,3,4,4,4,4,5,5,4,4,4,4,4,4,5,1,2,3,1,4,2,1,2,1,0,1,1,0,0,0,1,0,1,1,0,0,0,0,0,4.0,1.0,1.0,1.0,2.0,1,4.0,4.0,2.0,3.0,phase_019_subj_52,,,
43,691,4,4,3,4,4,4,3,3,4,4,4,4,3,5,5,5,4,4,4,5,4,4,5,2,4,3,2,2,4,1,1,1,1,1,0,1,0,0,1,0,0,1,0,1,5.0,2.0,3.0,2.0,4.0,4,4.0,2.0,3.0,2.0,phase_019_subj_54,3.0,,
44,245,3,3,3,3,3,3,3,3,2,3,4,3,3,3,4,4,3,4,4,5,3,4,3,2,2,2,2,3,3,0,0,1,0,0,1,0,0,1,0,0,1,1,0,0,4.0,4.0,4.0,2.0,4.0,4,4.0,2.0,3.0,4.0,phase_019_subj_21,3.0,,
45,635,3,3,3,3,3,3,3,3,3,3,4,3,3,3,4,4,4,3,4,4,2,2,2,2,2,2,2,4,1,0,1,1,0,0,0,1,0,0,1,0,1,0,0,1,4.0,3.0,2.0,2.0,3.0,4,3.0,3.0,3.0,1.0,phase_019_subj_48,1.0,,
46,26,3,2,3,3,3,2,2,3,3,3,2,2,2,3,2,2,3,2,3,2,3,3,4,1,2,3,1,2,2,0,0,1,1,0,0,0,0,1,1,1,0,0,0,0,4.0,4.0,1.0,2.0,2.0,4,4.0,3.0,3.0,3.0,phase_019_subj_2,4.0,,
47,531,3,3,3,3,2,3,3,3,3,4,4,4,2,3,4,4,4,3,3,4,2,2,2,2,2,2,2,2,2,0,0,0,0,0,0,0,0,1,0,0,0,0,0,0,4.0,2.0,2.0,5.0,5.0,4,2.0,2.0,4.0,1.0,phase_019_subj_42,,,
48,270,3,3,4,3,4,3,3,3,4,4,4,4,4,4,3,4,4,4,4,5,2,2,3,2,3,3,3,3,2,0,0,0,0,0,0,1,0,0,0,0,0,0,0,0,4.0,2.0,2.0,1.0,2.0,2,3.0,2.0,3.0,1.0,phase_019_subj_22,1.0,,
49,142,3,4,3,3,2,3,3,3,3,3,4,3,2,4,1,4,3,1,4,2,5,5,4,4,4,3,3,4,4,0,0,1,0,0,0,1,0,0,0,0,1,0,0,0,4.0,5.0,5.0,3.0,5.0,5,4.0,2.0,2.0,3.0,phase_019_subj_13,2.0,,
50,432,4,4,4,4,3,4,4,1,4,4,5,5,5,4,5,5,5,5,5,5,1,1,1,1,1,1,1,1,1,0,0,0,0,0,0,1,0,0,0,1,0,0,0,0,5.0,2.0,,1.0,3.0,3,5.0,3.0,4.0,2.0,phase_019_subj_35,1.0,,
1,111,3,3,3,3,2,3,3,3,3,3,3,2,2,4,3,4,3,2,4,3,4,4,3,4,3,3,2,4,3,0,1,0,1,0,1,0,0,0,1,0,0,0,0,0,2.0,4.0,4.0,4.0,4.0,4,4.0,4.0,2.0,2.0,phase_020_subj_2,1.0,,
2,411,3,3,3,3,3,4,4,2,4,4,4,3,2,4,4,5,4,3,4,4,5,4,2,5,3,2,3,4,3,0,0,1,0,0,0,1,1,0,0,0,0,0,0,1,3.0,5.0,2.0,2.0,2.0,4,4.0,5.0,2.0,2.0,phase_020_subj_5,1.0,,
3,302,3,3,3,3,2,3,2,3,3,3,4,3,4,4,4,2,4,3,4,4,2,3,2,3,1,1,3,3,2,0,0,1,0,0,1,1,0,0,1,0,0,1,0,0,4.0,4.0,2.0,2.0,2.0,2,2.0,2.0,2.0,2.0,phase_020_subj_3,3.0,,
4,531,3,3,3,3,1,3,3,3,3,3,4,2,1,4,4,4,3,3,4,4,5,4,3,4,4,4,3,4,4,0,0,1,0,1,1,0,0,0,0,0,0,0,0,0,3.0,1.0,2.0,5.0,4.0,4,4.0,4.0,,2.0,phase_020_subj_6,,,
5,78,3,3,3,3,3,3,4,3,3,3,4,3,3,4,2,4,3,3,4,4,4,4,3,2,2,2,3,2,3,0,0,0,0,0,0,0,0,0,0,0,0,0,0,0,4.0,3.0,2.0,3.0,2.0,2,3.0,2.0,3.0,2.0,phase_020_subj_1,3.0,,
6,385,4,3,4,4,4,4,3,4,4,4,4,4,2,4,4,5,5,3,4,5,5,5,4,4,4,3,5,5,5,1,0,1,1,0,1,0,1,1,1,0,0,0,0,0,4.0,2.0,3.0,1.0,4.0,4,5.0,2.0,2.0,3.0,phase_020_subj_4,,,
