V1,ParticipantID,swb_1,swb_2,swb_3,swb_4,swb_5,LOT_1,LOT_2,LOT_3,LOT_4,LOT_5,LOT_6,IPC_1,IPC_2,IPC_3,IPC_4,IPC_5,IPC_6,IPC_7,IPC_8,MorIden_1,MorIden_2,MorIden_3,MorIden_4,MorIden_5,MorIden_6,MorIden_7,MorIden_8,MorIden_9,MorIden_10,moralSeImag_1,moralSeImag_2,moralSeImag_3,moralSeImag_4,moralSeImag_5,moralSeImag_6,moralSeImag_7,moralSeImag_8,moralSeImag_9,sde_1,sde_2,sde_3,sde_4,sde_5,sde_6,sde_7,sde_8,sde_9,sde_10,sde_11,sde_12,sde_13,sde_14,sde_15,sde_16,sde_17,sde_18,sde_19,sde_20,IM_1,IM_2,IM_3,IM_4,IM_5,IM_6,IM_7,IM_8,IM_9,IM_10,IM_11,IM_12,IM_13,IM_14,IM_15,IM_16,IM_17,IM_18,IM_19,IM_20,Sex,ID,trap2,trap2_item,X
1,671,6,7,5,5,6,4,4,5,4,5,4,-2,-3,2,3,2,2,3,2,4,5,4,5,4,4,5,4,5,5,7,8,6,8,6,9,7,8,6,5,7,5,6,6,6,1,6,5,7,7,6,1,7,5,6,7,7,1,6,3,7,2,3,6,5,7,6,7,5,6,6,5,1,3,7,5,6,6,5,Female,phase_003_subj_13,,,
2,60,6,7,7,5,6,5,5,4,4,5,4,-2,-3,2,1,2,3,1,2,4,5,4,5,4,2,5,4,5,4,6,7,6,8,3,7,9,7,8,4,6,3,6,6,2,7,7,5,6,6,1,2,6,6,7,5,2,4,6,6,6,7,7,6,5,7,6,7,5,6,6,7,2,7,6,5,7,3,6,Male,phase_003_subj_2,,,
3,460,6,5,5,5,4,4,4,4,4,4,4,2,-2,1,2,1,2,2,2,4,4,5,5,4,3,4,3,3,4,5,5,5,5,3,4,5,5,5,5,5,5,6,4,4,4,5,6,5,4,3,4,3,6,4,5,6,6,5,3,5,4,3,5,5,4,6,5,5,7,6,4,3,3,6,4,5,3,5,Female,phase_003_subj_10,,,
4,148,6,6,7,5,5,5,5,5,5,5,5,3,3,2,3,2,3,3,3,5,5,5,5,5,4,4,4,5,5,7,8,7,8,7,8,8,9,8,6,7,4,7,7,7,6,7,7,7,6,7,7,7,6,7,7,7,5,7,7,7,7,7,7,7,7,7,7,7,7,7,7,7,6,7,7,7,7,7,Male,phase_003_subj_4,,,
5,216,6,6,7,5,5,5,5,5,5,5,5,3,3,2,3,2,3,3,3,5,5,5,5,5,4,4,4,5,5,7,8,8,8,7,8,7,9,8,6,7,4,7,7,7,6,7,7,7,6,7,7,7,6,7,7,7,5,7,7,7,7,7,7,7,7,7,7,7,7,7,7,7,6,7,7,7,7,7,Male,phase_003_subj_6,,,
6,693,6,5,5,3,3,5,2,5,4,4,5,2,1,2,3,1,2,2,3,4,5,4,5,4,5,4,5,4,4,7,6,6,7,6,7,8,7,7,6,3,3,6,5,2,7,2,5,2,5,1,6,3,6,6,5,2,5,2,3,6,3,5,2,7,5,5,6,7,7,6,5,3,3,6,3,5,2,5,Male,phase_003_subj_15,,,
7,584,3,2,3,3,1,4,4,3,5,5,5,2,-1,1,3,1,-1,1,2,5,4,5,4,4,3,3,4,4,4,4,5,4,7,4,8,4,7,8,4,5,5,6,4,5,3,7,5,5,5,4,3,3,4,4,4,6,2,6,3,3,4,3,3,5,6,4,7,7,7,2,6,6,5,7,7,7,1,6,Female,phase_003_subj_12,,,
8,396,3,3,4,2,4,4,3,3,4,4,5,-2,1,1,2,-2,1,1,2,5,5,5,4,5,4,4,5,4,4,6,7,6,8,6,7,7,7,8,4,3,5,5,2,3,4,3,4,2,5,2,5,3,4,6,4,3,4,3,3,5,2,6,3,7,5,5,7,6,6,6,5,5,5,7,7,2,4,6,Male,phase_003_subj_8,,,
9,403,5,6,6,4,3,5,2,5,5,4,5,2,1,2,1,2,3,2,1,5,5,5,5,4,4,5,4,5,4,8,7,6,7,5,6,8,7,8,5,2,3,6,5,2,6,1,5,2,3,3,6,3,5,6,5,3,6,5,3,7,3,6,3,7,5,5,6,7,7,5,2,5,2,7,2,7,3,6,Male,phase_003_subj_9,,,
10,60,5,5,5,3,1,5,4,3,5,4,4,1,-1,-2,3,-3,2,1,2,5,5,5,5,5,2,3,4,2,2,1,7,5,8,3,6,4,9,7,2,2,5,2,5,1,5,4,2,2,2,1,6,2,5,5,2,2,3,3,3,6,7,7,3,7,6,6,7,7,7,6,7,4,2,7,5,7,2,7,Male,phase_003_subj_3,,,
11,569,6,6,6,5,5,5,4,5,2,4,5,3,2,2,3,1,1,1,3,5,4,5,4,4,4,4,4,4,4,4,6,5,5,3,7,5,5,5,6,6,7,3,6,2,7,1,6,6,6,5,5,2,6,7,6,3,7,6,1,6,5,5,5,7,7,7,7,7,7,7,3,2,3,7,7,7,6,7,Male,phase_003_subj_11,,,
12,49,6,7,6,6,6,4,4,4,4,5,4,1,1,2,2,2,2,2,2,4,5,5,4,4,4,5,4,4,4,7,6,4,6,7,7,6,3,4,6,5,6,6,6,6,6,5,6,6,5,4,6,6,3,5,6,3,6,6,3,6,2,3,3,4,3,5,5,5,3,3,2,3,3,5,2,5,3,4,Male,phase_003_subj_1,,,
1,37,5,6,7,5,6,5,5,5,5,5,5,3,2,2,3,2,3,3,3,5,5,5,5,5,4,4,4,5,5,7,8,8,8,7,9,8,9,8,6,7,4,7,7,7,6,7,7,7,6,7,7,7,6,7,7,7,5,7,7,7,7,7,7,7,7,7,7,7,7,7,7,7,6,7,7,7,7,7,Female,phase_004_subj_1,,,
2,498,6,6,7,5,6,5,5,5,5,5,5,3,2,3,3,2,3,3,3,5,5,5,5,5,4,4,4,5,5,7,8,8,8,7,8,7,9,8,6,7,4,7,7,7,7,7,7,7,6,7,7,7,6,7,7,7,5,7,7,7,7,7,7,7,7,7,7,7,7,7,7,7,6,7,7,7,6,7,Female,phase_004_subj_15,,,
3,443,6,5,4,3,3,5,2,4,4,5,4,2,1,1,2,-1,2,3,1,5,5,5,5,5,4,4,5,4,4,8,7,6,8,5,6,8,5,7,6,3,2,7,5,2,5,1,5,2,2,3,6,2,7,7,5,2,3,5,3,6,3,3,2,7,3,6,6,7,7,5,6,6,3,7,3,7,3,6,Male,phase_004_subj_10,,,
4,416,5,6,5,2,3,5,2,5,4,5,5,3,1,1,2,1,2,3,1,5,5,5,5,5,4,5,5,4,4,8,7,6,7,5,8,8,6,7,6,5,5,6,6,5,6,1,5,2,5,2,7,3,6,6,5,2,5,4,2,5,3,3,2,7,6,6,5,7,7,6,6,7,3,6,3,7,5,6,Male,phase_004_subj_9,,,
5,670,6,7,5,6,6,5,4,5,5,5,5,2,-2,3,2,-1,3,2,-1,5,5,4,5,5,5,4,4,5,5,7,8,8,8,2,6,7,7,8,6,7,2,6,6,7,5,6,7,7,6,6,7,3,6,6,7,3,3,7,3,7,2,2,1,7,5,6,7,7,6,3,7,5,2,6,7,2,3,7,Male,phase_004_subj_19,,,
6,287,6,6,5,7,6,5,5,5,4,5,4,3,-2,2,1,-3,3,2,2,5,4,5,1,4,4,5,4,5,3,7,8,8,8,7,9,9,9,8,5,2,2,7,7,3,7,5,7,6,5,7,7,2,6,5,7,6,5,7,7,5,3,2,1,7,5,6,7,6,6,2,3,3,2,7,7,6,3,7,Male,phase_004_subj_6,,,
7,225,6,7,5,5,4,5,2,5,4,4,4,2,1,2,3,1,2,3,1,5,5,5,5,5,5,4,4,5,5,7,8,6,8,5,7,8,7,8,6,6,5,6,6,2,5,1,5,2,3,1,5,4,7,7,5,3,6,5,2,7,3,3,2,7,3,6,5,7,6,6,3,5,2,7,3,7,3,6,Male,phase_004_subj_4,,,
8,455,6,7,6,5,6,5,5,4,4,5,4,-1,-2,2,1,2,3,1,2,5,4,5,5,2,4,5,4,2,5,7,8,9,7,6,9,8,7,7,5,6,5,6,6,5,5,6,6,6,5,6,1,6,5,5,7,5,5,7,3,7,1,6,5,5,6,6,7,6,6,7,7,2,7,5,5,6,6,7,Male,phase_004_subj_12,,,
9,355,6,7,5,6,7,4,4,5,4,5,4,-1,-3,2,1,3,2,1,3,4,5,4,5,4,5,4,5,4,4,8,7,9,8,7,9,7,6,8,5,1,6,5,5,6,6,6,7,7,5,6,3,7,5,6,7,7,5,5,1,6,3,7,5,5,6,6,6,7,5,6,7,3,6,5,5,6,6,6,Male,phase_004_subj_7,,,
10,70,7,5,6,7,5,5,5,4,5,4,5,-3,-2,2,3,3,2,1,2,4,5,4,5,4,5,4,5,5,4,9,7,8,7,8,9,8,6,7,6,6,5,6,6,5,5,6,7,7,5,5,1,7,5,5,5,5,7,6,3,7,3,6,5,5,5,5,7,7,6,5,7,3,7,5,6,6,5,6,Female,phase_004_subj_2,,,
11,524,7,6,5,7,5,4,5,5,4,5,4,-1,-3,2,1,3,2,1,1,5,4,5,4,4,2,5,2,4,5,7,7,9,8,7,9,6,8,7,5,5,6,5,7,5,6,6,5,6,7,5,2,7,5,5,7,6,6,7,3,7,2,5,5,6,7,6,5,7,6,5,7,2,5,6,7,7,5,6,Male,phase_004_subj_16,,,
12,453,4,3,4,3,2,3,2,3,5,5,5,1,-1,1,2,-1,1,1,1,4,4,5,4,4,3,3,4,3,4,4,3,4,6,5,5,6,4,5,6,5,4,6,5,4,6,5,4,4,5,4,5,5,3,5,5,6,5,6,4,5,3,3,3,5,3,6,5,7,7,4,4,3,4,6,3,7,4,5,Female,phase_004_subj_11,,,
13,570,7,6,7,5,5,5,2,5,4,5,4,-2,-1,3,2,-3,2,3,2,5,5,5,5,4,5,4,5,5,4,8,7,8,7,4,8,8,8,9,5,7,6,6,5,1,6,7,7,6,5,3,7,2,7,5,6,6,5,7,6,5,2,3,3,7,5,6,6,7,7,2,6,5,2,6,6,5,4,7,Male,phase_004_subj_17,,,
14,462,5,5,6,5,6,5,3,4,5,5,5,1,2,1,2,-1,2,2,1,5,4,4,5,4,4,5,4,4,5,7,8,7,8,7,8,8,8,9,5,3,6,4,4,3,5,1,4,3,5,4,6,4,4,6,5,4,5,4,5,5,5,6,3,6,6,5,5,5,6,5,4,5,5,5,6,5,4,5,Male,phase_004_subj_13,,,
15,117,5,4,5,4,5,5,3,4,5,5,5,-1,1,1,2,-2,2,1,1,5,4,5,5,4,4,5,4,5,4,8,7,7,8,8,7,9,7,8,5,4,6,5,4,4,5,1,4,3,5,4,6,4,4,6,5,4,5,4,4,5,5,6,3,6,6,6,6,7,5,6,3,5,5,6,6,5,4,6,Female,phase_004_subj_3,,,
16,667,6,5,6,4,4,5,3,5,5,5,5,3,2,1,3,1,2,3,2,5,5,5,5,4,4,4,3,4,4,7,7,6,7,5,8,6,6,8,5,5,4,6,5,4,4,7,5,4,4,3,4,3,5,4,5,4,2,7,3,4,3,5,6,6,5,7,7,7,7,6,6,6,4,6,7,6,5,6,Male,phase_004_subj_18,,,
17,401,5,5,6,5,6,4,3,4,5,4,5,1,2,1,1,-1,3,2,1,4,4,4,4,4,5,4,4,5,4,7,8,8,8,7,7,8,8,9,4,4,5,4,4,3,5,2,4,3,5,4,6,4,4,6,5,4,5,4,6,5,5,6,3,5,6,5,5,6,6,5,4,5,6,5,5,5,4,5,Female,phase_004_subj_8,,,
18,276,3,2,2,3,1,4,3,2,4,4,4,1,-1,-2,-1,-2,2,1,1,5,3,5,4,3,4,4,3,4,4,7,6,8,8,6,6,7,8,7,6,3,5,4,4,3,5,4,3,3,3,3,6,3,2,5,4,2,4,3,3,4,2,3,3,4,5,6,5,6,7,5,7,3,3,6,3,6,3,7,Female,phase_004_subj_5,,,
1,21,5,4,5,5,5,4,3,4,4,4,4,2,-2,2,-2,1,2,2,2,5,4,5,4,3,4,4,4,4,4,4,7,7,6,6,7,5,6,6,5,5,5,4,5,3,3,4,5,4,5,3,4,5,2,3,4,3,5,5,2,2,3,3,3,3,3,5,5,5,7,3,5,7,2,6,3,7,3,6,Female,phase_005_subj_1,,,
2,577,3,2,4,2,3,4,2,5,3,4,4,2,1,-1,-1,-2,-1,-2,2,4,5,5,5,4,2,2,3,1,3,1,5,2,2,3,6,3,6,4,5,5,2,5,4,2,3,6,4,2,7,3,7,6,6,5,6,5,6,6,6,5,5,6,5,2,6,3,6,7,5,5,3,4,5,6,3,4,3,7,Male,phase_005_subj_14,,,
3,566,7,6,6,5,5,5,2,5,5,5,5,2,1,2,3,2,3,1,3,5,5,5,5,5,5,5,5,5,5,7,8,6,8,6,8,7,7,8,6,3,6,7,5,2,7,1,6,3,3,2,5,3,6,6,5,3,5,5,2,3,3,3,2,7,3,6,6,7,7,7,3,3,2,5,3,7,2,5,Male,phase_005_subj_13,,,
4,698,5,6,7,6,7,4,4,5,5,4,4,-2,-3,2,3,2,1,2,3,4,5,4,5,4,5,4,1,5,4,8,6,7,8,7,9,8,7,6,6,6,5,7,5,6,7,7,5,6,6,7,2,5,5,6,6,5,7,5,2,5,1,5,6,6,7,7,5,6,7,6,7,2,5,6,7,5,6,7,Male,phase_005_subj_20,,,
5,266,7,5,6,7,5,5,4,4,5,4,5,-1,-3,2,1,2,3,1,2,4,5,5,4,4,5,4,4,5,4,8,6,7,7,8,9,6,8,7,5,6,6,5,7,6,6,7,5,6,6,7,2,5,7,7,6,6,5,7,2,5,2,7,6,5,5,6,6,5,6,6,7,1,3,2,7,6,7,5,Male,phase_005_subj_7,,,
6,208,4,4,3,3,3,4,3,3,5,5,4,-1,-1,-1,1,-1,-1,1,1,4,5,5,5,4,4,4,4,5,4,6,7,6,6,6,6,7,7,8,5,4,2,5,5,2,6,4,4,3,3,3,5,3,4,5,5,2,3,3,4,5,4,6,3,7,4,6,5,6,5,5,5,5,5,5,5,5,3,5,Female,phase_005_subj_6,,,
7,695,6,6,7,7,6,4,3,5,5,3,5,3,2,2,2,3,3,3,3,5,5,5,5,5,4,5,4,5,4,7,9,8,9,8,9,8,8,9,5,6,4,7,7,4,3,1,7,7,3,3,4,3,6,5,7,7,3,7,2,5,4,2,4,7,2,7,7,7,5,3,3,4,2,5,2,7,3,6,Male,phase_005_subj_19,,,
8,448,4,3,3,3,2,4,2,3,4,4,5,2,1,1,1,-1,-1,1,1,4,4,5,4,4,3,4,4,4,4,5,6,5,7,7,7,7,7,7,4,6,4,5,5,3,4,3,3,3,3,3,5,5,4,4,4,3,5,3,4,5,5,3,4,4,5,5,4,6,6,4,5,5,3,5,5,5,4,5,Female,phase_005_subj_10,,,
9,150,5,4,5,5,6,4,4,4,5,4,5,-2,2,1,2,-2,2,2,3,5,5,5,5,4,5,4,5,4,4,7,8,7,8,8,7,8,6,8,5,3,6,4,4,3,5,2,3,4,4,4,6,4,4,7,4,4,6,4,5,5,6,7,3,6,7,6,7,7,6,6,3,5,6,6,6,5,3,7,Male,phase_005_subj_4,,,
10,271,5,4,5,5,3,4,4,4,4,4,4,2,1,2,1,-1,2,2,1,4,4,3,2,3,3,3,3,4,4,6,7,5,6,4,4,6,7,7,5,5,4,3,4,3,5,4,3,5,4,3,5,5,3,4,5,3,4,4,4,3,4,4,4,5,5,6,6,6,7,3,6,2,5,5,7,5,3,4,Male,phase_005_subj_8,,,
11,192,3,3,3,3,3,4,4,4,4,4,4,2,2,1,2,-1,1,1,1,4,4,2,4,4,4,4,4,4,4,5,5,5,5,5,4,4,5,5,5,3,3,5,5,3,3,5,5,3,3,3,5,3,4,3,3,3,3,4,3,3,5,3,3,5,3,5,5,5,5,3,3,5,5,3,3,3,3,3,Female,phase_005_subj_3,,,
12,411,2,4,2,5,1,4,3,4,4,5,5,-2,-3,1,-2,-1,1,-2,-1,5,4,5,4,4,4,5,4,4,3,4,8,7,3,9,2,8,3,8,2,7,4,2,3,3,1,2,2,7,2,2,2,7,3,6,6,6,7,4,2,5,6,2,3,1,7,6,6,7,7,1,6,1,1,6,1,4,2,6,Male,phase_005_subj_9,,,
13,533,5,5,6,5,7,5,4,4,5,5,5,-1,1,1,2,-2,3,2,2,5,4,4,5,4,4,5,4,4,5,8,8,7,8,6,7,8,7,7,5,3,6,4,4,3,5,2,3,4,4,4,6,4,4,6,4,4,5,4,5,5,6,6,3,5,5,5,6,6,5,6,4,5,5,6,6,5,4,6,Male,phase_005_subj_12,,,
14,649,5,6,5,4,3,5,2,4,4,5,5,2,1,2,3,-2,2,1,2,4,5,5,5,5,4,4,3,4,5,4,6,3,6,3,2,4,4,3,5,2,2,3,6,3,3,1,5,4,1,2,5,2,2,4,4,3,6,3,2,3,3,1,2,3,2,7,3,7,3,1,4,2,3,1,3,3,1,3,Female,phase_005_subj_16,,,
15,48,5,4,5,4,6,5,4,4,5,4,5,-1,1,1,3,-3,2,2,3,4,4,5,5,5,4,4,5,4,4,9,9,7,8,7,8,9,7,9,5,3,7,4,4,3,5,2,3,4,4,4,5,4,4,6,4,4,6,4,6,5,5,6,3,5,5,6,6,7,7,6,4,5,6,6,5,5,3,7,Female,phase_005_subj_2,,,
16,171,5,5,4,4,3,5,3,5,2,2,5,2,2,2,3,1,2,3,2,5,4,5,4,4,4,4,4,4,4,4,5,5,5,3,7,5,5,5,6,5,6,6,7,2,6,5,5,5,6,5,6,3,5,6,5,6,7,6,1,3,3,5,3,6,7,7,7,7,3,5,3,2,2,5,3,7,6,7,Male,phase_005_subj_5,,,
17,666,5,4,4,4,4,4,3,4,4,4,4,-1,1,2,-2,-2,1,1,1,4,4,5,4,3,3,3,3,4,4,4,6,6,7,8,5,7,8,7,5,4,2,6,4,3,3,3,4,2,2,3,4,3,2,4,4,3,2,2,2,2,2,3,3,5,2,4,2,5,2,4,4,3,3,2,3,3,3,2,Female,phase_005_subj_17,,,
18,668,6,5,7,5,5,4,3,5,4,4,4,2,1,2,1,1,2,3,1,4,5,5,5,4,3,4,4,4,3,6,5,6,7,5,6,6,7,7,6,5,4,6,5,3,4,4,5,5,3,2,5,3,6,5,3,4,5,5,4,6,5,6,6,7,4,6,5,6,7,6,6,5,5,6,5,6,5,6,Female,phase_005_subj_18,,,
1,447,6,7,7,7,6,4,3,5,5,5,5,3,2,3,3,3,2,3,3,5,4,5,5,5,4,5,5,4,5,9,8,8,7,8,8,9,8,8,7,7,1,7,6,6,6,7,7,7,6,7,6,1,7,7,7,7,1,6,6,5,6,5,7,7,6,6,7,6,7,6,7,7,6,7,7,7,7,6,Male,phase_006_subj_18,1.0,,
2,436,6,5,6,5,2,4,5,4,4,5,4,2,3,2,2,1,2,3,2,4,5,4,5,4,4,5,4,5,4,7,6,5,7,5,6,8,7,7,5,6,3,6,5,6,1,3,6,6,4,6,5,2,5,6,5,6,6,6,3,5,2,2,3,5,2,5,6,5,3,2,5,2,2,5,3,2,2,4,Male,phase_006_subj_15,1.0,,
3,479,6,5,6,5,5,5,1,4,5,4,5,3,1,1,2,1,3,2,2,5,5,5,5,5,4,4,4,5,5,8,8,6,9,7,8,8,6,9,6,5,5,6,6,3,6,1,5,2,3,2,5,3,7,6,6,3,5,5,3,6,3,5,3,7,2,5,5,7,7,6,6,3,2,7,3,7,3,5,Male,phase_006_subj_20,1.0,,
4,422,6,5,6,5,5,5,2,5,4,4,5,2,1,3,2,2,3,2,1,5,4,5,5,5,4,4,5,4,4,6,8,7,7,6,8,8,7,8,6,3,3,7,6,3,5,1,6,3,2,1,6,2,5,6,5,2,3,5,2,7,3,3,2,7,2,6,3,7,7,5,6,6,3,7,3,7,3,6,Male,phase_006_subj_13,1.0,,
5,425,6,5,7,6,5,4,1,4,4,4,4,-3,-3,1,2,3,1,3,2,4,3,5,5,4,1,3,2,2,3,2,3,4,4,2,1,5,6,5,3,6,5,5,2,3,3,2,2,7,4,3,6,3,6,5,5,6,6,4,3,6,5,4,3,5,6,2,7,6,3,2,6,3,7,2,3,2,4,6,Male,phase_006_subj_14,2.0,,
6,440,6,5,7,6,5,4,4,4,4,5,5,1,-2,2,3,1,2,1,3,4,5,4,5,4,4,5,4,5,4,7,6,8,8,7,9,7,8,6,5,5,5,6,5,7,5,7,6,5,6,7,2,7,5,6,6,5,7,7,3,6,1,5,6,5,5,5,7,5,6,6,7,3,6,5,5,7,7,5,Male,phase_006_subj_16,1.0,,
7,358,7,5,5,6,6,5,4,5,5,5,4,3,1,3,2,-2,3,2,1,4,5,5,5,5,4,5,5,4,5,8,7,7,8,5,6,7,8,8,6,6,3,7,7,5,6,2,7,5,6,5,7,2,5,6,6,1,2,7,6,6,6,3,2,7,3,7,7,7,7,3,5,2,2,7,7,6,3,7,Male,phase_006_subj_11,1.0,,
8,312,5,5,6,5,5,5,4,4,4,4,4,1,2,-2,2,1,1,2,1,5,5,4,4,4,4,5,4,4,5,6,8,5,7,6,3,5,6,6,5,2,3,2,2,2,3,5,5,5,3,2,5,3,2,5,3,6,3,2,3,3,2,3,3,3,2,3,6,5,7,5,5,3,3,6,3,3,3,5,Female,phase_006_subj_7,1.0,,
9,604,4,4,4,3,3,4,3,3,4,4,5,1,1,1,2,-1,2,2,2,4,4,5,5,4,4,4,4,5,4,6,7,6,7,6,6,7,8,8,5,4,3,5,5,3,5,5,5,4,4,3,5,2,4,4,4,4,2,4,3,5,5,7,4,7,4,5,5,6,5,5,5,7,4,5,4,6,4,6,Female,phase_006_subj_24,7.0,,
10,536,7,5,7,6,4,4,5,4,5,5,5,2,2,2,3,1,3,2,2,5,4,5,2,4,5,4,4,5,3,4,5,4,6,5,6,4,4,5,4,3,3,5,6,3,5,1,6,5,3,3,6,3,5,5,5,6,5,6,2,3,3,4,4,7,5,6,6,7,5,7,7,4,5,7,6,6,6,6,Male,phase_006_subj_22,1.0,,
11,349,6,3,3,5,2,4,1,3,5,5,4,1,2,1,2,-2,-1,2,2,5,4,5,4,3,4,4,4,4,3,4,7,3,7,4,5,7,7,8,4,3,6,2,3,2,6,1,4,2,5,2,4,4,2,5,4,4,2,3,2,3,4,2,2,3,2,6,6,6,7,5,7,7,4,7,1,2,2,2,Female,phase_006_subj_10,1.0,,
12,14,3,2,2,3,1,5,3,2,4,5,5,2,2,-1,2,-1,2,1,2,5,4,5,5,5,3,4,4,4,3,2,3,3,4,3,3,3,4,4,5,5,2,3,5,2,5,2,5,1,2,2,5,3,3,2,5,2,2,3,2,3,1,1,1,5,3,3,2,7,6,3,3,3,3,5,2,7,3,5,Male,phase_006_subj_1,1.0,,
13,448,4,3,2,3,3,4,2,3,2,2,5,1,-1,1,2,1,2,2,2,5,5,5,5,4,3,4,3,4,3,4,6,6,7,3,4,6,5,7,5,7,5,3,4,5,5,4,5,2,5,3,5,4,3,3,3,4,6,3,3,5,4,3,3,7,3,5,3,6,6,6,7,5,3,6,6,6,3,6,Female,phase_006_subj_19,1.0,,
14,446,6,5,6,6,5,4,3,4,5,5,4,2,1,1,1,1,2,2,2,5,5,5,5,4,3,4,4,5,4,6,7,6,6,5,7,7,8,8,4,7,5,6,5,3,4,1,6,5,5,2,4,3,4,7,5,4,4,5,5,5,6,1,6,5,4,7,7,7,4,2,4,7,4,7,2,7,3,7,Female,phase_006_subj_17,1.0,,
15,364,6,6,7,5,6,5,4,4,5,5,5,-1,-3,3,1,-1,3,2,2,5,5,5,5,4,5,5,4,4,5,8,7,9,8,8,7,7,6,8,6,3,2,6,6,5,7,2,7,5,7,6,7,2,6,4,7,3,3,7,2,6,5,2,2,7,6,6,7,7,7,3,3,2,1,6,7,6,3,7,Male,phase_006_subj_12,1.0,,
16,319,6,6,7,6,6,4,1,4,4,4,5,2,2,1,3,-1,2,2,2,5,5,5,5,4,4,5,4,5,5,6,8,6,8,5,6,8,7,8,5,6,2,3,7,2,6,1,5,2,5,2,7,3,5,4,5,4,2,6,3,5,3,2,2,6,2,7,3,5,6,3,3,3,2,3,1,7,3,3,Male,phase_006_subj_8,1.0,,
17,272,5,5,4,4,3,4,2,3,4,4,4,1,-1,-1,-2,1,2,2,2,5,4,4,3,4,4,3,3,4,3,6,7,5,7,4,6,6,7,6,5,4,3,4,5,2,3,6,5,4,4,3,6,4,2,4,3,5,4,3,3,3,3,6,3,6,5,4,5,6,6,6,7,7,2,5,3,6,3,6,Female,phase_006_subj_5,1.0,,
18,609,3,4,4,3,4,4,3,3,4,4,4,1,2,1,2,1,1,2,2,4,5,4,5,4,4,5,5,4,4,6,6,7,7,5,5,6,7,6,5,6,3,5,5,5,5,7,6,6,4,4,5,5,6,5,5,4,5,6,4,5,3,6,3,5,3,6,5,5,7,6,6,5,3,6,5,3,4,5,Female,phase_006_subj_25,1.0,,
19,496,5,3,5,3,3,5,3,5,4,4,5,2,1,1,2,1,1,3,2,4,4,4,2,3,4,4,3,4,5,5,7,6,8,7,6,8,5,9,4,5,3,5,6,3,6,6,4,5,4,3,5,4,5,3,4,7,5,5,3,3,3,2,3,5,3,6,3,5,3,2,5,3,3,4,2,6,3,3,Female,phase_006_subj_21,1.0,,
20,112,5,5,6,4,3,4,3,5,4,4,5,2,1,2,2,1,3,2,3,5,4,5,4,4,3,3,4,5,4,4,5,4,5,4,2,6,4,5,4,5,5,6,3,2,4,3,6,2,5,2,6,4,2,3,4,6,6,5,3,4,2,2,2,5,3,7,6,6,4,5,5,5,2,5,6,7,3,4,Female,phase_006_subj_4,1.0,,
21,320,3,3,4,2,3,4,3,3,4,3,4,2,1,1,2,-1,1,3,1,4,4,5,4,3,1,3,3,4,4,6,5,6,6,7,7,6,7,7,5,6,4,6,5,5,5,6,4,4,5,4,4,4,5,4,4,7,5,5,5,4,5,5,5,6,4,4,3,6,7,5,5,6,6,3,5,6,5,5,Female,phase_006_subj_9,1.0,,
22,595,6,6,6,6,5,5,3,4,4,5,5,3,-2,2,2,2,3,3,3,5,5,5,5,5,5,5,5,4,4,7,8,7,8,7,7,5,5,5,5,6,3,7,5,5,4,1,5,7,4,3,6,6,3,5,4,2,5,6,5,4,3,5,6,3,7,7,6,7,6,5,6,7,7,7,7,6,5,6,Female,phase_006_subj_23,1.0,,
23,90,6,6,6,4,6,5,4,5,4,4,5,3,2,2,3,1,2,3,3,5,4,5,5,4,4,4,4,4,4,5,5,6,5,3,7,5,5,5,5,7,6,5,6,5,6,2,6,6,6,3,7,1,5,6,5,7,7,6,3,6,3,6,3,7,7,7,7,7,7,6,3,2,2,7,3,7,6,7,Male,phase_006_subj_2,1.0,,
1,574,6,7,5,6,7,5,5,4,4,5,4,1,-3,1,2,2,1,3,2,4,2,5,2,4,2,2,1,4,5,4,7,5,4,4,6,4,6,7,3,6,5,5,2,3,6,3,6,5,6,3,7,5,3,3,6,6,6,6,3,6,5,2,6,5,6,6,7,5,6,3,3,3,7,2,5,6,2,7,Female,phase_007_subj_17,,,
2,170,7,6,6,6,6,5,4,5,5,5,5,3,3,3,2,2,3,3,2,5,5,5,5,4,4,5,4,5,4,6,6,7,7,7,5,6,7,6,7,6,6,7,6,7,6,1,6,6,6,6,6,6,6,4,6,7,7,6,7,7,7,5,7,7,6,7,7,7,7,5,7,7,6,7,7,7,6,7,Male,phase_007_subj_6,,,
3,14,7,6,7,6,6,4,4,5,5,5,5,3,3,2,3,2,3,3,3,5,4,5,5,3,4,4,4,5,4,5,5,7,7,6,5,5,5,6,6,6,1,7,6,6,5,1,6,7,5,6,6,7,6,4,7,7,7,6,6,7,7,6,7,7,6,7,7,7,7,6,7,7,7,7,7,7,6,6,Male,phase_007_subj_1,,,
4,221,7,5,6,7,5,4,4,4,5,4,5,1,-2,2,1,3,2,1,3,4,5,5,5,4,4,5,5,4,5,8,6,8,7,6,9,6,8,7,6,6,5,7,5,6,6,7,5,7,5,6,1,6,6,5,7,7,5,6,3,7,2,5,6,6,5,6,7,6,7,7,5,1,6,6,7,7,6,5,Male,phase_007_subj_8,,,
5,397,3,2,2,3,2,5,3,4,5,5,5,1,-1,-2,1,-2,1,1,-2,5,4,4,5,4,4,2,2,4,2,4,5,6,7,4,4,3,4,5,3,2,2,3,2,2,3,3,3,2,2,2,6,3,2,2,2,6,3,3,2,2,3,3,2,3,3,5,2,6,5,2,6,5,5,2,2,5,2,1,Female,phase_007_subj_11,,,
6,88,6,5,6,5,5,4,4,4,4,4,4,2,1,1,1,1,1,1,2,4,4,4,4,4,4,4,4,4,4,6,7,7,7,6,7,6,7,7,5,6,3,5,5,5,3,5,5,5,5,5,5,5,5,6,5,5,5,5,3,5,3,5,3,5,6,5,6,5,5,6,6,5,3,5,6,5,5,3,Female,phase_007_subj_4,,,
7,601,5,7,5,6,6,4,4,4,5,4,4,-2,-3,2,1,3,2,1,2,4,3,4,5,4,5,4,2,4,5,6,8,7,8,5,9,6,8,6,5,6,5,7,5,6,6,6,5,6,5,6,1,7,5,6,6,5,7,5,3,7,6,5,5,6,6,6,6,7,7,6,5,2,7,5,5,6,5,1,Male,phase_007_subj_19,,,
8,534,7,7,7,7,7,4,4,4,5,5,5,2,1,2,3,1,3,3,3,5,5,5,5,5,4,4,5,5,5,5,5,5,5,7,7,7,5,5,5,1,1,7,5,1,7,7,7,7,7,1,7,2,4,5,5,6,6,3,3,7,2,1,1,7,1,7,1,7,1,1,1,1,1,1,1,7,1,7,Male,phase_007_subj_16,,,
9,447,6,6,4,4,3,4,2,4,2,3,5,1,-1,-1,1,-1,1,1,1,4,4,5,5,4,5,5,5,4,4,6,7,4,7,4,2,5,4,6,6,5,4,3,6,2,4,1,5,3,5,3,6,1,4,4,5,2,6,4,2,5,4,2,1,3,3,5,2,2,6,2,4,1,1,3,2,6,5,3,Male,phase_007_subj_13,,,
10,587,5,4,5,2,1,5,3,4,5,5,4,1,-1,2,2,1,1,2,3,4,3,5,4,2,4,5,4,5,4,4,7,7,7,6,6,6,5,8,6,3,2,4,5,5,6,6,5,3,3,3,5,2,4,3,4,5,2,5,3,3,2,1,3,5,2,3,3,6,6,3,7,3,3,3,2,5,3,3,Female,phase_007_subj_18,,,
11,279,5,4,5,5,3,3,3,2,4,5,4,1,-2,1,1,-1,1,2,1,5,4,5,5,4,3,4,4,4,5,4,6,7,7,4,5,4,6,6,4,3,2,5,5,4,4,5,3,3,3,2,6,6,3,3,3,3,3,5,2,2,3,3,3,3,2,5,3,4,3,2,2,2,1,2,2,3,2,3,Female,phase_007_subj_10,,,
12,73,5,6,6,5,4,4,3,4,4,4,4,1,-1,-2,2,-1,1,1,1,4,3,4,4,3,2,3,4,4,3,3,6,4,4,2,4,3,8,7,5,2,6,4,5,3,2,3,3,5,4,3,3,2,4,5,5,3,6,4,3,4,3,3,5,5,5,2,2,6,5,2,5,1,3,5,2,5,3,4,Female,phase_007_subj_3,,,
13,148,5,5,5,5,4,4,3,3,3,4,4,2,1,1,2,-1,1,1,2,4,3,5,5,2,3,3,3,4,4,7,8,6,8,7,5,5,7,6,4,3,3,3,4,2,5,1,5,2,4,2,5,6,4,4,4,3,3,4,3,4,3,5,3,6,3,4,6,5,4,6,7,4,3,5,3,4,3,5,Female,phase_007_subj_5,,,
14,648,6,5,5,6,5,4,3,4,4,4,5,2,1,2,3,1,2,2,3,5,4,5,5,4,3,4,3,4,5,3,4,4,5,3,4,4,5,4,6,4,2,5,7,2,4,1,5,3,5,3,3,3,3,5,4,3,3,5,2,5,3,3,2,5,3,7,7,7,3,6,7,7,3,5,2,1,1,5,Male,phase_007_subj_21,,,
15,402,5,5,6,5,6,5,4,4,4,4,5,-1,2,1,2,-1,2,2,1,4,4,5,5,5,4,4,5,4,4,7,8,7,8,8,7,8,7,8,5,4,5,4,4,3,5,2,4,4,5,3,6,4,4,6,4,4,5,4,4,5,6,5,3,6,6,5,6,5,6,5,4,6,6,5,5,5,4,6,Male,phase_007_subj_12,,,
1,361,7,6,7,7,6,5,5,5,5,5,5,3,2,2,3,2,3,3,3,5,5,5,5,4,5,4,4,4,5,6,6,5,7,6,5,6,6,6,6,7,6,7,7,7,5,1,6,7,6,6,7,6,7,6,6,7,6,7,6,7,7,6,6,7,7,7,7,7,7,6,7,7,7,7,7,7,6,6,Male,phase_008_subj_11,,,
2,590,7,7,7,7,7,5,5,5,5,5,5,3,1,3,2,3,3,3,3,5,5,5,5,4,5,5,5,4,4,7,7,6,6,5,5,6,8,7,6,6,7,7,7,7,6,1,6,7,7,6,7,7,6,6,7,7,7,7,6,7,7,6,6,7,7,7,7,7,7,6,7,7,7,7,7,7,6,5,Female,phase_008_subj_17,,,
3,630,7,7,7,6,6,5,5,5,5,5,5,3,3,3,1,2,3,3,2,5,4,5,5,4,4,4,4,5,4,7,6,6,7,7,5,7,8,7,7,7,6,7,7,6,6,1,6,7,6,7,7,6,6,5,6,7,6,7,6,7,7,7,5,7,7,7,7,7,7,7,7,7,7,7,7,7,6,7,Male,phase_008_subj_19,,,
4,481,6,6,6,5,4,4,4,5,4,5,5,1,-1,2,2,2,2,-1,1,5,4,5,4,3,4,4,4,3,4,5,7,4,7,5,4,6,6,8,3,6,5,5,6,4,5,6,6,6,6,5,4,7,6,3,6,5,5,6,2,4,4,5,5,5,4,5,5,6,5,5,7,7,3,4,3,6,4,5,Male,phase_008_subj_15,,,
5,203,4,4,4,3,5,4,2,3,4,4,4,1,2,2,2,-1,-1,1,1,3,4,2,3,3,3,3,3,3,3,6,6,5,6,6,5,5,5,6,4,2,6,2,4,2,4,2,4,2,3,3,5,4,1,3,4,4,4,4,3,4,4,4,4,4,4,4,4,5,6,4,7,1,2,5,4,4,4,4,Male,phase_008_subj_5,,,
6,273,7,7,7,7,7,5,5,5,5,5,5,3,1,3,3,3,3,3,3,5,5,5,1,5,5,5,5,5,5,5,5,5,5,5,5,5,5,5,7,7,7,7,7,7,7,1,7,7,7,7,7,7,7,7,7,7,7,7,7,7,7,7,7,7,7,7,7,7,7,7,7,7,7,7,7,7,7,7,Male,phase_008_subj_8,,,
7,470,7,7,7,7,7,5,5,5,5,5,5,3,1,3,3,1,2,3,3,5,5,5,5,5,5,5,5,5,5,5,5,5,6,5,5,5,5,5,7,7,7,7,7,7,7,7,7,7,7,7,7,7,7,7,7,7,7,7,7,7,7,7,7,7,7,7,7,7,7,7,7,7,7,7,7,7,7,7,Male,phase_008_subj_14,,,
8,106,7,7,7,6,7,5,4,5,5,5,5,3,2,3,3,3,3,2,3,5,5,5,5,4,4,5,4,5,5,6,6,6,8,7,6,6,7,7,6,7,6,7,7,7,6,1,7,6,6,7,7,7,6,6,7,7,6,7,6,7,7,7,6,7,7,7,7,7,7,6,7,7,7,7,7,7,5,7,Male,phase_008_subj_1,,,
9,405,7,6,7,6,6,5,4,5,5,5,5,3,3,3,2,2,3,3,3,5,4,5,5,4,5,4,4,4,4,7,6,7,6,6,5,6,7,7,7,7,7,7,7,6,7,1,7,7,6,5,7,7,6,6,7,7,7,7,7,7,7,6,6,7,6,7,7,7,7,6,7,7,7,7,7,7,5,7,Male,phase_008_subj_12,,,
10,139,6,5,7,6,4,4,4,4,5,5,4,2,1,1,-1,1,3,3,3,5,5,5,5,3,4,4,4,4,5,5,6,5,6,4,6,7,6,6,4,7,3,7,6,4,6,1,7,7,5,5,6,6,4,5,4,7,5,4,7,5,3,6,5,6,7,7,7,7,7,7,6,7,7,7,7,7,7,6,Female,phase_008_subj_2,,,
11,417,6,6,7,6,7,5,1,4,4,4,5,2,2,3,2,1,3,3,2,5,5,5,5,4,4,4,4,5,4,5,5,6,7,4,7,7,5,8,6,3,1,3,6,3,6,1,5,1,5,2,6,2,2,4,5,3,2,4,3,5,3,3,2,6,3,7,3,7,7,2,4,4,2,5,2,7,3,5,Female,phase_008_subj_13,,,
12,176,6,5,6,5,5,4,3,5,4,4,5,2,-2,1,1,-1,2,2,2,5,4,5,2,4,4,5,4,5,4,6,8,5,7,4,7,6,6,7,5,5,4,3,6,2,4,3,6,6,3,3,5,2,3,5,5,5,4,6,1,5,2,3,3,6,3,6,3,7,3,3,3,5,2,3,3,3,3,4,Male,phase_008_subj_4,,,
13,539,5,3,5,3,1,4,3,4,4,5,5,1,-1,1,1,-1,2,2,2,4,4,5,4,3,4,4,4,3,4,3,6,4,6,5,4,5,5,6,5,6,5,5,5,4,5,1,5,5,4,5,6,3,3,3,6,5,6,4,5,5,2,3,2,5,5,6,6,5,6,5,5,5,2,5,3,6,3,3,Female,phase_008_subj_16,,,
14,618,3,2,3,3,1,5,2,4,5,5,5,2,-1,-2,3,-2,2,3,2,5,5,5,5,5,4,4,2,5,4,8,8,7,7,4,4,6,6,8,3,6,2,3,7,2,7,1,6,3,2,3,3,6,3,3,2,7,2,5,2,5,7,3,7,7,5,7,7,7,7,6,6,7,6,7,2,7,3,6,Female,phase_008_subj_18,,,
15,240,3,2,2,1,2,5,2,3,4,5,5,2,1,1,2,1,3,2,3,3,4,5,4,5,4,3,4,5,4,6,7,7,8,6,7,6,5,8,4,3,3,2,3,1,5,1,5,2,3,1,5,2,2,3,3,4,5,1,2,2,1,1,3,5,2,7,3,7,3,4,5,5,2,7,3,6,3,3,Female,phase_008_subj_6,,,
16,651,5,4,5,6,3,4,3,5,4,5,4,1,-1,1,1,2,3,3,2,4,5,5,5,4,3,4,3,5,4,6,6,7,8,5,5,5,6,7,5,6,3,6,5,2,5,1,6,3,3,3,5,4,3,6,4,6,1,5,7,5,4,5,3,6,5,5,7,6,7,5,7,6,6,5,6,6,3,5,Male,phase_008_subj_20,,,
17,253,7,6,6,5,6,5,4,4,5,5,5,2,-2,2,-3,2,3,2,3,5,5,5,5,4,3,5,3,4,5,7,8,5,8,8,6,8,5,6,5,5,3,6,7,7,6,6,7,5,6,5,7,3,6,6,7,7,7,6,3,5,2,7,2,7,6,6,7,7,7,7,7,2,5,6,1,7,3,7,Female,phase_008_subj_7,,,
18,336,5,5,5,4,4,5,4,5,5,5,5,3,-3,3,3,3,3,3,3,5,5,5,5,5,5,5,5,5,5,5,5,6,5,5,8,6,8,8,7,7,3,7,7,7,7,3,7,6,5,7,6,7,7,7,7,7,6,7,6,7,4,2,3,5,7,7,7,7,7,7,3,7,6,7,7,7,7,7,Male,phase_008_subj_10,,,
1,65,7,7,7,7,7,5,5,5,5,5,5,3,3,3,3,3,3,3,3,5,5,5,5,5,4,4,4,4,5,8,7,7,7,7,5,7,7,6,7,7,7,7,7,7,6,1,7,7,7,6,7,7,7,7,7,7,7,7,7,7,7,7,5,7,7,7,7,7,7,7,7,7,7,7,7,7,7,7,Male,phase_009_subj_4,,,
2,249,7,7,7,7,6,5,5,5,5,5,5,3,2,3,3,3,3,3,3,5,5,5,5,5,4,5,4,5,5,7,7,8,8,7,7,7,7,7,7,7,7,7,7,7,6,1,7,7,7,7,7,6,7,6,7,7,7,7,7,7,7,7,6,7,7,7,7,7,7,7,7,7,7,7,7,7,6,7,Male,phase_009_subj_11,,,
3,498,7,7,7,7,7,5,5,5,5,5,5,3,2,3,3,3,3,3,3,5,5,5,5,5,4,4,4,5,5,7,7,6,8,8,6,7,8,7,7,7,7,7,7,7,7,1,7,7,7,6,7,7,6,6,7,7,7,7,7,7,7,7,6,7,7,7,7,7,7,6,7,7,7,7,7,7,6,7,Male,phase_009_subj_19,,,
4,356,6,5,7,5,5,5,4,4,2,5,5,3,2,2,-2,-1,2,3,2,5,4,5,5,5,4,4,2,4,4,4,6,7,7,3,7,6,4,7,5,5,6,6,5,1,3,1,6,6,6,1,6,3,2,5,5,6,5,6,2,5,3,2,2,5,2,7,3,6,3,2,3,1,3,3,2,2,3,2,Male,phase_009_subj_13,,,
5,235,3,3,3,3,3,4,4,4,4,4,4,2,2,2,2,2,2,2,2,4,4,4,4,4,4,4,4,4,4,6,6,6,6,5,4,4,5,5,5,3,5,3,5,3,5,3,5,3,3,3,5,3,5,3,5,3,5,3,2,3,5,6,2,6,5,6,2,6,6,2,6,5,5,5,5,3,3,5,Male,phase_009_subj_10,,,
6,423,3,3,4,3,2,4,3,2,4,4,4,1,1,-1,2,-1,-1,1,1,4,4,5,5,4,4,4,4,4,4,6,7,5,6,5,6,6,6,7,4,3,1,4,5,3,5,3,4,3,4,3,5,2,4,3,3,3,2,4,3,4,3,6,3,7,3,5,4,6,5,5,3,6,5,5,3,5,3,4,Female,phase_009_subj_16,,,
7,169,3,3,3,3,2,4,3,2,4,4,4,1,2,-1,2,-1,1,2,1,4,5,5,5,4,4,4,4,5,3,6,7,5,6,5,6,7,6,7,4,2,2,4,5,3,4,3,3,3,4,3,5,2,4,3,3,3,2,4,4,4,5,7,3,7,3,5,4,6,5,5,5,7,5,5,3,5,3,4,Female,phase_009_subj_9,,,
8,523,7,7,7,7,7,5,5,5,5,5,5,3,3,2,3,3,3,3,3,5,5,5,5,5,5,5,4,4,5,6,6,7,7,6,5,7,7,6,7,7,7,7,7,6,7,1,7,7,7,6,7,7,7,6,7,7,7,7,7,7,7,7,7,7,7,7,7,7,7,7,7,7,7,7,7,7,6,7,Male,phase_009_subj_20,,,
9,24,5,5,6,5,6,4,3,5,4,4,4,2,1,2,2,-2,2,2,3,4,4,5,4,4,3,4,3,3,4,6,7,8,7,6,7,8,8,7,6,5,2,5,5,4,6,5,6,5,5,4,5,5,6,5,5,6,5,5,3,6,5,5,6,4,7,5,6,6,7,6,6,5,6,6,6,6,6,6,Male,phase_009_subj_3,,,
10,137,5,5,5,6,5,4,3,5,4,4,4,3,1,2,1,2,2,3,1,5,4,5,5,5,4,3,3,5,4,7,8,8,6,5,7,7,7,6,5,7,3,6,6,6,5,3,7,5,4,2,6,3,6,6,5,4,3,7,3,5,6,7,6,7,6,7,6,7,7,5,5,7,2,5,5,6,3,6,Female,phase_009_subj_8,,,
11,586,5,6,7,5,6,4,3,5,4,5,4,2,1,2,3,-2,2,2,3,4,5,5,4,4,5,4,4,5,4,4,6,6,6,5,4,4,6,7,5,5,3,4,6,4,6,5,6,5,5,3,6,5,4,5,5,5,5,5,4,6,5,2,6,5,6,6,6,5,7,6,5,6,5,6,6,6,6,6,Male,phase_009_subj_21,,,
12,15,5,6,5,5,2,4,4,4,4,5,4,2,-3,2,1,2,1,2,2,4,4,5,4,4,4,5,4,5,5,6,6,4,4,2,6,7,6,8,5,5,3,3,6,2,7,1,6,5,3,2,6,1,3,2,5,7,5,2,2,2,2,2,1,5,2,5,5,6,5,2,3,6,1,6,6,7,3,3,Female,phase_009_subj_2,,,
13,87,5,5,6,5,5,4,2,4,4,4,5,2,1,2,3,1,1,2,1,5,4,5,4,4,4,4,4,4,5,5,6,4,6,5,6,5,4,6,5,5,3,3,6,3,5,1,6,3,6,3,5,5,5,5,5,3,6,6,2,6,3,3,3,6,3,6,5,6,5,5,6,5,3,5,6,5,3,5,Female,phase_009_subj_5,,,
14,11,7,5,6,6,5,4,4,5,4,5,4,1,2,2,3,1,2,2,3,5,4,5,4,4,3,4,4,5,4,5,7,4,7,4,6,5,6,6,5,6,5,7,6,5,5,5,5,6,6,5,2,5,6,5,6,6,5,5,5,6,6,5,5,7,6,6,5,6,7,6,6,5,5,6,6,5,5,7,Female,phase_009_subj_1,,,
15,403,6,5,6,5,5,5,2,5,5,5,5,2,1,3,2,1,1,2,1,4,5,5,2,4,5,3,4,5,4,6,5,5,6,6,5,6,6,5,5,6,6,7,6,6,5,7,6,6,6,5,7,7,5,6,7,5,7,7,7,6,6,5,6,6,7,5,7,7,7,6,5,7,7,7,6,6,7,5,Female,phase_009_subj_15,,,
16,313,6,6,7,6,6,4,3,4,5,5,4,2,2,2,3,2,2,2,2,4,4,5,5,5,4,4,5,4,4,5,7,7,7,7,8,6,8,8,5,6,2,6,5,5,5,1,6,5,5,3,6,3,6,6,5,7,2,6,7,6,3,7,6,7,7,5,7,6,7,7,7,7,7,7,3,7,6,6,Female,phase_009_subj_12,,,
17,130,5,4,5,2,2,2,4,4,4,2,5,2,1,-1,-2,1,2,2,3,5,4,5,4,4,3,4,4,5,4,3,4,5,7,2,3,5,7,5,5,5,2,5,5,3,2,2,7,3,3,2,3,6,5,5,3,6,5,5,3,3,3,2,3,6,5,5,6,7,7,3,7,5,2,5,3,6,3,3,Female,phase_009_subj_7,,,
18,628,3,3,3,4,4,3,4,3,4,4,5,3,-1,-1,-2,-1,1,2,2,5,4,5,4,4,3,4,2,1,3,4,5,4,5,4,3,2,5,4,3,6,3,4,5,3,4,4,3,4,4,3,3,2,2,5,4,4,3,3,4,5,4,3,3,6,4,6,5,7,4,7,6,1,4,4,2,6,2,7,Female,phase_009_subj_22,,,
19,632,5,4,5,2,3,4,4,4,5,5,5,1,-1,2,2,1,1,3,1,4,3,5,3,2,5,4,4,4,5,5,6,6,8,7,7,6,5,7,5,2,3,4,5,3,6,6,5,3,4,3,5,2,4,3,5,2,5,5,3,4,2,3,3,5,2,5,1,5,5,4,3,2,3,3,2,5,3,3,Male,phase_009_subj_23,,,
20,378,7,7,7,7,1,5,2,5,5,5,5,-3,-2,-1,-3,-3,-1,-3,1,5,5,5,5,5,3,1,1,3,1,1,5,9,5,2,1,1,1,3,7,3,1,4,7,2,7,7,5,1,1,1,5,1,5,1,7,4,2,7,1,1,1,1,1,7,1,5,7,7,1,7,7,1,1,1,7,7,1,4,Male,phase_009_subj_14,,,
21,104,3,2,2,3,3,4,4,4,4,4,4,-2,2,-1,3,-2,-2,-1,-1,4,5,5,5,5,4,4,5,4,4,4,4,3,4,2,2,3,2,4,6,3,2,2,5,1,2,7,3,2,2,1,5,3,2,5,2,3,5,2,2,2,2,3,3,2,2,6,3,3,2,3,7,2,1,3,2,2,6,3,Female,phase_009_subj_6,,,
22,484,5,4,4,2,1,4,1,3,4,2,5,2,2,-2,2,-3,-1,2,1,5,4,5,4,4,4,4,3,4,5,5,5,7,6,8,7,5,4,5,6,1,2,2,1,1,6,1,4,1,5,1,5,2,5,6,4,3,3,1,2,6,3,2,1,6,6,6,7,6,3,4,7,3,1,6,3,7,1,6,Male,phase_009_subj_18,,,
1,576,7,7,7,7,6,5,5,5,5,5,5,3,2,3,2,3,3,3,3,5,5,5,5,5,5,5,4,5,5,7,7,7,6,6,5,7,8,7,7,7,7,7,7,7,7,1,7,7,7,7,7,7,7,7,7,7,6,7,7,7,7,7,6,7,7,7,7,7,7,7,7,7,7,7,7,7,6,7,Male,phase_010_subj_19,,,
2,576,7,7,7,7,7,5,5,5,5,5,5,3,3,3,3,3,3,3,3,5,5,5,5,5,5,4,5,5,4,8,7,8,7,8,7,7,8,8,7,7,7,7,7,6,6,1,7,7,7,7,7,7,7,7,7,7,7,7,7,7,7,7,7,7,7,7,7,7,7,7,7,7,7,7,7,7,7,7,Male,phase_010_subj_18,,,
3,658,7,7,7,7,7,5,5,5,5,5,5,3,2,3,3,3,3,3,3,5,5,5,5,5,5,4,4,5,4,7,6,8,8,7,6,6,8,6,7,7,7,7,7,6,7,1,7,7,7,7,7,7,6,7,7,7,7,7,7,7,7,7,7,7,6,7,7,7,7,7,7,7,7,7,7,7,6,7,Male,phase_010_subj_23,,,
4,268,7,7,7,7,7,5,4,5,5,5,5,3,2,3,3,2,3,3,3,5,5,5,5,5,5,5,5,5,5,6,7,7,8,7,5,7,8,7,7,7,7,7,7,6,7,1,7,7,7,7,7,7,7,7,7,7,7,7,7,7,7,7,7,7,7,7,7,7,7,6,7,7,7,7,7,7,7,7,Male,phase_010_subj_9,,,
5,482,7,7,7,7,6,5,5,5,5,5,5,3,3,3,3,3,3,3,3,5,5,5,5,5,5,5,4,4,5,7,7,8,7,6,6,8,8,7,7,7,7,7,7,6,7,1,7,7,7,7,7,7,7,6,7,7,7,7,7,7,7,7,7,7,6,7,7,7,7,7,7,7,7,7,7,7,6,7,Male,phase_010_subj_15,,,
6,700,7,7,7,7,7,5,5,5,5,5,5,3,3,3,3,3,3,3,3,5,5,5,5,5,4,5,4,5,4,7,7,8,8,7,7,7,8,8,7,7,7,7,7,7,7,1,7,7,7,6,7,7,7,7,7,7,7,7,7,7,7,7,6,7,7,7,7,7,7,6,7,7,7,7,7,7,7,7,Male,phase_010_subj_25,,,
7,466,7,7,7,6,6,5,5,5,5,5,5,3,3,3,3,3,3,3,3,5,5,5,5,5,5,5,5,5,5,7,6,7,7,7,6,8,7,7,7,7,7,7,7,7,7,1,7,7,7,7,7,7,7,7,7,7,6,7,7,7,7,7,7,7,7,7,7,7,7,6,7,7,7,7,7,7,6,7,Male,phase_010_subj_14,,,
8,140,6,5,7,6,5,4,4,4,4,5,4,-1,-3,2,1,3,1,2,3,4,5,5,4,4,5,4,4,5,4,8,6,7,7,8,9,7,8,6,5,6,6,7,5,7,6,5,5,6,6,6,3,7,5,7,6,5,7,6,3,7,3,6,6,7,5,6,7,6,6,5,7,2,5,6,7,7,6,6,Female,phase_010_subj_3,,,
9,235,7,7,7,7,7,5,5,5,5,5,5,3,3,3,3,3,3,3,3,5,5,5,5,5,5,5,5,5,5,6,5,5,5,5,5,5,5,5,7,7,7,7,7,7,7,1,7,7,7,7,7,7,7,7,7,7,1,7,7,7,7,7,7,7,7,7,7,7,7,7,7,7,7,7,7,7,7,7,Male,phase_010_subj_6,,,
10,257,3,4,4,3,4,4,4,3,4,5,5,2,-2,-1,2,1,2,2,2,4,5,5,4,4,3,3,3,4,4,7,8,6,8,7,7,8,7,8,2,5,4,5,3,4,3,5,5,5,4,4,5,3,6,4,3,6,2,5,5,4,5,5,5,5,5,6,6,1,6,4,4,5,5,4,7,3,4,5,Male,phase_010_subj_7,,,
11,637,3,3,3,3,3,4,4,4,4,4,4,2,2,-1,2,-1,2,2,2,4,4,4,4,4,4,4,4,4,4,4,4,5,5,3,4,4,5,5,5,3,5,3,5,3,5,3,3,3,3,3,5,3,3,5,5,6,3,5,3,3,3,3,3,5,3,5,6,5,6,5,3,5,3,5,3,5,3,5,Female,phase_010_subj_22,,,
12,610,3,3,3,3,3,4,4,4,4,4,4,2,-1,1,2,1,2,2,1,4,4,4,4,4,4,4,4,4,4,5,5,5,5,5,4,5,4,5,5,3,5,5,5,3,5,3,5,5,4,3,5,3,5,5,5,5,5,5,3,3,3,5,3,5,5,5,5,5,5,5,5,5,3,4,5,6,2,6,Male,phase_010_subj_21,,,
13,689,6,5,7,6,5,5,4,4,5,4,5,-2,-3,2,3,1,2,3,3,4,5,5,5,4,5,4,4,5,4,8,6,8,7,6,9,7,8,6,6,6,7,5,5,7,6,7,5,6,6,7,3,6,6,7,5,6,6,7,2,7,2,5,7,5,6,5,7,7,6,6,5,2,7,5,5,7,5,5,Male,phase_010_subj_24,,,
14,27,6,5,6,4,2,5,3,4,4,5,5,2,1,-1,1,2,1,2,1,5,4,5,5,5,4,4,5,4,4,4,6,3,6,3,2,4,2,3,6,3,4,3,6,3,3,2,5,4,3,2,5,3,1,5,2,4,6,3,2,3,2,1,2,3,3,7,3,7,3,2,5,1,1,1,3,3,2,3,Female,phase_010_subj_1,,,
15,445,6,6,7,5,5,5,2,5,4,5,5,2,2,1,2,1,3,2,3,5,5,5,5,5,5,4,5,5,4,7,7,8,9,6,8,8,6,8,6,3,5,5,6,3,6,2,7,2,3,2,6,3,7,6,6,3,5,6,3,3,3,2,2,7,3,6,3,6,6,5,5,2,2,5,3,7,2,6,Male,phase_010_subj_13,,,
16,137,4,3,3,3,2,4,3,2,5,5,4,1,2,-1,1,-1,-1,1,1,5,4,5,4,4,4,4,4,4,3,6,7,6,7,6,6,7,6,7,4,3,2,4,4,3,4,3,4,3,4,3,5,3,4,4,3,3,2,4,4,4,4,6,3,7,5,5,5,6,5,5,5,6,5,5,4,6,3,5,Female,phase_010_subj_2,,,
17,587,6,4,5,6,5,5,3,4,5,5,5,2,1,1,2,-2,2,1,2,5,5,5,4,5,4,3,4,5,4,5,7,4,4,5,4,3,5,4,4,2,2,1,5,2,3,1,6,5,1,2,5,1,2,5,2,4,5,2,1,3,2,1,1,4,3,6,3,7,2,2,3,1,1,1,2,3,1,2,Female,phase_010_subj_20,,,
18,403,3,3,2,3,2,4,3,2,4,4,4,1,1,-1,1,-1,-1,1,1,4,4,5,4,4,4,4,4,4,3,6,7,6,8,5,6,7,7,7,4,3,2,4,4,3,4,3,3,3,4,3,5,3,4,4,4,3,2,4,4,4,3,6,3,7,4,5,5,6,5,5,5,6,5,5,4,5,3,4,Female,phase_010_subj_12,,,
19,398,7,5,6,7,6,5,5,4,5,4,4,-3,-1,2,1,3,2,1,1,4,5,4,5,4,5,2,2,1,5,8,6,7,7,6,9,7,8,6,5,6,6,6,7,6,5,5,7,6,5,5,1,6,5,6,7,7,5,5,3,7,2,5,7,5,6,6,5,7,6,5,7,3,6,5,5,6,7,5,Male,phase_010_subj_11,,,
20,504,5,4,4,3,5,5,2,4,5,5,5,3,2,1,-1,-1,1,2,2,5,5,5,1,5,4,4,4,5,4,5,5,5,5,3,3,4,6,6,5,6,3,5,5,2,6,3,5,4,4,3,5,5,5,6,6,1,4,4,3,4,3,7,4,7,6,7,7,7,3,4,5,6,1,5,2,7,6,7,Male,phase_010_subj_16,,,
21,395,6,7,6,6,5,5,2,4,4,4,5,2,1,2,3,1,2,3,2,5,5,5,5,5,4,5,5,5,4,8,8,7,8,6,6,7,5,8,6,3,5,6,6,3,6,1,6,3,2,2,7,3,6,6,6,3,3,6,2,5,3,3,2,7,3,6,5,7,7,6,5,3,2,5,3,7,2,5,Male,phase_010_subj_10,,,
22,538,3,3,3,3,2,5,3,3,4,4,5,2,1,-1,2,-1,-1,2,-1,5,5,3,2,4,4,4,4,3,3,6,8,6,7,7,6,7,6,7,5,2,4,3,5,3,5,2,3,2,4,3,6,5,4,4,4,4,3,5,3,4,5,6,4,4,5,5,5,5,7,5,6,3,2,4,2,5,3,5,Female,phase_010_subj_17,,,
1,569,7,7,7,7,7,5,5,5,5,5,5,3,3,3,2,3,3,3,3,5,5,5,5,5,4,5,5,5,5,7,7,8,7,7,6,8,8,8,7,7,7,7,7,6,7,1,7,7,7,7,7,7,6,7,7,7,7,7,7,7,7,7,7,7,7,7,7,7,7,7,7,7,7,7,7,7,6,7,Male,phase_011_subj_22,,,
2,193,7,7,7,7,6,5,5,5,5,5,5,3,2,3,3,3,3,3,3,5,5,5,5,5,4,4,5,4,4,7,8,7,7,8,6,8,9,8,7,7,7,7,7,6,7,1,7,7,6,7,7,7,7,7,7,7,6,7,7,7,7,7,7,7,7,7,7,7,7,6,7,7,7,7,7,7,7,7,Male,phase_011_subj_3,,,
3,308,6,5,7,7,6,5,4,5,5,5,5,3,-2,3,2,2,3,1,3,5,5,5,4,5,4,5,5,4,5,7,8,7,8,7,7,6,8,7,7,6,2,7,7,5,7,1,6,6,6,3,7,6,5,7,6,2,2,7,3,6,2,2,3,7,5,7,7,7,7,3,4,1,2,7,7,6,5,7,Male,phase_011_subj_9,,,
4,291,6,6,6,6,4,3,2,4,4,3,4,2,1,2,1,-1,2,2,2,4,5,5,5,4,3,4,4,5,4,8,6,7,9,5,6,9,5,6,6,6,7,7,6,3,7,1,4,5,7,4,6,7,5,7,5,4,7,6,2,7,2,2,1,6,7,7,7,7,7,7,2,4,2,7,7,7,3,7,Male,phase_011_subj_8,,,
5,313,6,7,7,5,6,5,4,5,5,5,4,2,-1,3,2,1,3,3,2,5,4,5,5,4,5,5,5,4,5,7,8,6,8,6,7,7,7,8,6,6,2,7,6,5,7,2,6,6,7,6,6,3,7,5,7,1,3,7,2,5,1,1,1,7,6,5,7,7,7,5,3,2,2,7,7,6,6,5,Male,phase_011_subj_10,,,
6,697,6,5,6,5,3,4,2,5,5,5,5,1,2,1,1,-1,2,1,2,5,4,5,5,4,4,4,4,5,4,4,6,5,6,4,5,5,6,6,5,6,5,5,6,3,5,6,5,5,3,3,6,2,5,3,6,3,5,5,2,5,3,3,2,5,2,6,5,6,5,5,3,6,2,5,2,7,3,5,Female,phase_011_subj_25,,,
7,46,6,5,6,7,5,5,2,5,5,4,5,2,-1,2,2,2,3,2,3,5,4,5,4,4,5,4,5,5,4,6,5,6,7,6,7,7,6,6,6,6,3,6,6,6,7,1,6,5,5,5,6,2,7,6,6,6,1,5,6,6,5,7,5,6,6,6,5,7,5,5,6,3,6,6,6,6,6,7,Female,phase_011_subj_1,,,
8,541,5,5,4,2,3,2,2,3,4,5,4,1,2,-1,1,-2,2,1,2,5,4,5,4,4,3,4,3,3,4,6,8,4,6,3,4,8,3,5,5,3,3,2,4,3,2,5,5,2,3,2,5,3,2,3,3,4,6,3,2,3,3,1,2,3,3,4,7,7,6,3,7,3,3,2,3,6,2,3,Female,phase_011_subj_20,,,
9,651,4,5,5,4,3,4,4,5,3,4,4,1,2,-1,1,1,2,2,1,4,5,4,4,4,3,3,3,5,4,5,6,4,6,5,5,6,5,8,3,6,5,5,5,4,2,5,5,5,5,4,6,4,5,6,4,5,6,4,4,5,3,4,5,6,3,6,5,6,6,5,5,6,3,6,5,5,4,6,Female,phase_011_subj_24,,,
10,272,7,6,6,7,6,5,4,4,5,5,5,2,3,2,-3,2,3,2,3,5,5,5,4,5,4,5,4,5,4,7,8,8,8,7,9,3,8,9,6,5,6,1,6,3,7,7,6,6,3,1,3,1,3,6,6,6,7,2,2,7,2,2,1,6,5,7,5,6,6,6,2,2,1,6,1,7,3,2,Male,phase_011_subj_5,,,
11,269,6,4,5,6,5,3,2,4,4,4,4,1,-2,1,-1,2,2,1,2,4,5,4,4,4,3,4,3,5,4,4,6,7,7,4,3,5,6,7,5,5,5,2,4,2,6,4,5,4,6,1,6,1,4,4,5,6,6,2,3,2,2,3,2,4,3,2,6,4,7,6,3,4,2,5,2,7,3,6,Male,phase_011_subj_4,,,
12,461,4,3,4,2,5,4,2,4,4,4,5,1,-1,-1,2,-1,1,2,2,4,4,5,4,4,3,4,4,4,4,3,6,6,5,4,6,6,7,6,4,5,3,3,5,3,6,1,5,3,5,3,5,4,3,3,3,6,3,5,3,3,3,2,3,5,3,6,5,3,6,5,3,2,3,5,3,3,3,5,Female,phase_011_subj_17,,,
13,283,5,4,4,3,2,4,2,3,4,4,5,2,-2,-1,1,-1,2,2,2,4,4,5,5,5,3,3,4,4,3,4,6,4,6,4,5,6,6,7,5,5,6,3,3,3,5,5,5,5,3,2,6,3,2,5,5,5,5,3,3,5,4,3,4,6,3,6,3,6,6,5,6,5,4,5,3,5,6,5,Female,phase_011_subj_7,,,
14,438,5,4,5,4,3,5,3,4,4,5,5,2,1,1,2,1,2,3,2,5,4,5,4,5,4,4,3,5,4,5,7,5,5,4,4,4,4,5,5,5,3,4,5,2,5,3,4,2,4,4,6,3,5,4,5,3,5,4,2,4,3,4,3,7,3,5,3,7,3,4,7,3,2,6,1,7,3,2,Male,phase_011_subj_13,,,
15,275,4,5,5,4,3,4,4,3,4,4,4,2,1,-1,2,1,1,2,2,4,5,4,4,4,4,5,4,4,5,5,6,6,7,5,5,6,6,6,5,5,4,5,5,2,4,5,5,3,3,2,5,6,5,5,5,4,5,2,3,3,3,3,2,5,3,6,3,6,3,3,3,3,3,5,2,6,3,4,Female,phase_011_subj_6,,,
16,180,4,3,4,3,3,2,3,3,4,3,4,2,-2,2,2,-1,2,2,2,4,4,5,5,4,3,4,4,4,4,7,6,7,8,7,8,7,7,7,2,5,5,3,5,3,6,2,5,4,5,3,6,3,5,3,5,3,6,5,2,6,2,5,2,3,3,5,5,5,3,3,5,6,3,3,2,3,2,5,Female,phase_011_subj_2,,,
17,649,4,3,3,3,3,4,3,3,2,3,4,-1,1,-1,1,-1,1,1,1,5,4,5,5,4,3,3,2,2,2,4,6,6,6,5,6,7,7,7,5,5,5,5,5,4,5,6,4,3,4,3,4,4,4,3,4,4,5,5,3,5,3,3,3,6,6,6,7,7,4,6,6,3,4,4,6,2,3,6,Male,phase_011_subj_23,,,
18,440,4,4,3,3,1,5,2,3,5,5,5,3,1,1,-1,-1,1,1,3,5,5,5,4,3,4,3,3,2,3,5,4,4,7,4,3,5,5,7,7,3,1,3,5,1,7,1,3,3,3,1,5,7,5,1,3,7,5,1,1,4,3,2,6,4,6,7,7,7,3,7,7,2,1,7,3,7,1,7,Male,phase_011_subj_14,,,
19,529,3,4,3,2,1,4,2,3,4,5,5,1,2,2,1,2,3,2,1,3,5,5,4,5,4,4,5,4,5,6,8,5,7,8,6,7,6,8,5,4,5,4,3,2,5,1,6,3,4,3,6,2,3,4,5,4,5,2,3,6,2,3,4,5,2,5,5,7,5,3,4,5,2,6,3,7,2,4,Female,phase_011_subj_19,,,
20,446,4,2,4,3,2,5,2,4,5,5,5,2,-2,-1,2,-1,1,3,2,5,4,5,5,4,3,3,2,2,3,5,7,4,7,4,3,5,5,5,3,3,3,4,4,2,3,3,4,2,2,3,5,5,2,4,4,5,4,4,2,3,5,4,2,6,3,6,4,7,4,6,5,5,3,5,2,7,3,4,Female,phase_011_subj_16,,,
21,472,5,5,6,4,2,4,2,4,4,4,5,1,-2,2,1,1,2,1,1,4,4,5,4,3,4,4,4,2,3,4,3,4,4,3,5,4,5,4,3,6,5,3,4,2,5,1,5,5,4,3,6,3,3,3,5,5,5,3,4,5,2,2,2,5,3,6,6,5,6,5,6,6,2,5,2,5,3,3,Female,phase_011_subj_18,,,
1,345,7,7,7,7,7,5,5,5,5,5,5,3,2,3,3,3,3,3,3,5,5,5,5,5,5,5,5,5,5,8,8,8,7,8,6,8,8,8,7,7,7,7,7,6,7,1,7,7,7,7,7,7,7,7,7,7,7,7,7,7,7,7,7,7,7,7,7,7,7,7,7,7,7,7,7,7,6,7,Male,phase_012_subj_8,,,
2,451,5,7,6,5,7,4,4,4,5,5,5,-2,-1,2,3,1,2,3,1,5,4,4,5,4,5,4,2,4,5,8,6,7,7,6,9,7,9,6,5,6,5,6,6,6,5,7,6,5,6,6,1,6,6,6,7,5,6,7,2,7,3,6,6,6,5,7,6,6,7,5,5,1,6,5,5,7,6,1,Male,phase_012_subj_12,,,
3,363,3,3,2,2,2,4,2,3,4,4,5,2,1,2,2,-1,1,1,2,4,4,4,5,5,5,5,5,5,5,8,7,8,6,6,6,6,8,8,6,2,6,5,4,3,3,2,5,2,1,3,6,2,5,5,5,3,6,2,3,6,5,3,3,5,5,5,5,6,5,6,7,7,6,5,5,5,3,6,Female,phase_012_subj_10,,,
4,690,3,2,3,2,2,4,3,3,5,4,5,-2,-1,1,1,-3,1,2,1,5,4,5,4,5,3,4,4,4,3,7,7,8,8,5,8,8,7,7,4,5,3,3,3,2,5,1,3,3,2,2,5,3,2,4,4,3,5,3,2,3,2,3,2,5,3,6,6,7,7,6,3,3,2,5,3,6,2,6,Male,phase_012_subj_20,,,
5,533,5,5,5,3,5,4,2,5,3,4,5,1,1,-1,2,1,1,2,2,5,4,5,5,5,4,4,3,5,4,4,6,5,7,5,4,4,6,5,5,3,3,3,4,2,6,3,5,2,3,1,5,3,3,3,5,6,2,3,3,4,3,6,5,7,3,6,7,6,7,6,5,6,6,7,3,7,3,3,Female,phase_012_subj_16,,,
6,131,6,6,6,3,2,5,4,5,5,5,5,1,-1,2,1,2,3,2,2,5,5,5,5,4,4,5,5,4,4,4,4,4,6,6,6,6,6,7,7,7,6,7,7,7,7,3,7,7,3,2,5,7,5,6,7,2,7,7,2,5,2,3,3,7,7,7,7,7,7,6,2,6,2,6,1,7,3,7,Female,phase_012_subj_2,,,
7,189,4,3,3,2,5,4,4,4,5,5,4,2,-1,2,2,2,2,2,1,5,5,5,5,4,4,4,3,4,4,6,4,7,7,3,6,7,8,6,2,6,6,7,6,6,6,2,6,5,5,2,3,6,1,6,5,2,6,6,2,5,2,4,3,6,5,6,6,5,3,6,6,2,2,5,2,6,3,6,Female,phase_012_subj_5,,,
8,399,6,6,6,7,7,2,2,3,4,5,4,2,-1,1,1,1,-1,1,2,4,4,5,5,3,4,5,5,4,4,6,7,3,7,2,4,6,4,7,3,5,5,3,6,5,6,3,5,6,6,2,3,5,3,2,5,3,6,6,2,6,2,7,3,6,3,6,7,6,3,4,7,6,1,6,7,3,1,5,Female,phase_012_subj_11,,,
9,698,6,6,6,5,3,4,3,4,4,4,4,2,1,2,2,2,2,2,2,5,5,5,5,4,4,4,4,4,4,5,5,5,6,5,6,6,6,7,6,6,2,6,5,3,5,4,5,5,3,3,4,3,5,5,5,7,5,5,6,5,5,5,3,5,6,5,6,7,7,7,6,5,6,6,6,6,6,6,Female,phase_012_subj_21,,,
10,514,3,1,2,3,2,4,3,2,3,4,5,-2,1,-1,-2,-3,1,2,3,5,4,5,5,4,5,4,3,4,4,4,6,7,7,3,3,5,4,8,4,6,3,7,4,3,6,3,2,5,1,2,4,1,2,3,3,7,5,2,3,2,5,2,5,7,7,6,7,7,6,3,3,2,4,5,2,7,6,6,Male,phase_012_subj_15,,,
11,467,6,6,6,5,5,4,2,4,4,5,4,2,1,1,2,2,2,2,3,5,4,5,5,4,3,4,4,4,3,6,5,5,6,4,4,5,5,5,3,6,5,5,6,5,5,7,5,6,4,6,4,1,5,3,4,4,7,5,3,6,3,1,3,4,6,5,7,7,3,4,7,1,3,4,3,3,4,3,Female,phase_012_subj_13,,,
12,501,4,5,5,5,4,4,3,4,4,4,4,2,-1,2,2,2,2,3,2,4,5,5,5,4,4,5,5,5,4,8,8,7,7,6,8,7,8,8,5,6,4,6,6,4,5,1,6,3,5,3,4,6,6,6,5,5,4,6,5,5,7,6,6,5,6,6,6,7,7,5,3,6,6,6,7,6,6,6,Female,phase_012_subj_14,,,
13,279,5,6,6,5,4,5,3,4,5,4,5,1,-1,-1,-3,-1,1,2,1,5,5,5,5,4,4,4,4,5,5,6,8,6,8,7,8,8,6,8,6,3,1,4,4,2,7,2,5,2,5,2,5,2,7,4,5,5,3,4,2,4,3,2,2,7,3,5,6,6,6,7,7,6,1,7,2,7,3,5,Female,phase_012_subj_7,,,
14,542,5,4,5,3,3,4,3,5,4,5,4,1,2,2,1,1,3,2,1,4,5,5,2,3,4,4,5,4,5,6,8,7,9,8,8,6,8,9,6,6,5,6,7,6,5,6,6,7,5,5,6,5,5,5,6,6,5,7,5,5,3,7,5,6,3,6,7,6,7,3,6,7,3,5,2,7,5,5,Male,phase_012_subj_17,,,
15,625,3,2,2,2,1,2,3,2,4,3,4,-2,2,-1,-1,-2,-1,1,-1,4,4,4,2,4,2,2,2,2,1,1,2,3,5,2,2,3,3,2,3,2,2,2,3,2,5,4,2,2,3,2,6,3,2,3,6,4,2,2,3,3,3,2,3,3,3,3,3,2,6,3,5,2,2,2,1,3,6,3,Female,phase_012_subj_19,,,
16,167,5,5,6,2,1,4,2,4,4,4,5,1,-2,1,2,-1,1,2,1,4,4,5,4,3,4,4,4,3,4,5,6,4,6,4,5,5,6,5,5,6,5,4,5,5,5,1,5,6,5,5,5,4,3,3,5,5,6,4,6,5,3,2,2,6,5,6,6,6,7,5,7,6,3,6,2,6,4,5,Female,phase_012_subj_3,,,
17,207,5,4,6,5,7,4,4,5,4,5,5,-1,2,2,3,-2,2,2,3,5,5,5,5,4,5,4,4,5,4,7,8,7,8,8,7,8,7,8,5,3,6,5,5,3,6,2,3,3,5,3,6,3,3,5,4,4,5,4,4,6,6,5,3,6,5,6,7,5,5,6,5,4,6,5,5,6,3,5,Male,phase_012_subj_6,,,
18,175,6,5,5,4,2,4,4,5,4,5,4,2,3,1,2,2,1,3,2,5,4,5,4,4,3,5,3,4,5,4,5,4,5,4,4,5,4,5,5,4,5,6,3,2,5,1,6,4,5,2,6,4,3,5,5,7,3,5,3,4,3,2,2,6,4,7,6,6,5,5,4,4,2,7,6,5,4,6,Male,phase_012_subj_4,,,
1,398,5,4,4,3,5,4,3,4,4,4,4,2,-1,1,2,1,1,2,2,4,5,5,4,4,3,4,3,4,4,4,6,6,5,4,7,5,5,6,4,3,5,4,4,3,5,4,5,3,3,4,5,4,3,5,4,5,4,4,3,4,3,4,4,4,3,4,4,5,6,4,3,4,3,4,3,6,3,4,Male,phase_013_subj_17,,,
2,145,5,4,4,3,3,4,3,4,3,3,4,-1,1,1,2,-1,1,2,1,4,4,5,4,4,3,4,3,3,4,6,5,4,6,4,5,6,5,6,4,3,4,5,4,3,5,3,6,3,4,3,4,4,5,4,3,6,5,4,3,4,3,4,3,4,3,4,4,6,7,5,3,6,3,4,3,6,5,4,Female,phase_013_subj_6,,,
3,422,3,2,4,3,3,4,4,4,4,4,4,2,2,2,1,1,2,2,1,5,4,5,5,4,3,4,4,4,3,4,5,4,6,5,7,5,6,4,5,5,3,5,4,3,5,2,5,4,4,4,2,4,3,4,5,5,3,5,3,4,3,3,3,5,5,6,5,6,6,6,6,7,5,6,3,5,5,5,Female,phase_013_subj_19,,,
4,330,7,7,7,7,7,5,5,5,5,5,5,3,2,3,2,3,3,3,3,5,5,5,5,5,5,5,5,5,5,7,8,8,8,8,7,7,9,7,7,7,7,7,7,7,7,1,7,7,7,7,7,7,7,7,7,7,7,7,7,7,7,7,7,7,7,7,7,7,7,6,7,7,7,7,7,7,7,7,Male,phase_013_subj_12,,,
5,289,7,7,7,7,6,5,5,5,5,5,5,3,2,3,3,3,3,3,3,5,5,5,5,5,5,5,5,4,5,8,7,8,7,8,6,8,9,8,7,7,7,7,7,7,6,1,7,7,7,6,7,7,7,7,7,7,7,7,7,7,7,7,7,7,7,7,7,7,7,6,7,7,7,7,7,7,7,7,Male,phase_013_subj_9,,,
6,357,7,7,7,7,7,5,5,5,5,5,5,3,3,3,3,3,3,3,3,5,5,5,5,5,5,5,5,5,5,8,8,8,8,7,7,8,9,8,7,6,7,7,7,7,7,1,7,7,7,7,7,7,7,7,7,7,6,7,7,7,7,7,7,7,7,7,7,7,7,6,7,7,7,7,7,7,6,7,Male,phase_013_subj_14,,,
7,350,7,5,7,5,6,5,2,5,4,5,4,-1,-2,2,3,1,3,2,3,5,4,5,4,4,5,5,4,5,4,7,8,9,7,8,9,7,8,6,6,7,6,6,7,7,5,7,5,6,6,7,3,7,5,6,7,7,5,7,2,7,3,6,6,5,7,6,7,7,5,6,7,2,5,7,6,5,7,7,Male,phase_013_subj_13,,,
8,467,7,7,7,7,7,5,5,5,5,5,5,3,3,3,3,3,3,3,3,5,5,5,5,5,5,5,5,5,5,8,7,8,8,7,6,8,8,8,7,7,7,7,7,6,7,1,7,7,7,7,7,7,7,6,7,7,7,7,7,7,7,7,7,7,7,7,7,7,7,7,7,7,7,7,7,7,6,7,Male,phase_013_subj_25,,,
9,88,6,6,5,5,3,5,5,5,5,5,5,2,-2,2,2,1,2,3,2,5,4,5,5,4,3,4,3,5,4,9,7,8,9,9,9,9,9,9,6,6,2,7,4,5,3,6,7,3,2,3,5,5,6,3,6,6,6,6,2,3,3,3,3,6,5,6,3,7,6,6,7,7,2,6,7,6,2,2,Female,phase_013_subj_2,,,
10,522,3,3,3,2,2,4,3,4,4,4,4,2,-1,1,2,-2,-1,1,2,5,4,4,4,4,3,4,4,5,4,7,7,6,8,5,6,7,5,8,3,4,2,4,5,5,5,6,4,2,2,4,5,5,4,4,5,5,2,4,2,4,5,3,4,5,5,3,7,3,5,3,7,1,6,3,6,6,4,2,Female,phase_013_subj_26,,,
11,565,5,4,4,3,3,3,2,4,4,4,4,1,-2,1,-2,2,1,2,2,4,5,5,5,3,4,3,4,4,4,4,4,5,6,7,7,5,7,8,6,4,1,5,5,2,3,6,4,3,5,2,3,3,4,5,2,4,3,6,3,6,3,2,3,5,6,3,5,7,7,2,7,7,6,4,3,5,6,5,Female,phase_013_subj_28,,,
12,415,6,5,7,4,6,5,3,4,5,4,5,3,2,3,1,2,1,3,2,5,4,4,5,5,3,5,4,5,4,7,5,6,6,5,7,8,6,7,4,7,5,6,6,3,3,1,6,6,4,3,7,2,4,5,5,4,6,7,2,4,3,4,1,6,1,5,7,6,3,6,7,7,2,7,6,5,7,6,Female,phase_013_subj_18,,,
13,660,7,6,7,5,6,5,4,5,5,4,4,3,2,2,3,2,2,2,3,5,5,5,4,4,4,4,4,5,4,7,7,8,8,7,8,8,8,8,6,5,5,5,6,3,6,1,7,5,6,3,5,2,7,6,6,4,5,6,3,6,6,5,5,7,6,7,5,6,5,7,6,6,3,7,5,6,5,6,Female,phase_013_subj_31,,,
14,132,6,6,6,5,5,4,3,5,4,4,4,2,1,2,1,2,2,3,2,5,5,5,5,5,4,4,4,5,4,6,7,8,8,6,8,7,8,8,6,5,5,5,6,3,6,1,6,5,5,4,6,5,6,6,6,4,3,6,3,6,6,7,5,7,6,7,6,6,7,7,6,7,2,7,6,6,5,6,Male,phase_013_subj_5,,,
15,696,6,4,5,5,6,4,3,4,5,5,4,-3,-1,1,1,-3,3,2,2,4,5,4,4,5,4,4,5,4,4,5,4,4,4,3,4,4,3,4,6,3,6,5,5,3,6,2,3,3,5,2,6,3,2,7,5,4,5,4,3,6,5,6,3,5,6,6,5,5,5,6,4,5,6,6,5,5,3,6,Female,phase_013_subj_33,,,
16,358,6,5,5,5,2,4,3,4,4,4,4,1,-2,1,2,1,2,2,2,4,3,4,2,3,3,4,2,2,4,6,7,5,5,4,6,6,6,5,6,5,5,5,5,2,4,5,6,4,3,2,7,3,2,5,5,4,5,5,2,3,3,3,2,5,6,4,3,7,4,3,6,3,2,4,6,4,2,5,Female,phase_013_subj_15,,,
17,105,4,4,4,3,3,4,3,3,4,4,4,2,1,1,2,-1,1,2,1,4,4,5,4,4,3,4,4,3,4,6,6,5,6,5,7,6,5,6,5,6,2,4,4,3,6,3,4,4,3,3,5,4,3,6,4,4,5,4,3,6,4,4,5,5,5,5,6,5,7,5,5,7,6,7,5,7,4,6,Male,phase_013_subj_4,,,
18,267,6,5,6,4,3,4,3,4,4,4,4,2,-1,2,1,2,2,3,2,4,5,5,4,4,3,4,3,5,4,6,7,6,6,5,6,6,6,7,4,4,5,5,6,3,6,3,6,5,5,3,6,3,6,4,5,4,5,5,4,5,5,5,5,6,4,6,5,5,3,5,4,3,3,6,3,5,3,6,Female,phase_013_subj_8,,,
19,438,6,5,7,6,5,4,5,5,4,5,4,2,1,3,1,2,2,3,2,4,5,5,4,4,5,4,4,5,4,5,7,8,7,4,5,4,8,7,3,7,5,6,6,7,7,2,7,6,6,6,5,7,6,5,5,7,6,6,6,6,7,4,3,7,6,6,7,7,7,5,7,5,6,7,5,6,6,7,Female,phase_013_subj_21,,,
20,440,5,4,6,5,7,5,4,4,5,4,5,-1,-2,1,1,-2,2,1,2,4,5,5,4,4,5,5,4,4,4,6,6,3,7,4,3,6,4,5,5,3,6,5,5,2,5,1,2,4,5,1,7,3,2,7,4,4,6,4,3,7,5,5,3,7,7,5,6,7,6,7,4,5,4,6,7,5,3,7,Male,phase_013_subj_23,,,
21,640,5,5,6,5,4,4,3,4,4,4,4,1,-1,2,2,-1,1,1,1,5,4,5,4,4,4,5,4,4,4,6,7,5,7,6,7,6,5,6,6,5,4,4,5,3,6,5,5,5,5,5,6,4,5,5,5,5,5,5,3,4,3,3,2,5,5,6,5,6,5,6,5,4,3,6,3,5,4,5,Female,phase_013_subj_30,,,
22,196,5,5,5,5,2,4,3,4,4,4,5,2,-1,3,2,1,2,2,2,4,4,5,5,4,3,3,4,3,4,4,4,4,4,5,7,5,4,4,7,1,6,1,5,4,7,6,6,6,6,3,7,2,6,4,6,3,6,6,1,5,1,2,2,5,3,6,3,5,3,5,3,3,2,5,1,3,1,4,Male,phase_013_subj_7,,,
23,673,6,5,7,6,6,4,5,4,4,4,5,-2,-2,1,3,-3,3,3,2,4,5,4,4,4,5,4,5,4,4,8,8,7,9,7,7,7,7,8,6,3,7,6,5,3,6,2,4,4,6,3,7,3,1,7,5,4,6,4,3,7,6,7,3,6,5,7,7,6,6,7,5,5,7,6,6,5,3,7,Male,phase_013_subj_32,,,
24,580,5,4,5,5,6,4,4,4,5,4,4,-1,-2,2,2,-1,3,2,2,5,5,4,5,5,4,4,4,5,4,6,6,5,6,4,4,7,4,5,4,2,6,5,5,3,6,2,4,3,5,3,6,2,3,5,4,4,5,4,3,5,6,7,2,6,5,5,7,5,5,6,6,5,6,6,5,5,3,6,Female,phase_013_subj_29,,,
25,311,5,4,6,5,5,5,3,4,4,4,5,-3,-2,1,1,-3,2,2,1,5,4,4,5,5,4,4,5,4,4,6,6,3,6,3,3,6,4,5,5,2,5,6,5,2,5,3,4,4,5,3,7,2,2,6,4,4,5,4,4,5,5,6,3,5,6,6,7,7,6,5,4,4,5,6,6,5,3,6,Male,phase_013_subj_10,,,
26,76,5,7,5,6,7,4,4,4,5,5,4,-3,-1,2,1,3,2,1,3,4,3,5,4,4,3,5,4,4,5,7,9,7,8,7,9,6,8,7,5,7,6,6,6,7,5,6,6,6,7,6,1,7,5,5,7,7,5,6,3,7,3,6,5,6,7,7,6,6,7,6,6,1,6,5,7,6,7,7,Male,phase_013_subj_1,,,
27,439,3,2,3,2,1,4,2,5,5,4,4,2,1,2,2,1,2,3,2,5,4,5,5,4,5,4,4,5,4,6,7,5,7,6,5,6,5,6,4,2,3,2,2,1,5,1,5,2,4,2,5,3,2,3,6,4,3,2,2,5,2,4,5,6,5,6,6,6,6,5,5,4,3,6,3,6,3,5,Male,phase_013_subj_22,,,
28,563,3,2,3,1,2,5,2,4,4,5,5,1,1,-1,2,1,2,3,2,4,5,5,5,4,5,4,4,5,4,5,6,5,7,6,8,6,5,5,4,3,3,2,2,2,5,2,5,2,3,3,5,2,3,3,5,4,3,2,2,5,2,3,3,5,4,6,6,7,6,5,5,4,2,7,3,6,2,4,Female,phase_013_subj_27,,,
29,325,6,5,6,5,4,5,4,4,5,5,5,2,-1,-2,3,-1,2,2,1,5,4,5,5,5,4,3,3,4,4,5,6,4,4,2,3,3,6,4,5,1,3,3,6,1,2,2,4,3,2,1,5,2,2,5,2,4,5,5,1,3,2,1,1,3,2,7,3,7,2,2,3,1,2,2,4,3,1,2,Female,phase_013_subj_11,,,
1,446,5,4,5,3,1,5,2,5,5,5,5,1,1,2,2,-1,2,3,2,5,4,5,5,5,4,4,4,4,4,5,6,8,7,4,5,6,8,7,5,5,3,7,5,3,5,2,6,6,3,3,6,3,6,5,5,3,6,3,3,6,5,3,5,7,6,5,5,5,5,7,7,6,3,7,5,6,3,7,Male,phase_014_subj_42,,,
2,452,5,4,5,4,3,5,3,5,5,5,5,3,1,2,3,3,2,2,3,5,5,5,5,5,4,4,5,5,5,6,7,8,9,8,7,8,7,9,5,7,4,7,6,6,6,1,7,7,6,6,7,7,7,5,6,7,5,6,1,6,3,7,5,7,7,6,1,7,7,7,7,7,1,7,7,7,6,7,Male,phase_014_subj_44,,,
3,686,5,4,3,4,6,3,2,3,2,1,3,-1,-2,1,1,-1,2,1,1,3,4,4,2,4,2,2,2,1,2,3,2,4,3,1,2,1,4,4,5,4,3,3,4,5,5,2,5,5,4,2,3,3,3,3,4,3,6,3,1,2,3,1,2,3,6,6,7,6,6,3,5,3,3,3,2,3,1,3,Male,phase_014_subj_59,,,
4,83,3,2,2,2,3,4,2,2,4,4,5,2,1,-1,1,-2,-1,1,1,5,4,5,5,5,4,4,3,4,4,4,5,3,6,3,2,4,4,5,3,3,2,3,3,2,3,1,3,1,3,2,5,3,2,3,3,2,2,3,3,2,3,1,3,3,1,3,2,1,3,2,3,1,3,2,3,3,2,2,Female,phase_014_subj_4,,,
5,159,6,5,6,5,4,5,3,5,4,5,5,3,-1,1,2,-1,1,2,2,5,5,5,2,4,4,4,4,5,3,5,6,5,7,3,5,6,5,5,5,2,2,6,2,3,5,2,4,3,6,3,6,2,2,5,2,5,4,3,2,7,3,3,3,7,4,6,6,7,6,6,7,3,4,5,6,5,3,5,Female,phase_014_subj_13,,,
6,328,6,6,5,5,6,5,4,4,5,5,5,3,2,3,3,2,2,3,3,5,4,5,5,5,4,4,5,5,4,4,5,3,7,8,5,7,6,9,5,7,5,5,6,7,6,3,7,5,7,7,6,5,7,6,5,6,6,7,3,6,3,3,3,7,7,4,5,6,7,5,7,7,2,7,3,7,5,6,Female,phase_014_subj_27,,,
7,281,5,5,5,3,1,4,4,4,5,5,4,2,3,1,1,2,1,2,1,5,5,5,5,5,4,4,4,5,4,4,5,6,6,4,4,4,7,7,3,6,5,3,5,2,6,1,5,5,2,3,3,3,3,5,2,7,3,6,3,3,3,2,3,5,3,7,7,7,7,2,7,3,2,7,7,7,3,3,Female,phase_014_subj_23,,,
8,356,6,6,6,3,1,4,3,5,4,4,5,2,-2,2,1,2,2,3,2,5,4,5,5,5,4,4,4,5,4,7,9,7,7,6,8,7,6,5,5,5,1,7,6,3,6,1,6,3,5,3,5,2,6,5,5,3,1,5,3,3,3,2,3,7,3,5,5,7,3,3,7,3,5,7,3,7,5,5,Male,phase_014_subj_29,,,
9,524,5,6,6,6,5,4,4,4,5,4,2,1,3,2,2,2,2,1,2,4,4,5,4,3,4,4,4,4,4,5,5,5,5,4,4,6,4,5,5,6,6,5,6,3,6,6,6,5,5,5,5,3,5,5,5,4,4,5,3,6,3,3,4,5,5,5,7,7,7,7,7,3,4,1,3,7,6,5,Female,phase_014_subj_48,,,
10,666,1,1,2,2,1,4,2,2,2,3,4,2,2,-2,2,-3,1,2,2,4,2,5,4,3,3,2,3,2,4,4,4,3,5,2,2,3,4,4,2,4,2,1,4,3,3,2,2,1,2,2,3,2,2,5,2,6,3,3,2,5,2,3,2,5,5,5,7,6,5,7,6,1,2,3,3,7,2,5,Female,phase_014_subj_55,,,
11,696,6,5,6,4,2,4,4,5,5,5,4,1,-1,1,2,-2,3,3,1,4,5,5,5,5,4,4,3,4,5,5,6,7,5,7,8,7,8,8,5,5,3,6,2,3,3,3,6,5,5,2,6,3,6,3,6,5,4,6,5,5,3,1,3,6,5,5,2,7,7,3,6,1,3,7,3,3,2,5,Female,phase_014_subj_61,,,
12,374,6,7,6,7,7,4,4,4,4,4,4,2,1,2,-2,2,3,2,2,4,5,4,4,4,5,4,4,5,4,7,8,8,8,7,8,7,8,7,5,5,6,5,6,5,6,6,6,5,6,5,7,2,6,5,6,5,6,5,5,6,5,5,5,6,5,6,6,7,6,3,6,3,3,6,3,6,3,6,Female,phase_014_subj_33,,,
13,141,5,4,5,6,3,4,3,4,3,3,5,2,2,1,2,1,3,2,3,4,3,5,4,4,3,4,3,4,5,8,7,9,7,9,9,7,9,8,6,3,5,5,4,4,5,2,5,4,4,4,6,3,6,2,5,4,6,1,3,3,6,3,3,4,2,6,5,2,6,5,5,4,3,4,5,5,4,3,Male,phase_014_subj_9,,,
14,581,4,3,4,3,3,4,3,3,4,4,4,1,-1,1,1,-1,1,2,2,5,4,5,4,4,3,4,3,4,4,4,7,6,6,5,5,5,7,7,4,5,3,3,6,3,5,2,5,3,4,3,4,2,3,3,4,4,3,2,3,4,3,2,2,5,4,5,5,6,4,3,5,3,3,4,2,4,3,6,Female,phase_014_subj_50,,,
15,244,3,2,3,2,1,2,3,2,3,4,4,2,1,-1,2,-2,1,2,1,4,5,5,4,4,3,4,3,4,4,3,4,3,4,5,3,4,3,4,3,3,5,4,6,3,3,6,4,5,3,3,4,5,2,5,2,3,4,2,3,3,2,3,3,7,3,3,3,6,3,2,5,3,2,3,2,5,2,3,Male,phase_014_subj_19,,,
16,419,6,5,5,4,4,4,3,4,4,4,4,2,2,-1,1,-1,2,1,1,4,4,5,4,4,3,3,4,4,3,5,5,5,5,4,4,6,5,5,5,3,6,5,3,4,5,2,5,3,2,3,6,3,4,5,5,4,5,4,3,4,2,3,4,5,5,6,5,6,5,3,6,2,3,5,5,1,3,6,Male,phase_014_subj_40,,,
17,416,6,6,7,5,5,4,3,5,4,5,4,1,1,2,2,1,2,3,2,5,4,5,4,5,3,4,4,5,4,6,5,5,6,5,6,5,6,6,5,5,4,6,5,5,5,6,5,6,5,4,4,3,6,6,5,3,3,5,6,5,6,6,4,5,4,5,5,5,6,2,3,1,4,4,3,2,3,5,Male,phase_014_subj_39,,,
18,437,6,5,6,5,3,5,4,4,1,5,5,2,2,3,3,1,2,3,3,5,5,5,5,5,4,5,5,4,4,8,5,6,5,6,6,7,5,6,5,6,6,7,6,5,5,6,6,6,6,7,7,5,6,6,5,5,6,7,3,6,3,3,3,6,7,4,6,7,7,5,5,6,2,7,5,6,7,6,Male,phase_014_subj_41,,,
19,155,4,4,5,4,2,4,3,4,5,4,4,1,-1,-1,2,-1,1,2,2,4,4,5,5,4,3,4,4,4,3,4,5,5,6,6,5,6,5,5,4,5,5,5,4,4,3,5,4,5,4,3,6,3,3,6,3,4,5,6,3,3,3,3,3,4,3,4,5,5,5,2,5,5,3,3,3,4,3,6,Male,phase_014_subj_12,,,
20,373,5,7,6,6,2,4,3,5,5,5,5,2,-1,2,-2,2,3,3,2,5,5,5,5,5,3,4,4,4,5,5,7,5,5,4,8,7,8,9,5,6,6,7,5,3,6,5,6,5,4,3,4,5,5,6,5,5,6,7,3,6,3,3,2,6,3,6,6,7,3,2,7,2,3,6,3,7,5,6,Male,phase_014_subj_32,,,
21,67,7,6,6,7,6,5,2,5,2,4,5,3,2,3,2,2,3,2,3,5,4,4,2,4,5,5,4,4,5,8,7,9,8,7,8,8,9,8,6,6,1,6,5,2,3,6,5,6,5,2,7,6,5,6,5,6,6,5,6,6,4,2,7,5,6,6,5,7,7,2,7,7,6,7,7,6,6,7,Female,phase_014_subj_47,,,
22,217,6,5,6,6,5,4,4,4,4,5,5,2,2,3,1,2,2,3,3,5,4,5,5,5,4,5,4,4,5,6,8,6,8,7,6,7,8,8,5,5,5,6,5,3,6,3,5,5,5,5,6,3,3,5,5,5,5,6,3,6,3,3,3,6,3,7,5,7,6,5,5,6,3,6,5,6,5,5,Female,phase_014_subj_18,,,
23,148,5,4,5,4,4,5,2,4,4,4,5,2,2,-1,1,-1,1,1,1,5,5,5,5,5,4,4,4,4,4,4,6,6,7,4,4,6,5,6,5,3,3,4,3,2,5,2,3,1,2,2,5,4,1,6,2,3,3,3,3,4,3,3,3,5,2,5,5,5,3,3,4,3,3,3,3,5,3,3,Female,phase_014_subj_11,,,
24,266,7,6,7,6,5,4,5,5,5,5,5,3,-1,1,2,2,3,3,2,5,5,5,5,4,4,5,4,5,5,7,8,8,6,7,8,7,8,8,7,7,5,7,7,5,5,3,7,7,6,5,6,6,6,7,5,7,6,7,6,5,5,7,7,7,6,6,7,7,7,5,7,6,5,7,7,5,7,7,Female,phase_014_subj_21,,,
25,595,5,4,5,3,2,4,3,4,4,3,4,2,-1,1,2,-1,1,2,1,4,4,4,3,4,3,4,3,4,3,6,7,6,6,5,7,7,6,7,4,5,5,4,6,3,5,5,5,4,3,3,5,4,5,4,6,4,5,4,3,3,3,2,4,6,3,5,5,4,3,3,5,4,4,3,2,5,3,4,Male,phase_014_subj_51,,,
26,195,6,5,7,6,6,4,4,4,5,5,4,1,1,2,3,2,2,3,3,4,5,5,5,4,4,5,4,5,4,6,7,7,8,3,7,5,4,7,5,6,5,5,6,3,6,7,6,7,6,3,6,5,3,3,6,7,6,5,3,6,3,3,3,5,5,6,7,7,7,3,7,1,3,3,7,7,3,6,Male,phase_014_subj_16,,,
27,141,6,6,6,6,6,4,2,4,4,4,4,2,2,2,2,2,2,2,2,5,5,5,5,5,3,4,4,4,4,7,8,8,8,8,7,8,8,9,7,6,4,6,6,6,4,1,6,5,5,4,5,6,5,6,6,4,2,6,6,4,6,6,5,6,6,4,7,7,7,5,7,4,2,6,6,6,4,6,Female,phase_014_subj_10,,,
28,388,4,5,6,3,1,5,3,3,5,5,5,1,-1,-2,2,-2,2,2,3,5,4,5,5,3,2,4,4,4,3,5,8,7,5,7,4,8,3,6,4,6,7,5,5,4,2,7,3,3,4,2,4,3,1,4,3,4,7,5,1,5,1,1,1,6,6,4,7,7,7,3,7,1,1,5,1,1,1,4,Female,phase_014_subj_36,,,
29,294,7,6,7,6,7,5,2,5,5,5,5,1,-1,3,2,3,2,3,3,5,4,4,5,4,4,5,4,5,4,8,8,7,7,8,7,8,7,8,7,7,2,7,5,6,6,1,6,7,7,3,5,2,7,7,6,7,2,5,7,7,6,7,7,7,6,5,7,7,7,6,7,6,7,7,7,7,7,6,Female,phase_014_subj_24,,,
30,211,4,4,4,2,3,4,3,3,5,4,5,2,-2,2,1,-3,2,3,3,4,5,5,4,4,3,4,3,4,3,6,5,4,5,7,5,4,5,5,3,2,5,2,4,4,7,6,5,4,5,2,5,5,5,6,4,3,3,4,3,5,2,5,4,5,2,5,6,5,7,3,4,5,4,7,1,7,3,4,Male,phase_014_subj_17,,,
31,652,4,4,4,3,3,4,3,2,4,4,5,2,-1,-1,2,-1,-1,1,1,5,4,5,4,4,3,4,4,4,4,5,6,5,5,5,4,5,5,6,3,6,3,6,5,3,5,1,4,3,2,3,5,3,2,5,3,6,3,6,2,3,2,2,3,7,1,6,1,6,7,1,7,1,2,3,1,7,1,1,Female,phase_014_subj_53,,,
32,460,6,5,6,5,7,4,3,4,4,5,4,2,2,1,3,-2,2,3,2,5,5,5,5,5,4,4,3,4,5,6,7,4,7,6,5,8,4,6,4,6,2,4,6,1,6,2,5,2,3,2,5,2,2,5,5,4,3,3,2,2,3,3,3,6,3,6,6,4,2,2,3,2,2,3,1,6,3,3,Male,phase_014_subj_45,,,
33,381,6,6,5,2,4,4,2,3,5,5,5,-2,2,1,2,-2,1,2,2,5,4,5,5,4,5,4,4,5,4,6,8,7,8,7,5,7,8,9,7,6,4,7,3,4,6,1,4,4,3,2,7,6,7,3,4,7,4,3,3,2,5,2,4,6,3,7,2,6,6,3,3,1,3,7,2,7,6,4,Male,phase_014_subj_34,,,
34,391,5,5,6,3,4,5,4,4,4,5,5,1,-1,-1,1,2,2,2,2,4,4,5,4,3,2,2,3,2,3,5,4,6,6,6,6,5,6,6,3,5,5,4,4,3,6,5,5,5,4,3,5,2,4,4,5,7,6,5,2,4,3,1,2,3,6,6,2,7,7,6,7,4,4,6,1,6,3,7,Female,phase_014_subj_37,,,
35,133,6,5,5,4,2,4,3,4,5,5,5,-1,-1,1,-1,-1,1,2,1,5,4,5,1,4,4,3,4,4,4,6,4,7,8,4,8,6,8,8,4,5,5,3,3,3,2,3,4,3,2,2,5,3,6,5,4,4,6,5,3,4,3,7,3,7,7,6,7,7,4,7,7,3,7,6,3,6,3,6,Female,phase_014_subj_8,,,
36,372,5,3,4,3,1,4,4,4,4,4,5,-1,-1,-1,1,-1,1,1,1,4,4,4,4,4,4,3,3,4,3,3,4,4,4,2,2,3,4,4,5,3,3,3,5,3,3,5,4,3,3,3,5,5,3,4,5,5,3,5,3,3,3,3,3,5,3,4,4,5,6,5,6,3,4,5,3,5,3,3,Female,phase_014_subj_31,,,
37,102,5,2,5,1,1,5,3,4,4,5,5,1,1,2,3,-2,2,2,3,5,4,5,4,2,1,2,3,4,3,4,6,4,8,3,7,6,5,7,5,5,3,3,6,2,5,2,5,5,2,2,5,1,1,5,5,4,6,3,1,2,2,1,1,2,6,2,1,7,1,1,1,1,1,2,1,7,1,3,Female,phase_014_subj_5,,,
38,552,6,6,6,5,6,5,3,4,4,4,5,1,1,2,2,-1,1,1,2,4,4,4,4,3,4,4,4,4,4,4,5,4,5,3,4,4,4,5,4,6,5,4,5,3,3,2,5,4,2,3,5,3,4,3,3,6,5,4,3,4,3,2,3,6,2,6,3,6,4,3,5,4,3,5,6,4,2,4,Male,phase_014_subj_49,,,
39,193,6,6,6,6,3,5,2,5,5,5,5,3,2,2,2,2,3,2,2,5,5,5,5,5,5,5,5,5,5,6,7,7,8,6,8,6,7,7,6,4,3,5,6,3,3,5,5,4,4,3,4,7,5,5,4,5,3,5,3,5,4,6,3,7,6,6,6,6,7,7,7,7,7,7,6,6,7,6,Female,phase_014_subj_15,,,
1,221,6,4,5,5,1,5,4,4,4,4,5,1,-1,2,1,-3,2,1,1,5,5,5,4,5,3,3,4,3,5,4,4,7,5,3,8,5,7,5,6,5,2,4,4,2,4,3,5,5,4,3,4,3,2,3,4,2,3,4,2,3,3,2,3,4,3,5,1,5,7,3,6,5,3,4,2,4,3,2,Female,phase_015_subj_46,,,
2,681,6,4,6,6,1,5,4,4,5,4,5,2,-1,1,1,-2,2,2,-1,5,5,5,4,5,3,4,4,3,5,6,6,8,7,5,5,4,6,5,5,6,2,5,6,3,5,1,4,5,3,4,4,3,2,4,4,5,1,4,2,2,3,2,3,5,4,6,2,5,7,3,6,6,4,5,3,7,3,2,Female,phase_015_subj_16,,,
3,79,4,3,3,2,3,4,5,3,4,5,4,-2,1,-2,1,-1,2,1,1,4,4,5,5,5,1,3,2,4,4,3,4,2,4,1,5,3,4,4,5,5,5,3,4,3,7,1,4,5,3,3,2,3,6,6,4,2,6,5,3,6,3,1,2,2,7,7,3,7,1,1,7,1,2,2,1,7,3,7,Male,phase_015_subj_8,,,
4,540,7,7,7,7,7,5,5,5,5,5,5,3,1,3,2,3,3,3,3,5,5,5,5,5,4,4,5,5,4,7,7,8,8,7,6,8,8,8,7,7,7,7,7,7,7,1,7,7,6,7,7,7,7,6,7,7,7,7,7,7,7,7,7,7,7,7,7,7,7,7,7,7,7,7,7,7,7,7,Male,phase_015_subj_32,,,
5,404,7,7,7,7,7,5,5,5,5,5,5,3,2,3,3,3,3,3,3,5,5,5,5,1,5,5,5,5,5,8,7,8,8,8,7,8,9,7,7,7,7,7,7,7,7,1,7,7,7,6,7,7,7,7,7,7,7,7,7,7,7,7,7,7,7,7,7,7,7,7,7,7,7,7,7,7,7,7,Male,phase_015_subj_23,,,
6,380,7,7,7,7,6,5,5,5,5,5,5,3,3,3,3,3,3,3,3,5,5,5,5,5,5,5,4,5,5,8,7,7,8,7,8,7,9,7,7,7,7,7,7,7,6,1,7,7,6,6,7,7,7,7,7,7,7,7,7,7,7,7,7,7,7,7,7,7,7,7,7,7,7,7,7,7,6,7,Male,phase_015_subj_22,,,
7,591,7,7,7,7,7,5,5,5,5,5,5,3,2,3,3,3,3,3,3,5,5,5,5,5,5,5,5,5,5,8,8,7,8,7,8,8,9,8,7,7,7,7,7,7,7,1,7,7,7,6,7,7,7,7,7,7,6,7,7,7,7,7,7,7,7,7,7,7,7,7,7,7,7,7,7,7,6,7,Male,phase_015_subj_38,,,
8,588,4,3,4,3,2,4,3,3,4,3,4,1,1,-1,1,-1,1,1,2,4,4,5,4,4,3,3,3,3,4,6,5,6,5,6,7,6,5,6,5,4,5,5,5,4,5,4,5,3,4,3,4,4,5,4,5,3,4,3,3,4,4,4,3,4,3,4,5,6,5,3,4,2,4,3,3,4,3,4,Male,phase_015_subj_37,,,
9,562,6,6,7,5,5,4,2,5,3,2,3,3,2,1,2,2,2,3,2,5,5,5,5,5,4,4,4,4,3,3,3,4,4,2,3,2,1,3,6,5,5,4,5,2,5,1,6,2,6,3,6,2,4,6,3,3,5,3,3,5,3,4,3,7,4,6,5,6,3,7,3,4,2,6,3,6,3,6,Male,phase_015_subj_33,,,
10,700,7,7,7,7,6,5,5,5,5,5,5,3,2,3,2,3,3,3,3,5,5,5,5,5,5,5,5,5,5,8,8,7,8,6,7,8,9,8,7,7,7,7,7,7,7,1,7,7,7,7,7,7,7,7,7,7,7,7,7,7,7,7,7,7,7,7,7,7,7,6,7,7,7,7,7,7,7,7,Male,phase_015_subj_49,,,
11,624,3,3,4,3,2,3,2,2,2,1,4,-1,-1,-2,1,-2,-2,-2,-2,5,4,5,4,4,4,5,4,5,4,4,5,4,6,4,3,6,5,6,4,2,2,3,2,3,2,4,1,2,1,2,5,4,1,3,3,3,3,2,3,3,3,1,3,3,3,7,2,6,5,3,6,5,2,5,5,6,3,4,Female,phase_015_subj_42,,,
12,112,2,1,1,2,1,4,3,4,5,5,5,3,-1,1,2,-3,1,2,2,5,4,5,4,5,4,3,4,4,4,7,7,8,8,7,9,7,8,8,4,6,3,3,3,2,4,2,3,3,3,2,6,2,1,5,5,3,4,3,1,2,1,1,2,7,2,7,7,7,7,6,6,5,2,7,2,7,3,3,Male,phase_015_subj_12,,,
13,18,2,1,2,1,1,2,1,1,2,2,2,-2,-1,-3,-2,-1,-2,-2,-2,1,2,3,2,2,1,1,1,2,2,1,4,3,3,1,1,2,1,2,2,2,3,3,2,1,2,3,1,2,1,2,3,1,1,1,2,2,2,2,1,1,3,1,2,5,1,3,1,4,3,1,2,1,1,3,1,7,2,2,Male,phase_015_subj_3,,,
14,571,1,1,2,1,1,2,1,1,2,1,1,-2,1,-3,-2,-2,-1,-1,-1,3,2,2,4,1,1,1,1,2,2,2,4,3,4,2,2,2,2,3,2,3,1,3,2,1,1,3,2,2,1,3,3,2,1,1,2,2,2,3,3,1,3,1,2,7,2,3,1,7,3,1,3,2,2,3,3,7,3,2,Male,phase_015_subj_35,,,
15,592,5,4,3,3,4,4,2,3,4,4,4,2,1,1,3,1,1,3,3,5,4,5,4,4,3,3,4,2,3,4,3,5,6,2,4,2,5,6,3,2,3,3,5,2,6,2,7,1,4,1,6,2,6,2,2,4,5,5,2,3,3,1,1,6,3,7,2,6,6,2,3,1,2,6,7,6,1,3,Female,phase_015_subj_39,,,
16,389,7,7,7,7,7,5,5,5,5,5,5,3,3,3,2,3,3,3,3,5,5,5,5,1,5,5,5,5,5,8,7,8,8,8,7,8,8,8,7,7,7,7,7,6,7,1,7,7,6,6,7,7,7,7,7,7,7,7,7,7,7,7,7,7,7,7,7,7,7,7,7,7,7,7,7,7,7,7,Male,phase_015_subj_47,,,
17,322,6,6,6,5,5,5,4,4,5,5,5,3,-2,1,-1,-1,-2,2,1,5,4,2,5,4,5,4,4,4,4,4,4,7,6,6,4,4,7,6,3,5,1,2,5,2,3,3,5,2,2,2,2,2,2,6,3,4,2,3,3,3,3,2,2,6,2,5,5,7,5,3,7,2,3,3,2,6,2,3,Female,phase_015_subj_18,,,
18,507,6,5,6,3,4,5,4,4,5,5,5,2,1,-1,1,2,3,2,2,4,4,5,5,4,5,4,3,4,5,6,5,7,6,5,6,7,6,5,5,7,6,6,7,3,6,1,5,6,4,3,4,2,5,5,5,5,6,6,3,3,2,4,5,6,3,7,5,6,6,4,7,7,4,7,6,7,5,4,Male,phase_015_subj_29,,,
19,223,6,6,6,4,3,4,3,4,4,4,5,3,2,2,2,1,2,2,2,5,5,5,5,5,4,4,4,4,4,4,5,5,6,6,5,6,7,7,6,6,4,6,5,3,6,1,6,5,4,5,5,3,5,3,6,3,5,5,1,4,3,6,1,7,1,4,1,7,7,2,1,1,6,5,1,2,1,2,Male,phase_015_subj_17,,,
20,25,5,5,5,5,4,4,4,4,4,4,5,2,2,1,1,1,2,2,2,5,4,5,5,4,4,4,4,4,4,4,4,3,4,4,3,4,4,4,5,6,5,5,5,3,5,5,6,5,5,3,3,5,5,5,5,6,6,6,3,3,3,3,2,5,3,6,6,5,6,5,6,5,3,6,5,5,3,5,Male,phase_015_subj_5,,,
21,459,6,5,7,6,6,5,4,5,5,5,5,2,1,2,1,3,1,2,3,5,5,5,5,5,4,5,5,5,4,3,4,2,7,2,8,6,5,6,7,3,2,7,7,5,6,1,7,3,7,6,6,3,5,5,6,3,3,7,3,3,3,2,3,7,3,6,6,7,7,3,6,1,7,5,6,6,5,4,Female,phase_015_subj_28,,,
22,89,3,2,3,1,3,4,1,2,3,2,5,-1,1,-3,1,-3,-1,-2,1,5,4,5,4,4,3,4,2,4,3,5,6,3,7,4,4,5,5,6,2,3,3,3,3,2,2,2,3,2,3,2,3,3,1,5,3,3,3,2,2,3,4,3,3,6,5,5,2,7,7,3,5,2,2,3,2,3,2,5,Female,phase_015_subj_9,,,
23,375,7,6,7,6,6,5,5,5,5,5,5,2,1,1,-2,2,3,2,3,5,4,5,5,5,4,4,4,5,5,7,9,6,9,7,3,8,7,9,7,6,3,3,7,2,7,2,6,6,2,1,6,1,2,6,6,7,6,6,3,2,1,2,2,5,2,6,7,7,6,7,7,6,1,6,3,7,3,6,Male,phase_015_subj_21,,,
24,458,6,6,7,5,2,4,4,4,5,4,5,2,-1,2,-1,2,3,2,2,5,4,5,4,3,1,3,4,3,5,5,6,5,6,5,5,6,5,5,6,5,4,6,5,4,5,6,6,5,5,4,7,5,2,5,6,4,6,6,3,6,3,3,2,6,6,4,5,6,4,5,3,3,2,7,3,1,3,6,Female,phase_015_subj_27,,,
25,201,4,4,3,3,2,4,4,4,5,5,4,1,-1,-1,1,-3,1,2,2,4,4,5,5,4,4,5,4,4,3,5,6,5,5,5,6,5,6,7,4,5,5,6,4,4,3,6,4,4,3,3,5,4,3,6,3,4,5,6,3,3,3,6,4,6,5,5,6,5,5,5,5,5,3,6,3,5,2,6,Male,,,,
26,110,5,5,5,6,4,3,4,4,5,4,5,1,-1,2,2,-1,2,2,2,4,4,5,4,3,4,4,5,4,5,4,6,4,5,5,4,5,6,6,4,6,3,4,5,4,5,2,4,5,4,5,5,3,6,5,5,4,5,6,4,5,4,6,2,5,7,3,7,7,7,5,4,6,3,6,7,5,5,6,Male,phase_015_subj_11,,,
27,448,6,6,6,6,5,5,2,4,4,4,5,1,1,2,2,1,2,2,2,5,5,5,5,5,5,5,5,5,5,4,4,5,5,4,5,5,5,5,3,5,5,5,5,3,5,7,5,7,5,5,5,3,5,5,5,5,3,3,3,5,3,5,3,5,3,5,3,5,3,5,7,1,3,5,3,5,3,5,Female,phase_015_subj_26,,,
28,672,6,6,7,6,5,4,5,4,5,5,5,2,1,2,2,2,3,2,2,5,4,5,4,4,4,4,4,5,4,6,6,7,7,4,7,7,6,8,4,6,4,7,5,6,6,6,6,5,6,5,5,6,6,7,5,7,6,6,2,6,3,6,5,6,7,6,6,6,6,7,6,6,3,7,7,6,6,7,Male,phase_015_subj_45,,,
29,6,5,4,5,5,6,5,4,4,4,4,5,-2,-1,2,2,-1,1,2,1,5,5,4,4,5,4,4,5,4,4,6,5,3,6,4,5,5,4,6,5,3,6,5,4,2,5,3,3,2,5,3,6,3,3,6,4,4,5,4,2,5,6,5,3,6,5,5,6,5,5,6,4,5,6,5,5,6,3,5,Male,phase_015_subj_1,,,
30,430,5,4,5,5,6,4,4,4,5,5,5,-1,-1,1,2,-2,2,2,1,4,4,4,4,5,4,5,4,5,4,6,5,3,5,5,4,4,4,5,6,2,5,6,5,3,6,3,6,4,5,2,6,3,3,5,5,4,5,5,3,5,5,6,2,5,7,5,6,5,5,6,5,5,6,5,5,5,3,6,Male,phase_015_subj_25,,,
31,76,5,5,6,4,3,4,3,4,4,4,5,2,-1,2,1,2,1,3,2,5,4,5,4,4,3,4,3,4,4,6,8,7,7,6,7,7,6,8,4,5,4,6,5,3,6,5,6,5,5,4,5,4,6,4,5,5,5,6,3,6,4,5,5,6,5,7,6,5,3,4,5,3,3,4,3,6,3,6,Female,phase_015_subj_7,,,
32,691,6,5,7,5,7,5,5,4,4,5,5,-3,-1,1,1,-3,3,2,3,4,5,4,5,4,5,4,5,4,5,5,5,4,5,4,4,4,4,5,5,2,6,5,5,3,6,2,4,3,5,2,5,2,3,6,5,4,5,4,3,6,6,5,3,6,5,5,7,6,5,7,5,5,6,6,5,5,3,6,Male,phase_015_subj_48,,,
33,654,4,5,5,3,2,4,2,3,4,4,4,-1,2,1,-2,-3,1,2,2,4,3,5,4,3,3,3,2,4,3,6,6,4,5,4,4,6,7,6,4,5,5,3,3,3,4,1,3,2,2,3,4,3,2,4,2,6,4,2,2,3,3,3,3,4,3,5,3,7,6,3,6,3,4,4,5,5,1,3,Male,phase_015_subj_43,,,
34,67,3,3,5,2,2,4,2,3,3,4,4,2,-1,-1,3,1,1,1,2,4,2,5,2,2,2,5,2,2,5,7,8,3,7,8,2,7,3,8,5,2,2,4,5,3,6,3,3,3,5,2,4,2,2,3,5,2,5,2,2,2,6,5,3,6,3,6,3,7,3,5,7,3,2,3,2,7,4,5,Male,phase_015_subj_6,,,
35,599,3,2,2,1,1,3,2,2,3,4,4,-2,1,-1,2,-1,1,1,2,4,2,5,2,2,4,4,3,4,4,4,6,7,7,5,6,4,6,6,5,3,3,4,2,2,5,5,4,3,3,3,6,6,3,3,3,4,3,3,3,3,2,2,3,5,2,4,5,5,7,3,5,4,3,2,3,3,3,4,Male,phase_015_subj_40,,,
36,322,5,5,6,4,3,5,4,4,5,5,4,1,1,2,2,-1,1,2,1,4,3,5,3,2,5,5,4,5,4,6,7,7,7,6,7,6,7,8,5,5,5,5,6,3,5,6,5,5,4,3,6,5,4,3,5,5,4,5,3,3,3,2,4,5,3,6,5,5,7,5,6,5,3,3,3,2,3,3,Female,phase_015_subj_19,,,
37,513,7,6,6,6,6,2,3,4,2,2,5,2,1,1,1,2,2,2,1,5,4,5,4,4,4,4,4,4,4,4,5,3,4,4,4,4,4,5,5,5,4,6,5,3,5,5,6,5,5,2,5,4,4,5,5,5,6,3,3,3,3,3,3,5,3,6,5,5,3,3,5,4,3,3,2,5,3,5,Female,phase_015_subj_30,,,
38,369,4,4,5,4,3,5,3,2,4,3,5,-1,-1,-1,-1,1,1,1,1,4,4,5,5,4,4,4,4,4,4,6,6,6,7,6,7,7,7,7,5,3,5,4,4,3,4,2,4,3,4,3,4,5,3,5,4,4,4,4,3,3,3,3,3,5,3,4,4,6,6,4,4,5,3,4,2,4,3,4,Female,phase_015_subj_20,,,
39,12,7,7,7,7,7,5,4,4,5,5,5,3,-1,3,1,-1,1,3,1,5,4,5,5,4,3,4,4,4,4,5,5,4,8,7,3,7,5,5,6,7,5,5,4,2,6,1,5,4,4,2,4,3,2,5,5,6,5,3,3,4,3,7,5,6,3,7,7,7,7,7,7,4,4,6,3,7,4,6,Male,phase_015_subj_2,,,
40,568,6,5,6,4,3,4,3,4,4,5,4,3,-1,2,1,2,2,3,2,5,4,5,4,4,3,4,3,4,4,6,8,7,7,6,6,7,6,7,4,5,4,6,5,3,6,3,6,5,5,3,6,4,5,4,5,5,5,6,3,5,5,5,5,7,5,6,6,5,5,5,5,3,3,5,2,5,3,6,Female,phase_015_subj_34,,,
41,103,3,2,2,1,3,4,2,5,5,5,4,1,2,1,3,1,2,2,3,4,4,5,5,5,4,4,5,4,5,6,5,7,7,6,5,8,5,6,5,2,3,2,2,3,5,1,6,3,3,3,6,3,2,3,4,4,3,2,2,5,3,3,2,5,5,6,7,7,6,5,5,4,2,5,3,7,3,4,Female,phase_015_subj_10,,,
42,23,5,6,6,5,3,4,4,4,4,4,4,2,-1,1,2,1,1,1,2,5,4,5,5,4,3,4,5,4,4,5,6,4,6,4,4,6,4,6,6,6,6,6,6,5,6,3,6,6,5,4,3,4,6,6,6,6,6,6,3,5,3,3,3,6,6,5,5,5,5,5,6,5,5,6,3,2,5,5,Female,phase_015_subj_4,,,
43,526,6,4,5,5,6,5,2,5,5,5,4,2,2,2,2,1,2,2,2,5,5,4,4,4,4,4,4,4,4,8,7,6,7,7,6,8,8,8,6,3,3,5,6,3,6,2,5,2,3,3,4,3,5,5,5,3,5,2,2,3,2,3,2,6,3,6,4,4,7,6,7,4,1,3,3,6,3,5,Female,phase_015_subj_31,,,
44,417,5,4,6,6,5,4,4,5,4,5,4,-2,-2,1,2,-3,2,1,1,4,5,5,4,4,5,5,4,4,5,5,5,4,6,4,4,5,4,5,5,1,6,5,5,2,5,2,2,4,5,3,6,2,3,6,5,4,5,4,3,5,6,6,3,7,5,5,5,6,6,5,5,6,6,5,5,5,3,7,Male,phase_015_subj_24,,,
45,201,4,4,3,3,1,4,4,4,5,4,4,2,-1,-1,1,-2,1,2,2,4,4,5,5,4,4,5,4,4,3,5,6,5,5,5,6,5,6,6,4,5,5,6,4,3,3,6,5,4,3,3,5,4,3,6,3,4,5,5,3,3,3,3,5,5,5,5,5,6,5,5,5,5,3,6,3,5,4,5,Male,phase_015_subj_15,,,
1,35,6,5,6,4,3,2,2,4,5,5,5,2,-1,-1,1,-1,2,1,2,5,4,5,4,3,4,4,2,4,4,4,5,7,7,5,6,7,7,8,5,2,3,5,6,3,3,2,5,3,3,3,3,5,5,2,5,5,5,5,2,3,2,2,2,5,5,5,2,7,3,3,4,2,4,3,3,3,3,5,Female,phase_016_subj_6,,,52.0
2,400,4,3,2,5,1,4,3,2,3,2,2,1,-1,-2,-1,1,1,-1,-2,3,2,4,3,4,2,3,2,1,2,7,4,4,5,3,5,9,5,6,2,5,4,6,3,1,4,5,4,6,4,5,2,5,7,5,2,5,4,2,3,3,5,1,6,7,4,3,5,4,4,3,6,3,4,7,4,3,2,4,Male,phase_016_subj_50,,,2447.0
3,603,5,4,5,2,2,4,4,5,5,5,5,2,-1,-1,2,-1,3,3,2,4,5,5,4,4,3,4,4,5,4,4,6,7,7,6,7,7,8,7,5,4,3,3,6,3,5,2,4,6,4,3,6,3,4,6,3,7,5,5,3,6,4,2,3,6,6,6,6,6,3,3,6,3,3,7,2,7,3,6,Female,phase_016_subj_70,,,4960.0
4,30,6,6,6,4,2,4,3,4,3,4,4,2,-1,1,2,1,-1,2,2,5,5,5,5,4,3,4,3,4,4,2,3,4,3,2,5,4,5,7,5,5,4,4,5,4,5,6,5,4,4,5,1,4,3,4,2,6,4,4,6,3,3,2,4,4,5,5,7,7,7,3,6,4,7,4,3,1,7,3,Female,phase_016_subj_5,,,7232.0
5,173,7,6,7,6,6,5,5,5,4,4,5,3,3,2,2,2,3,3,3,5,5,5,4,4,4,5,5,4,5,7,8,8,9,7,8,8,9,9,5,6,6,7,6,6,6,6,7,7,7,7,6,6,6,6,7,7,6,7,7,6,6,7,7,7,7,6,7,7,7,6,7,6,6,7,7,7,6,7,Male,phase_016_subj_24,,,9628.0
6,651,6,5,6,3,1,4,3,5,4,4,4,1,1,2,3,3,2,3,3,5,4,5,5,4,3,4,4,5,3,6,8,7,8,7,8,7,5,7,4,5,2,6,5,3,6,6,7,5,6,3,5,4,6,5,5,5,5,7,5,5,6,3,3,6,3,5,6,6,7,5,7,7,3,6,7,6,3,4,Female,phase_016_subj_74,,,12011.0
7,667,5,6,6,5,7,4,4,5,5,4,4,3,1,2,2,1,3,2,2,4,5,5,5,3,4,5,4,5,4,6,6,5,6,5,7,5,7,8,6,5,2,7,5,6,4,6,5,6,5,4,6,7,7,6,4,6,5,5,4,5,6,7,6,7,6,5,7,7,7,7,7,6,4,6,7,7,4,5,Male,phase_016_subj_79,,,14521.0
8,407,3,4,3,3,2,4,4,4,4,4,4,1,-2,-1,-1,1,1,1,1,5,4,4,4,4,2,2,4,3,2,4,4,3,5,6,3,4,6,6,2,6,6,6,6,5,6,2,6,5,3,3,3,4,6,3,3,5,7,4,3,3,5,3,3,6,3,6,5,6,7,3,7,7,6,6,6,2,6,3,Female,phase_016_subj_52,,,17452.0
9,238,5,5,5,4,4,4,2,4,4,4,3,-1,2,1,2,1,1,2,2,4,4,5,5,2,4,4,4,4,4,6,6,8,6,4,3,7,7,6,3,4,5,2,5,3,7,5,5,5,6,5,5,3,6,4,5,7,6,4,2,6,3,3,2,7,3,5,7,6,3,7,7,3,1,7,3,7,1,5,Female,phase_016_subj_31,,,19981.0
10,11,4,4,4,3,3,3,3,4,5,5,5,2,-1,1,2,-1,2,2,2,5,5,5,5,5,5,5,3,3,4,4,6,4,7,4,5,7,7,8,6,6,6,6,6,3,6,1,4,4,4,2,2,1,5,6,5,6,6,5,2,5,3,4,2,4,2,3,2,5,7,6,7,2,4,5,7,5,3,4,Female,phase_016_subj_2,,,22415.0
11,151,6,1,5,2,5,5,1,4,5,5,4,3,2,2,-2,-3,2,2,3,5,4,5,5,4,2,2,2,5,4,4,5,4,3,3,4,3,4,5,7,3,5,2,2,2,6,1,6,3,2,2,7,3,1,2,5,2,5,3,2,1,3,2,2,2,3,7,3,7,3,3,2,3,3,3,2,2,3,5,Male,phase_016_subj_20,,,24832.0
12,592,6,6,6,6,6,4,4,4,5,5,4,2,2,2,2,1,1,2,2,4,4,5,5,4,2,2,2,4,4,3,3,2,4,3,4,4,4,4,2,7,2,6,5,6,3,2,5,6,6,7,6,6,6,6,5,7,6,6,3,2,3,6,6,6,6,6,7,6,7,3,6,6,2,6,2,6,6,6,Male,phase_016_subj_68,,,27708.0
13,110,6,5,6,7,6,4,4,5,5,5,4,2,3,2,1,2,3,2,2,4,5,5,5,4,5,4,4,5,4,7,6,6,7,8,7,7,6,8,5,7,2,7,5,4,5,2,7,6,5,4,5,6,3,6,5,4,6,6,5,1,3,2,5,6,5,3,7,5,7,2,3,3,3,6,3,1,5,3,Male,phase_016_subj_11,,,29675.0
14,336,5,5,6,5,6,5,4,5,5,2,5,1,2,1,2,1,1,2,2,5,4,5,4,3,3,4,5,4,4,4,7,6,8,6,9,7,4,6,5,7,6,5,5,4,6,7,5,5,5,2,5,1,5,5,6,6,5,5,4,5,3,6,3,7,5,6,6,5,7,6,6,5,6,6,5,7,5,6,Female,phase_016_subj_42,,,31965.0
15,386,6,2,6,3,3,5,2,5,5,5,5,2,3,-1,-2,-3,2,3,3,5,4,5,5,4,2,4,3,5,4,4,5,4,6,3,4,3,4,5,5,5,6,3,6,3,7,1,6,6,6,2,7,3,2,3,5,2,5,3,3,2,2,1,2,3,2,3,3,5,3,2,2,1,3,3,2,5,3,3,Male,phase_016_subj_48,,,34605.0
16,219,5,6,6,5,4,5,4,4,4,3,4,1,-2,2,3,1,2,1,2,5,3,5,4,4,4,3,3,5,4,3,5,7,7,1,5,5,3,6,5,1,5,3,6,5,4,7,5,3,6,4,2,4,6,5,5,3,6,2,6,5,4,5,5,7,7,5,6,6,7,4,6,6,4,5,6,6,5,5,Male,phase_016_subj_29,,,37016.0
17,140,5,4,4,3,4,4,3,3,4,4,4,1,2,-1,2,-1,1,3,2,4,4,4,4,4,5,4,4,3,4,6,7,6,7,4,5,7,6,7,4,3,5,5,5,2,4,1,4,5,3,3,6,6,4,3,4,4,4,5,2,3,3,3,3,7,5,4,6,5,7,5,6,6,3,6,6,2,3,6,Female,phase_016_subj_16,,,39780.0
18,345,5,6,5,5,4,5,2,4,4,4,5,2,1,2,2,-2,1,2,1,4,5,4,5,4,3,5,3,4,4,7,8,7,5,5,3,7,6,6,5,4,5,6,5,2,4,3,6,4,3,3,4,3,6,6,3,3,6,2,3,6,4,6,3,6,5,5,4,6,6,6,5,5,4,6,5,5,4,6,Male,phase_016_subj_43,,,41892.0
19,348,4,4,4,3,3,4,3,4,4,4,4,1,-1,1,2,1,1,1,2,4,4,4,4,4,4,3,3,4,3,4,3,4,4,3,4,4,4,4,4,5,5,5,5,5,4,4,5,5,3,5,5,5,3,5,5,5,4,5,3,5,3,4,3,5,3,6,5,6,5,3,5,5,3,5,5,5,3,4,Male,phase_016_subj_45,,,44665.0
20,280,4,3,4,3,2,3,1,2,4,3,5,-1,2,-1,1,-2,-1,1,1,5,5,5,5,5,4,5,3,3,3,6,7,4,8,6,4,6,8,8,5,5,2,6,5,5,4,7,4,3,4,3,5,2,4,6,3,4,2,5,3,4,5,4,4,5,6,5,6,6,5,1,7,1,5,5,5,5,3,6,Female,phase_016_subj_35,,,47101.0
21,600,3,5,4,2,1,3,2,4,4,4,4,1,-1,-1,1,-1,1,2,1,4,5,4,4,4,4,3,4,5,4,6,7,7,7,5,4,6,5,6,6,3,2,6,4,3,4,1,5,2,5,4,6,4,4,6,3,3,3,5,3,5,4,3,2,5,5,5,6,6,5,5,7,3,3,6,3,7,5,6,Female,phase_016_subj_69,,,49502.0
22,120,4,5,4,3,2,4,3,4,4,4,4,1,-1,1,1,-1,1,2,1,5,5,5,5,4,4,4,3,4,4,7,6,4,7,6,7,7,7,8,5,5,3,6,6,3,4,6,5,5,3,3,5,2,3,5,5,6,5,6,3,3,3,3,3,6,6,7,7,7,7,3,6,6,3,5,6,7,2,6,Male,phase_016_subj_13,,,51990.0
23,681,5,6,6,6,5,4,4,4,4,4,4,2,2,1,2,-1,2,2,1,5,4,5,5,4,3,4,3,4,3,5,6,5,7,4,5,8,7,7,5,5,3,6,5,5,5,2,5,6,5,3,5,5,5,4,5,6,5,6,3,5,3,1,3,6,3,5,5,5,5,5,3,5,5,5,3,5,5,5,Male,phase_016_subj_82,,,55505.0
24,390,5,5,6,3,2,4,4,5,4,5,5,2,-2,-1,2,-2,2,2,3,4,5,4,4,4,5,4,4,5,4,6,6,7,7,7,8,8,9,7,6,5,6,5,7,5,6,5,6,2,6,3,6,1,3,6,2,3,6,2,2,2,3,2,2,6,2,7,6,6,6,6,6,6,2,7,2,2,2,6,Female,phase_016_subj_49,,,57480.0
25,451,2,2,2,4,6,5,2,3,5,5,5,2,1,1,2,-1,1,3,3,5,4,5,5,4,4,5,5,5,5,6,8,4,4,3,2,4,7,4,3,3,2,3,3,3,2,2,2,1,2,1,7,4,2,6,3,2,2,2,2,3,5,1,1,6,3,3,3,6,6,6,7,1,2,4,1,3,2,3,Female,phase_016_subj_58,,,59245.0
26,274,5,6,5,6,6,4,4,4,4,5,4,2,3,1,2,2,3,2,1,4,5,5,2,4,4,5,4,5,4,6,5,7,6,7,5,6,5,7,5,6,6,5,6,4,5,3,6,6,4,3,5,2,5,5,5,5,5,6,4,5,6,6,5,6,5,6,6,6,5,5,5,7,6,5,6,6,5,5,Female,phase_016_subj_33,,,62154.0
27,307,5,6,6,5,6,4,4,5,5,4,5,2,1,3,2,1,3,2,3,5,4,5,5,3,2,4,2,5,4,7,8,6,7,8,8,7,7,8,5,7,6,6,6,7,7,2,7,7,6,6,1,3,3,6,5,7,7,6,6,6,6,7,6,7,6,7,6,7,7,7,6,6,3,6,6,7,6,7,Male,phase_016_subj_38,,,64758.0
28,99,5,5,5,5,4,5,3,5,5,5,5,2,2,1,2,1,1,1,1,5,4,5,5,4,3,4,4,4,4,6,6,5,6,4,5,6,5,6,5,5,3,5,5,3,5,2,5,5,3,3,5,3,3,5,3,4,5,4,3,3,3,3,3,5,3,6,5,5,5,5,4,3,3,5,5,5,3,4,Female,phase_016_subj_10,,,67165.0
29,63,2,1,2,1,1,4,1,5,4,5,5,2,1,2,3,-2,-2,-3,1,5,5,5,5,5,3,4,3,4,4,5,5,5,9,9,5,9,9,9,7,4,6,1,6,1,7,2,4,7,7,1,7,1,5,2,7,4,7,3,2,7,6,4,1,7,2,7,7,7,7,7,7,7,1,7,2,7,1,7,Female,phase_016_subj_8,,,69551.0
30,77,5,3,5,3,2,4,4,3,4,4,4,2,-2,-1,2,-1,1,1,1,5,4,5,5,4,3,4,3,4,4,4,5,4,6,4,5,4,4,4,5,2,3,5,2,3,2,1,5,2,2,3,5,5,2,5,3,4,2,5,3,3,6,2,6,5,6,6,7,7,7,7,7,7,1,7,7,7,2,5,Female,phase_016_subj_9,,,72386.0
31,444,4,4,5,3,2,4,2,3,4,3,5,2,2,1,2,-2,1,2,2,5,4,4,4,4,3,3,2,3,3,4,5,3,6,3,6,4,7,4,5,2,4,4,4,6,3,1,5,2,5,2,4,3,5,2,5,2,4,4,2,4,2,3,2,4,3,4,2,4,6,3,3,2,3,2,2,6,3,5,Male,phase_016_subj_56,,,74796.0
32,347,2,3,3,3,2,2,1,2,4,4,5,3,-2,-2,3,-1,-2,3,3,4,5,5,5,4,3,4,4,4,5,5,6,4,8,9,9,5,4,8,7,2,2,3,5,1,5,6,3,2,5,1,5,2,2,1,3,5,2,2,2,7,1,1,1,6,1,6,2,4,4,1,7,3,3,3,1,7,3,2,Female,phase_016_subj_44,,,77236.0
33,672,4,3,3,3,3,4,2,4,5,5,1,1,2,-1,-2,-1,1,1,2,5,5,5,4,4,3,4,2,2,3,5,7,5,5,4,3,4,4,7,6,3,6,1,5,2,7,3,7,3,2,2,5,3,3,5,2,3,7,2,3,6,3,2,2,3,3,6,5,6,6,3,6,3,4,5,7,7,3,3,Female,phase_016_subj_81,,,79902.0
34,304,5,5,5,4,4,4,4,4,4,4,4,2,1,1,2,1,1,2,2,4,4,5,4,4,4,5,4,5,4,5,6,5,6,5,5,5,5,6,3,6,4,6,5,4,5,1,5,5,3,4,5,4,3,5,4,7,3,5,3,5,3,3,3,6,2,6,3,7,7,1,6,1,3,3,3,2,3,3,Female,phase_016_subj_36,,,82416.0
35,276,4,4,5,6,2,3,3,4,3,3,4,1,-1,1,1,-1,1,1,1,4,4,4,4,4,3,3,3,3,3,3,3,3,3,3,3,3,4,4,4,5,5,5,5,5,4,5,4,4,4,3,1,7,4,4,3,7,6,4,3,4,3,3,3,3,3,5,3,4,3,3,4,4,4,5,3,4,3,4,Female,phase_016_subj_34,,,84910.0
36,419,4,3,3,3,2,2,2,2,3,2,3,1,2,-1,1,-1,-1,1,1,4,3,4,3,3,4,2,3,3,3,4,5,4,4,3,4,4,3,3,4,3,5,3,3,3,4,4,3,3,3,3,3,5,2,3,3,4,4,3,3,4,3,3,3,3,6,4,7,6,6,6,5,5,4,5,6,4,2,2,Female,phase_016_subj_54,,,87209.0
37,574,6,6,6,5,6,4,2,4,3,3,4,2,2,1,2,1,2,2,2,4,4,2,3,4,4,4,4,4,5,7,7,8,7,8,8,6,7,7,5,3,5,3,6,2,6,3,5,2,5,2,6,3,5,3,6,2,6,2,3,5,2,6,2,6,3,5,2,6,5,4,5,4,4,5,3,6,2,6,Male,phase_016_subj_66,,,90001.0
38,654,3,2,2,3,4,2,4,2,2,2,4,1,1,1,1,-1,1,2,2,4,4,4,4,3,3,3,4,3,3,4,5,4,4,4,3,4,4,4,5,4,4,3,4,3,4,4,4,3,6,4,4,4,4,4,4,4,4,4,4,4,4,4,4,4,4,4,4,4,4,4,4,4,4,4,4,4,4,4,Male,phase_016_subj_75,,,92146.0
39,430,5,6,5,4,6,4,3,5,4,4,5,3,2,2,3,1,1,2,2,5,4,4,4,4,4,4,3,3,4,3,4,4,5,4,4,5,6,7,5,4,4,5,2,6,3,4,6,5,5,3,5,3,2,7,5,4,4,3,4,3,5,6,3,7,5,5,5,6,7,6,7,7,2,6,7,7,4,5,Female,phase_016_subj_46,,,94752.0
40,412,4,3,3,3,3,4,3,4,4,4,5,1,-1,-1,1,-2,-1,1,1,5,4,5,2,3,2,3,3,3,3,4,5,4,4,2,3,6,5,6,5,3,3,3,2,1,3,3,2,2,3,2,4,3,3,5,3,4,3,2,2,5,4,5,4,6,6,3,6,7,3,5,7,3,6,3,7,7,3,6,Female,phase_016_subj_53,,,97110.0
41,27,5,3,5,3,2,2,2,4,4,4,5,1,1,2,2,-1,2,2,1,5,3,5,4,4,2,3,4,3,3,4,5,4,5,4,4,5,3,3,5,4,7,3,6,2,5,2,3,3,3,3,1,3,5,2,5,7,7,2,1,3,2,4,3,3,2,3,3,7,3,2,7,2,2,5,1,7,2,7,Male,phase_016_subj_4,,,99507.0
42,463,3,2,4,3,2,4,2,3,4,4,4,2,2,1,2,-1,2,2,1,4,5,5,5,4,4,5,4,4,5,4,6,6,5,4,5,5,5,6,5,5,5,3,4,2,6,1,5,3,5,3,6,2,3,3,5,6,5,3,3,3,2,3,3,5,5,5,6,5,7,5,3,3,3,5,5,5,3,6,Female,phase_016_subj_59,,,101920.0
43,368,6,6,6,3,5,4,2,5,4,4,5,3,1,2,2,1,1,2,2,5,5,5,4,3,3,3,4,4,3,4,6,5,6,4,6,6,7,7,6,4,4,4,3,4,3,3,4,4,6,2,5,4,4,6,5,4,4,3,4,3,6,6,4,7,6,5,6,6,7,6,6,7,4,7,7,7,3,7,Female,phase_016_subj_55,,,104283.0
44,6,2,3,3,2,1,5,3,5,5,5,5,3,-2,-1,-2,-2,-2,-2,-1,5,5,5,5,5,3,3,3,3,3,2,2,2,5,1,2,3,3,9,7,1,3,5,7,1,3,2,2,3,6,2,6,4,2,6,4,4,5,2,1,6,2,4,2,3,2,7,6,4,5,3,7,1,1,7,1,7,1,3,Male,phase_016_subj_1,,,106759.0
45,403,5,3,5,4,2,4,4,4,4,4,5,1,-1,2,-1,-2,2,1,2,4,3,5,2,2,4,4,3,4,4,4,7,6,7,4,5,5,7,6,6,5,5,5,6,1,5,2,5,2,3,2,3,3,3,2,3,2,7,5,2,3,2,1,2,3,7,7,6,7,7,2,7,1,1,7,1,7,3,2,Female,phase_016_subj_51,,,109269.0
46,647,3,2,3,1,2,4,2,2,2,2,5,1,2,-1,3,-1,1,2,2,5,2,5,3,3,4,4,3,4,4,4,3,7,7,5,6,4,5,6,4,3,6,3,2,3,3,3,3,2,2,2,5,6,3,5,2,3,6,3,2,2,4,3,3,6,3,6,7,6,7,7,3,3,2,7,3,7,5,3,Female,phase_016_subj_73,,,111915.0
47,631,5,6,5,4,5,5,3,4,5,5,5,2,-1,2,1,1,1,3,3,5,4,5,5,4,4,4,4,4,5,4,5,5,4,4,4,4,5,5,4,7,2,4,5,3,5,7,5,5,5,3,5,3,5,3,5,5,3,4,3,3,3,4,3,4,3,4,4,5,3,4,5,2,4,4,5,6,4,3,Female,phase_016_subj_71,,,114168.0
48,220,5,5,5,4,3,4,3,3,4,4,4,2,2,1,2,1,2,1,1,4,4,5,5,4,3,3,3,3,4,6,5,6,7,7,7,6,7,7,5,4,3,4,5,3,4,5,5,3,5,2,5,3,5,4,5,2,5,4,2,3,2,1,3,4,3,4,3,4,3,3,4,3,2,3,2,4,3,3,Male,phase_016_subj_30,,,116562.0
49,328,6,5,6,3,4,2,4,3,2,2,4,1,3,2,1,3,2,2,3,5,5,5,2,5,3,4,2,3,4,4,8,6,6,3,7,6,8,8,5,5,6,5,5,2,7,3,6,4,5,2,6,4,6,5,5,5,6,4,3,2,3,1,2,7,3,5,3,6,5,4,5,3,2,4,7,7,4,4,Male,phase_016_subj_40,,,118993.0
50,509,4,2,3,3,2,3,2,2,4,4,4,1,-1,-1,1,-2,1,1,1,4,3,5,4,3,3,4,4,3,3,4,6,6,7,2,6,4,4,6,3,2,2,3,5,4,3,5,4,3,3,3,5,4,3,3,4,3,3,5,3,3,3,2,3,4,3,6,3,5,2,3,3,3,3,3,3,5,2,3,Female,phase_016_subj_60,,,121602.0
51,534,4,5,5,4,5,5,2,3,4,4,4,1,1,1,1,-1,-1,1,1,4,4,4,2,4,4,3,4,4,3,4,4,4,5,3,4,4,3,4,3,4,4,5,4,3,4,4,3,4,4,3,4,4,3,5,4,4,3,4,4,3,5,4,4,4,5,4,3,4,4,5,4,4,5,4,4,5,4,4,Male,phase_016_subj_62,,,123925.0
52,140,5,4,4,3,4,4,2,3,4,4,4,2,-1,-2,-2,-2,2,3,2,4,4,5,4,4,4,5,5,5,5,5,5,4,5,4,4,6,5,5,5,1,5,3,5,4,5,4,4,3,3,4,5,3,5,4,5,3,4,4,4,4,4,5,3,5,5,5,5,5,5,5,6,3,3,4,3,4,3,5,Female,phase_016_subj_17,,,126628.0
53,173,4,4,3,3,1,4,3,2,5,4,5,1,1,1,2,-1,1,2,2,5,4,3,2,4,3,2,2,2,2,3,6,6,7,5,2,4,5,5,5,2,4,3,5,2,5,4,3,2,7,1,5,3,4,5,3,6,3,4,3,4,4,2,4,4,3,5,4,5,5,3,4,2,4,3,3,5,3,5,Male,phase_016_subj_25,,,129138.0
54,263,7,6,6,5,4,4,4,5,5,4,4,2,1,2,2,1,2,3,2,5,4,5,4,5,3,4,3,4,4,6,8,8,8,6,7,8,9,9,5,6,4,6,6,5,4,3,6,6,5,4,5,6,6,6,6,6,4,5,4,2,5,4,5,6,6,5,6,6,3,3,2,2,2,5,4,5,4,5,Male,phase_016_subj_32,,,131725.0
55,1,6,5,5,6,4,4,3,4,4,5,4,3,2,1,1,1,1,2,2,4,4,5,5,4,3,4,4,4,4,4,7,7,6,5,7,5,6,7,5,5,4,5,5,2,6,4,5,5,6,2,5,3,5,5,5,3,3,4,3,4,4,6,4,6,5,6,6,6,6,6,3,5,3,6,3,4,3,6,Female,phase_016_subj_84,,,
56,1,3,4,4,3,3,4,3,3,3,4,4,1,1,-1,1,1,1,1,3,3,2,5,3,3,3,4,4,4,4,6,6,5,4,4,4,4,5,5,4,5,3,3,5,2,5,3,5,3,5,3,3,5,3,4,3,5,5,5,3,4,3,3,2,3,3,4,3,5,5,5,5,4,4,4,3,5,3,5,Male,phase_016_subj_85,,,
57,3,6,6,6,6,6,3,2,3,3,3,4,2,1,1,-1,-1,1,1,1,4,4,4,4,4,3,4,4,4,4,6,6,6,7,6,7,7,7,7,5,4,5,5,5,3,5,4,4,4,6,2,5,3,5,4,5,3,5,3,3,4,4,5,3,5,3,5,4,4,6,5,5,4,4,5,4,5,4,4,Female,phase_016_subj_86,,,
1,671,1,1,1,1,1,3,1,2,2,1,4,-1,2,-3,3,-2,-3,2,1,4,5,5,4,4,4,5,5,5,4,1,8,4,8,3,9,7,8,4,1,2,1,7,1,2,2,7,2,2,2,1,6,2,2,1,1,2,1,1,2,2,2,1,2,2,1,2,3,7,6,1,7,1,3,2,2,7,3,2,Female,phase_017_subj_158,,,
2,321,4,4,5,5,3,4,3,4,4,4,5,2,-1,1,1,1,1,2,2,5,4,5,4,4,3,4,4,4,4,5,4,5,6,4,5,4,6,6,4,5,5,5,5,3,5,2,5,3,5,4,5,3,4,3,4,6,5,3,4,5,3,4,3,6,5,5,6,6,5,6,5,5,5,6,6,6,5,5,Female,phase_017_subj_70,,,
3,368,6,7,6,6,6,4,3,5,4,4,4,2,3,3,2,2,2,3,2,4,4,5,5,4,3,4,3,4,3,4,5,5,4,5,4,4,5,5,6,3,5,7,6,2,5,5,6,6,5,5,6,7,5,5,5,4,5,5,4,3,7,4,4,5,6,6,7,6,7,5,7,5,6,6,7,7,4,5,Male,phase_017_subj_86,,,
4,73,4,2,2,1,1,4,1,2,4,5,5,2,3,1,3,-2,-1,2,3,4,5,4,1,5,4,4,5,5,4,2,8,8,7,1,7,6,8,7,5,1,6,7,6,1,2,7,7,6,6,1,7,6,2,7,6,7,2,4,3,1,3,6,1,7,4,7,7,7,7,2,2,1,2,7,1,7,2,6,Male,phase_017_subj_15,,,
5,394,5,4,4,3,4,4,2,4,4,4,4,2,-1,1,2,-1,1,1,1,4,4,5,4,4,3,4,4,4,4,7,6,6,8,8,8,6,8,8,5,4,5,6,6,3,7,3,6,2,7,3,6,3,6,4,5,2,6,5,3,3,5,4,6,5,4,6,4,5,3,6,4,5,6,5,2,6,6,6,Female,phase_017_subj_94,,,
6,648,4,3,4,4,5,4,2,3,5,4,5,2,1,2,2,1,2,2,2,4,4,5,4,4,2,4,3,4,4,4,5,4,6,4,3,6,5,7,5,4,3,6,5,4,5,6,5,6,3,3,4,5,4,5,3,6,5,5,4,3,3,5,5,5,5,5,6,1,5,3,6,6,5,4,5,5,4,5,Male,phase_017_subj_153,,,
7,105,4,3,3,3,4,4,3,4,4,4,5,2,1,2,2,1,2,2,1,5,4,5,4,4,3,3,4,4,3,6,7,5,6,5,5,6,5,7,5,3,3,6,5,5,5,6,5,5,4,5,5,4,5,4,5,5,5,6,5,3,4,5,6,6,6,5,7,1,6,5,6,7,5,5,3,6,5,6,Female,phase_017_subj_29,,,
8,483,3,3,3,3,3,4,4,4,4,4,4,1,1,1,1,-1,1,1,1,4,4,4,4,4,4,4,4,4,4,4,4,4,4,4,4,4,4,4,5,3,3,3,5,3,5,3,3,5,3,3,5,3,3,5,5,5,5,5,3,3,3,3,3,5,3,5,6,5,5,3,5,5,3,5,3,5,3,5,Male,phase_017_subj_121,,,
9,579,4,3,4,3,2,4,3,3,4,4,5,2,1,1,2,-1,1,1,1,4,4,5,4,4,3,3,3,3,2,4,4,5,6,5,5,4,5,5,3,3,5,4,5,3,4,2,5,4,4,3,5,3,3,3,3,7,5,5,6,5,5,6,5,6,4,5,6,7,7,5,6,6,5,6,6,2,4,5,Female,phase_017_subj_142,,,
10,96,5,4,5,3,2,5,2,3,4,4,4,2,1,1,2,-1,1,1,1,4,5,5,2,4,4,4,4,5,4,6,5,5,6,5,6,5,6,5,4,5,5,5,5,3,6,2,4,3,5,3,5,2,3,4,4,7,5,5,5,5,5,4,3,6,5,5,6,7,7,5,5,5,5,6,6,5,4,5,Female,phase_017_subj_27,,,
11,1058,5,4,5,4,3,4,4,3,4,4,4,1,-1,1,2,1,2,2,1,5,5,5,5,5,4,4,3,4,4,3,5,5,6,4,6,4,7,6,5,6,6,4,6,3,7,2,6,5,3,4,5,4,6,5,5,4,6,5,3,5,3,7,5,7,4,7,5,5,5,6,3,6,4,7,5,6,4,6,Female,phase_017_subj_91,,,
12,649,5,6,6,6,6,4,2,5,4,4,5,2,1,1,2,-2,2,3,3,5,5,5,5,5,4,4,4,5,4,4,4,5,5,4,5,4,5,6,4,5,5,7,6,2,7,3,6,5,6,2,5,7,3,5,5,6,5,7,5,6,3,6,5,6,7,6,7,7,3,7,7,7,7,7,3,7,6,6,Male,phase_017_subj_154,,,
13,547,3,2,3,3,3,4,3,4,5,4,5,-2,1,1,3,-3,1,3,2,5,5,5,5,5,4,4,4,5,3,4,6,4,5,3,7,6,5,6,4,7,3,3,4,2,5,1,3,3,2,1,6,2,2,6,5,3,6,3,2,2,2,2,3,7,3,7,6,7,7,3,2,2,3,5,2,6,3,6,Female,phase_017_subj_136,,,
14,192,7,6,7,6,6,4,4,4,4,5,5,2,1,2,1,2,2,3,3,4,5,5,4,4,4,5,4,4,5,6,7,8,6,5,6,5,4,4,5,5,2,5,6,3,4,2,6,3,5,2,4,2,6,5,6,3,6,6,2,3,3,4,2,5,3,6,7,6,3,4,2,2,2,5,2,7,3,6,Male,phase_017_subj_49,,,
15,122,4,5,5,4,5,4,3,5,5,5,5,2,-1,1,2,1,2,3,1,4,5,5,5,4,3,3,3,4,3,3,3,5,5,2,3,3,5,4,4,3,5,6,4,3,6,5,5,5,6,5,5,5,7,4,6,5,6,4,5,5,5,6,5,7,3,5,7,7,6,6,7,3,4,7,6,6,3,6,Male,phase_017_subj_33,,,
16,448,6,7,7,6,6,4,4,5,4,5,4,3,1,2,1,2,2,3,2,4,5,5,5,4,4,5,4,5,4,5,6,5,6,5,6,4,5,5,5,6,2,7,6,3,4,2,7,2,5,2,4,2,6,6,6,3,6,6,2,2,2,5,2,5,3,6,3,5,2,5,3,2,2,5,3,6,2,5,Male,phase_017_subj_108,,,
17,538,6,6,7,6,6,4,4,4,5,4,5,3,1,2,2,1,2,2,3,5,4,5,5,4,5,4,4,5,4,6,7,6,6,5,5,5,4,5,4,5,2,5,6,3,6,1,6,2,5,2,4,2,6,4,6,4,6,6,2,3,3,4,2,5,2,5,6,6,3,4,2,2,1,6,2,7,2,6,Male,phase_017_subj_132,,,
18,353,6,7,7,6,6,5,4,4,4,4,4,3,2,1,2,3,2,3,2,5,4,5,4,4,5,4,4,5,4,6,5,6,5,5,6,5,5,4,5,6,2,5,6,3,6,2,7,3,5,2,4,3,6,6,6,4,6,6,2,3,3,4,2,6,3,6,6,6,3,4,3,1,2,5,2,6,3,6,Male,phase_017_subj_79,,,
19,126,5,2,6,2,5,5,2,4,5,5,5,2,2,1,-2,-2,3,2,3,5,5,5,5,4,2,2,2,4,4,5,4,5,5,4,4,4,4,4,5,3,6,3,5,2,2,1,6,3,2,2,6,3,1,2,3,3,2,3,2,2,3,2,2,2,2,5,3,6,3,1,2,1,3,3,3,3,2,2,Male,phase_017_subj_36,,,
20,139,3,3,3,3,3,4,4,4,4,4,4,1,-1,1,1,1,1,1,1,4,4,4,4,4,4,4,4,4,4,4,5,4,4,4,5,4,5,5,6,2,5,3,5,3,5,3,5,5,3,3,5,3,3,5,5,5,5,5,3,3,3,3,3,5,3,5,5,6,5,5,3,5,3,5,3,5,3,3,Female,phase_017_subj_38,,,
21,551,5,5,5,4,3,4,3,4,4,4,4,2,2,1,1,1,1,2,1,5,5,5,4,4,4,4,4,5,4,5,6,5,5,4,5,4,5,5,5,4,5,5,5,3,6,2,5,4,5,3,6,3,3,5,4,6,5,5,3,5,3,3,3,5,3,6,5,6,5,5,3,5,5,5,5,6,3,4,Female,phase_017_subj_138,,,
22,27,6,7,6,5,5,3,4,4,4,4,4,2,3,1,2,1,2,2,2,4,5,5,4,4,4,4,4,5,3,5,4,3,5,4,4,5,6,5,6,4,6,4,5,4,4,5,6,5,5,2,5,2,5,4,6,4,5,5,5,4,7,5,5,6,5,5,7,6,6,6,6,7,6,6,7,6,5,6,Male,phase_017_subj_4,,,
23,229,3,3,3,3,3,4,4,4,4,4,4,1,-1,1,1,-1,1,1,1,4,4,4,4,4,4,4,4,4,4,4,4,4,5,4,4,4,5,5,5,3,3,3,5,3,5,3,5,3,3,3,5,3,3,5,5,3,3,5,3,3,5,3,3,5,3,6,3,5,6,3,3,5,3,3,3,5,3,3,Female,phase_017_subj_54,,,
24,117,3,3,3,1,3,4,3,2,5,4,4,3,1,-3,2,-1,1,2,2,5,4,5,4,4,3,3,2,2,4,5,4,4,5,5,2,4,3,6,3,2,2,3,5,2,6,2,5,1,2,3,4,2,4,3,4,2,2,3,2,2,3,2,2,5,3,6,3,4,2,2,7,1,3,5,2,3,2,3,Female,phase_017_subj_31,,,
25,473,3,4,3,2,2,4,2,3,5,5,4,2,-1,1,-1,-1,1,2,2,5,4,4,5,4,4,5,3,3,4,7,8,6,8,6,8,8,8,9,4,2,5,5,3,2,6,1,5,2,5,1,5,2,5,2,6,3,3,3,3,3,3,3,4,6,1,6,7,6,3,3,6,2,4,5,1,3,3,3,Male,phase_017_subj_117,,,
26,304,4,3,4,4,2,4,3,3,3,2,4,2,1,1,2,1,1,1,2,5,4,5,4,4,3,3,3,4,3,4,4,5,5,4,4,4,5,5,5,4,5,5,5,3,5,1,5,3,5,3,5,3,4,4,5,7,5,5,3,4,3,3,3,5,3,5,6,6,6,6,5,5,3,6,5,6,3,5,Female,phase_017_subj_68,,,
27,266,3,3,3,3,3,4,4,4,4,4,4,2,2,2,2,-1,2,2,2,4,4,4,4,4,4,4,4,4,4,4,5,4,5,4,5,4,5,5,6,2,3,3,5,3,5,3,5,3,3,3,5,3,3,5,5,5,3,5,3,3,3,3,3,5,3,5,5,5,6,3,3,3,3,5,5,5,3,5,Female,phase_017_subj_62,,,
28,201,3,2,2,2,2,4,3,2,5,5,4,1,2,-1,1,-1,-1,2,2,5,4,5,4,4,4,4,4,5,4,6,7,5,7,5,6,6,7,7,4,3,2,4,5,3,6,2,4,2,3,3,5,3,3,4,3,3,2,5,4,4,3,7,3,6,3,5,6,7,6,6,6,7,5,6,3,5,3,4,Female,phase_017_subj_51,,,
29,425,3,3,2,3,2,4,3,2,5,5,4,1,1,-2,2,-1,-1,2,2,5,4,5,5,4,4,4,3,4,3,6,7,5,7,5,6,6,5,6,4,3,2,3,5,2,5,3,4,3,3,3,4,3,3,4,3,3,2,5,3,4,3,7,3,5,3,6,7,7,6,5,5,6,5,5,3,5,3,4,Female,phase_017_subj_102,,,
30,236,6,7,5,6,4,5,3,4,4,4,5,2,1,1,2,-2,2,1,2,4,5,5,4,4,3,4,4,5,4,5,7,6,7,6,6,5,6,8,5,6,5,4,5,2,6,1,5,2,3,3,7,3,6,6,3,3,6,2,3,6,5,7,5,5,5,6,5,7,6,7,5,5,2,3,6,3,5,6,Male,phase_017_subj_56,,,
31,168,3,3,2,2,3,4,3,2,5,5,5,1,1,-2,2,-1,-1,2,1,4,4,5,4,5,4,4,4,4,3,6,7,5,7,5,6,6,6,7,4,3,2,3,5,3,6,3,4,3,3,3,4,3,3,3,3,3,2,5,4,3,3,7,3,5,3,5,7,7,6,6,5,5,5,5,3,6,3,4,Male,phase_017_subj_41,,,
32,81,5,6,6,5,5,5,3,4,2,5,5,2,-2,1,2,1,2,2,1,4,4,4,5,3,4,4,2,4,4,6,8,5,7,6,8,7,6,7,3,3,4,2,5,5,5,3,4,2,4,3,5,5,6,3,5,4,2,3,2,2,4,1,5,5,1,6,7,3,6,2,3,1,3,5,1,4,4,5,Female,phase_017_subj_18,,,
33,539,6,5,6,6,4,5,4,4,5,5,5,2,1,2,2,3,3,2,3,5,4,5,5,4,4,5,4,4,5,8,7,9,8,7,9,8,9,9,7,6,5,7,5,6,5,7,6,6,6,6,6,6,5,7,5,6,2,7,6,5,4,6,6,5,7,2,7,7,7,6,7,5,6,7,6,6,6,7,Male,phase_017_subj_134,,,
34,85,6,7,5,6,6,5,4,4,4,5,4,3,2,3,2,3,1,2,3,4,5,4,5,4,3,4,4,5,4,7,6,7,8,8,7,7,8,7,6,6,1,6,6,6,6,5,6,6,5,6,6,6,5,6,5,6,6,5,4,2,5,6,5,7,5,6,6,6,7,6,6,6,5,7,5,6,6,5,Male,phase_017_subj_21,,,
35,577,5,2,3,2,2,4,2,4,5,5,5,3,3,2,-2,-3,3,2,2,5,5,5,5,4,2,4,4,5,4,4,5,5,3,2,6,5,4,4,6,3,5,3,6,3,6,1,6,3,3,2,6,3,1,2,6,3,3,3,3,2,2,1,2,2,3,6,3,5,3,2,2,1,3,3,2,5,3,1,Male,phase_017_subj_141,,,
36,262,4,3,3,3,2,2,2,2,3,3,3,-1,-1,1,-1,-1,-1,1,-1,4,3,4,3,2,3,3,3,2,3,4,4,4,5,3,7,4,6,5,4,5,3,4,3,3,7,4,3,2,4,3,3,4,2,2,4,3,3,3,3,3,4,3,3,5,3,4,5,4,3,4,4,2,2,4,3,3,3,4,Male,phase_017_subj_61,,,
37,666,6,7,7,6,6,5,2,5,5,4,5,3,1,2,3,2,3,3,3,5,5,5,1,5,5,4,4,5,5,6,5,4,6,6,5,6,7,6,7,2,6,6,6,2,5,2,7,3,6,3,7,2,6,3,6,5,6,2,2,6,3,4,2,6,3,7,2,7,6,6,5,6,3,7,6,7,4,6,Male,phase_017_subj_157,,,
38,537,2,1,2,2,2,4,1,2,4,1,2,-2,-1,-2,-1,-2,-2,-1,-1,2,1,2,1,2,2,2,2,1,2,2,2,1,3,2,2,4,2,2,3,2,7,2,3,2,5,2,3,2,3,2,7,2,3,2,2,2,7,2,2,7,2,3,2,3,2,3,2,3,2,2,2,2,3,2,2,2,2,3,Male,phase_017_subj_130,,,
39,122,3,3,4,2,3,4,3,4,5,4,4,1,1,2,2,-1,1,2,1,5,5,5,4,4,4,4,5,4,5,4,4,6,7,3,4,4,8,4,4,3,3,3,5,1,6,2,5,3,4,2,5,3,3,5,4,4,5,4,2,3,3,2,1,5,3,6,3,6,2,3,3,6,5,5,5,6,3,3,Female,phase_017_subj_34,,,
40,90,5,5,5,3,1,5,3,4,4,3,4,1,-2,1,-2,-2,-1,1,1,4,3,4,4,3,4,4,3,4,3,4,3,4,7,5,5,7,3,3,6,5,5,5,3,2,6,5,5,3,2,3,6,5,4,5,5,7,6,3,3,5,2,3,3,6,5,5,4,5,6,3,3,6,3,7,6,5,2,6,Female,phase_017_subj_23,,,
41,350,5,4,4,2,2,4,3,5,4,4,5,3,-2,1,2,-1,1,2,2,4,4,4,4,4,4,4,5,4,4,7,7,6,7,7,8,8,7,7,6,5,3,5,6,2,5,2,6,4,6,2,6,5,5,3,4,3,5,3,5,3,3,6,2,6,5,6,5,6,5,6,2,7,5,7,5,6,3,6,Female,phase_017_subj_78,,,
42,157,5,4,6,5,6,4,3,4,4,4,5,-2,-3,1,2,-2,2,2,1,4,5,5,4,4,4,5,4,4,5,5,5,4,6,4,4,5,4,4,4,2,5,4,5,1,6,2,4,3,5,3,6,3,2,5,5,3,6,4,3,7,5,6,1,6,5,6,6,5,6,5,4,5,4,6,6,5,3,6,Male,phase_017_subj_40,,,
43,676,5,5,6,5,6,4,4,4,5,5,4,-1,-1,1,1,-2,2,2,3,4,5,4,4,4,5,4,4,5,4,5,5,4,5,5,4,4,5,5,5,3,6,4,5,3,6,2,4,3,5,3,6,2,2,5,5,3,6,4,3,6,5,5,3,6,5,7,6,5,5,6,4,5,4,6,5,5,3,6,Male,phase_017_subj_161,,,
44,257,6,6,6,5,6,4,4,4,3,4,4,1,1,2,1,2,1,2,2,5,4,5,4,4,3,3,3,4,3,4,4,6,6,4,7,5,7,6,5,3,5,4,4,2,5,2,4,3,4,2,5,6,5,4,5,5,6,3,3,3,4,4,5,6,3,5,4,5,5,4,3,4,3,4,2,5,3,5,Female,phase_017_subj_60,,,
45,183,3,3,3,3,3,4,2,3,4,2,4,-1,-1,-1,-1,-2,-1,1,1,4,4,5,4,4,4,4,4,4,4,6,6,4,6,6,4,7,4,6,5,2,2,3,3,3,3,2,3,3,3,2,5,3,3,5,3,3,3,3,2,3,6,3,3,5,2,5,5,6,6,5,7,5,3,5,2,5,2,3,Female,phase_017_subj_47,,,
46,252,3,2,5,6,5,4,3,2,5,5,5,1,-1,-1,1,-2,2,1,1,4,4,4,3,4,3,3,2,4,4,4,4,5,6,4,3,5,6,6,5,4,5,3,3,4,4,3,5,4,3,2,6,6,4,5,3,4,6,3,2,5,3,2,4,5,5,5,7,7,5,2,4,1,5,6,2,7,2,6,Female,phase_017_subj_59,,,
47,65,5,6,6,5,6,5,3,4,4,4,4,2,-1,2,1,3,2,2,3,4,5,4,4,4,4,5,4,5,5,7,8,7,8,5,5,7,8,6,5,6,3,5,5,5,5,7,6,6,6,5,5,6,6,6,5,7,5,6,4,6,3,5,4,6,6,5,6,5,7,7,6,4,4,6,6,6,7,6,Female,phase_017_subj_13,,,
48,170,5,4,5,5,3,4,4,3,4,4,5,2,-1,-1,1,-1,-1,2,1,4,3,4,3,2,4,4,2,2,4,4,3,4,4,3,5,4,6,5,3,3,5,5,5,3,3,5,4,4,3,3,6,3,3,3,4,5,5,3,2,3,3,3,2,5,3,6,5,5,5,3,3,3,2,4,3,5,2,3,Female,phase_017_subj_43,,,
49,299,5,3,5,5,3,4,3,3,2,2,5,2,1,-1,1,-1,1,1,1,4,2,4,2,2,2,2,2,2,3,3,4,4,5,3,4,4,3,4,4,3,3,5,2,3,3,3,3,2,3,2,5,3,3,5,3,7,3,2,2,2,2,3,2,3,3,5,3,3,2,3,3,2,2,3,3,2,3,3,Female,phase_017_subj_67,,,
50,45,5,5,5,4,3,4,4,4,3,4,4,-1,-1,-1,1,-1,1,1,-1,4,4,5,4,4,3,3,3,4,3,6,5,4,7,5,5,6,7,6,5,6,3,6,4,4,3,2,5,2,4,3,5,4,5,5,4,6,4,5,3,4,2,3,3,6,3,6,3,6,3,4,5,2,3,3,3,6,3,3,Male,phase_017_subj_8,,,
51,182,6,7,6,6,6,5,2,4,4,4,4,2,1,2,2,3,2,2,2,4,5,1,2,5,4,4,4,5,5,7,8,8,4,6,5,6,4,5,6,1,5,2,6,2,5,1,6,2,3,2,5,2,5,3,4,3,4,4,2,5,5,6,3,6,5,5,5,5,7,4,7,5,4,6,7,6,4,6,Female,phase_017_subj_168,,,
52,593,6,5,6,6,7,4,4,5,4,5,4,2,1,2,2,1,3,3,3,5,4,5,5,4,3,4,4,5,4,6,8,7,8,6,6,9,5,6,6,6,5,7,7,5,5,6,7,6,6,5,5,5,6,6,7,5,6,7,6,5,5,6,6,7,5,6,6,7,6,6,7,5,6,7,5,7,7,6,Female,phase_017_subj_144,,,
53,367,6,6,7,4,4,4,5,5,5,4,5,2,-3,1,3,2,2,1,2,5,5,5,5,4,3,4,4,5,4,5,6,6,7,6,6,7,8,8,7,7,3,7,6,3,4,7,5,5,6,3,5,2,5,7,6,6,5,5,6,7,3,6,3,7,3,6,7,7,7,3,7,2,7,7,2,7,6,2,Male,phase_017_subj_84,,,
54,340,6,6,5,5,6,4,4,5,4,5,4,2,1,2,3,1,2,2,2,4,4,5,2,4,4,5,4,4,5,7,8,7,7,8,8,8,7,7,3,6,3,6,6,5,5,3,6,6,5,5,2,6,6,5,5,7,5,6,5,6,6,7,5,6,5,5,6,7,5,2,7,3,6,6,6,6,6,7,Female,phase_017_subj_75,,,
55,43,5,5,6,6,5,4,3,4,4,4,4,2,-1,-1,2,-2,2,3,2,4,5,4,4,5,3,3,4,4,3,7,8,8,6,4,8,6,7,8,5,5,3,6,2,5,6,6,6,5,5,4,6,3,3,2,5,4,5,4,5,4,5,5,6,5,6,6,6,7,6,6,7,7,6,6,6,6,4,6,Female,phase_017_subj_7,,,
56,370,6,7,7,4,5,5,3,4,4,4,4,2,2,2,3,1,2,2,3,5,5,5,1,4,4,4,4,2,2,4,8,7,5,4,4,7,7,7,6,4,6,6,6,2,6,6,6,2,7,6,6,2,6,6,6,6,6,2,2,6,3,3,2,6,2,3,5,6,7,4,2,5,2,6,2,6,5,6,Male,phase_017_subj_87,,,
57,533,4,4,5,5,6,4,3,4,5,4,4,-1,-2,1,1,-1,2,1,1,4,5,4,4,4,5,4,4,5,5,5,4,3,5,3,3,5,3,4,5,1,6,4,6,1,6,2,4,3,5,2,5,3,3,5,5,4,5,3,3,6,5,7,2,6,5,5,7,5,5,6,3,5,4,6,6,5,3,6,Female,phase_017_subj_127,,,
58,179,5,4,6,6,5,4,3,5,5,5,5,-3,-1,1,1,-3,2,2,3,5,4,4,4,5,4,4,5,4,5,4,5,3,3,2,3,3,3,4,5,1,6,4,5,3,6,2,4,3,5,3,6,3,3,6,4,4,5,4,2,5,5,5,3,6,5,5,6,6,5,5,3,4,3,5,5,6,3,6,Female,phase_017_subj_46,,,
59,540,6,6,7,6,7,5,3,4,5,5,5,2,1,2,2,1,2,2,2,5,5,1,5,5,4,5,5,5,5,5,7,7,5,4,4,7,5,5,5,7,1,7,6,5,6,1,7,7,5,3,6,4,6,7,3,7,5,6,7,5,7,7,7,6,7,6,7,7,7,7,7,7,7,7,7,7,7,7,Female,phase_017_subj_135,,,
60,242,4,4,6,6,5,5,3,4,4,4,4,-2,-1,2,1,-2,2,2,1,4,5,4,5,4,4,5,5,4,5,5,6,3,5,3,3,4,2,3,5,2,5,2,5,3,7,3,4,3,5,2,6,3,2,5,5,3,6,4,3,5,5,5,2,5,6,5,5,6,6,5,3,6,4,5,5,5,2,5,Male,phase_017_subj_58,,,
61,357,5,5,6,6,5,4,3,5,4,4,4,-1,-2,1,1,-1,2,2,1,4,4,4,5,4,5,5,4,4,5,4,5,3,4,2,3,4,3,4,5,2,5,4,5,3,6,2,4,3,5,3,6,3,2,5,5,3,6,4,3,6,5,5,3,6,5,5,6,5,5,6,3,5,4,6,6,5,2,5,Female,phase_017_subj_82,,,
62,432,4,4,5,6,5,4,3,5,5,4,5,-1,-1,1,2,-2,1,2,1,4,5,4,4,5,4,5,4,4,5,3,3,2,4,1,2,3,2,3,4,2,5,3,6,2,5,2,4,3,5,2,6,3,2,5,5,4,5,4,3,6,5,5,1,6,6,5,5,6,6,5,4,5,4,6,5,5,3,6,Female,phase_017_subj_104,,,
63,26,3,2,3,4,3,2,3,2,4,4,4,-1,1,-2,2,-2,-1,-1,2,5,4,5,4,4,2,3,2,4,4,7,8,4,8,4,2,8,6,8,5,3,2,5,3,2,1,3,2,2,2,1,5,3,1,2,2,6,2,3,3,2,2,3,1,5,3,5,3,7,2,6,5,3,3,2,6,2,1,5,Female,phase_017_subj_3,,,
64,366,5,6,5,4,5,4,2,5,3,2,5,2,1,2,2,1,2,3,2,4,5,4,5,4,4,5,4,5,4,6,6,4,7,6,8,7,8,8,4,3,6,6,5,3,6,1,6,2,6,3,5,4,6,5,5,4,6,3,3,6,5,7,4,5,6,6,5,6,6,6,5,5,2,6,5,6,3,6,Male,phase_017_subj_83,,,
65,51,4,5,6,6,2,4,3,3,2,2,3,2,2,1,3,1,2,2,2,5,4,4,2,5,5,4,4,4,5,4,3,6,5,2,6,8,4,7,5,2,7,3,3,2,5,1,5,2,5,2,5,4,5,3,6,4,5,2,2,4,3,4,3,7,3,4,6,5,5,2,7,5,2,6,6,7,3,6,Female,phase_017_subj_10,,,
66,308,6,5,6,4,4,4,3,4,4,4,4,2,1,1,-1,1,2,2,1,5,5,5,5,4,3,3,4,4,4,5,5,5,5,5,4,4,8,7,5,4,2,3,5,3,5,3,5,4,5,6,5,5,4,4,4,4,4,2,6,5,7,7,6,7,7,7,6,6,7,7,7,3,3,7,4,6,3,6,Female,phase_017_subj_69,,,
67,504,5,4,5,5,6,5,4,4,5,4,5,-1,-2,1,2,-1,1,1,2,4,4,5,5,5,4,5,4,4,4,4,5,3,5,4,4,6,4,5,5,2,6,4,5,3,6,3,3,3,5,2,6,3,2,6,4,3,5,4,3,7,5,5,2,5,5,7,6,5,5,6,3,5,4,5,5,6,3,5,Female,phase_017_subj_125,,,
68,38,6,5,6,6,7,5,4,4,4,4,4,-1,-1,1,1,-1,2,2,1,4,5,5,5,4,4,5,4,5,4,4,4,3,4,2,2,3,2,3,5,3,6,4,4,2,5,2,4,3,5,2,5,2,3,6,5,3,6,4,3,6,5,5,2,5,6,7,5,5,5,6,3,5,4,5,6,5,3,6,Female,phase_017_subj_6,,,
69,482,5,4,5,6,5,4,3,5,4,4,4,-1,-1,2,1,-2,1,2,1,4,4,4,5,5,4,4,5,4,4,4,4,2,4,2,3,4,3,4,5,3,6,4,5,1,6,2,4,3,6,3,6,2,2,5,6,4,5,4,3,6,6,7,1,5,5,6,6,5,5,6,4,4,3,7,5,5,3,6,Male,phase_017_subj_120,,,
70,623,3,2,3,4,2,5,4,4,5,5,5,2,1,-1,1,1,2,2,2,5,4,5,4,4,4,5,3,4,5,4,6,4,6,4,7,5,3,7,3,3,2,3,3,2,5,3,4,2,5,2,6,5,2,5,3,3,3,5,1,2,3,6,2,5,2,7,3,7,1,7,7,2,1,3,1,7,2,6,Female,phase_017_subj_152,,,
71,664,4,3,3,3,2,2,4,3,4,4,5,2,1,-1,-1,-2,1,2,2,4,4,5,5,3,2,4,4,4,4,2,4,4,4,4,1,4,4,6,3,3,6,4,5,3,5,2,4,2,3,3,4,7,2,6,2,3,7,3,3,4,7,6,2,6,3,6,7,7,2,5,5,3,3,5,3,6,2,6,Female,phase_017_subj_156,,,
72,32,7,5,5,4,5,5,4,4,4,5,4,2,1,1,2,-1,1,2,2,5,3,5,4,4,4,3,4,3,4,3,5,7,7,4,7,8,8,6,6,5,5,6,6,4,7,5,6,4,6,5,4,4,6,6,5,7,3,6,5,6,3,7,4,6,6,7,6,6,7,6,3,3,6,7,7,7,4,7,Female,phase_017_subj_5,,,
73,688,4,3,4,3,2,4,3,4,3,4,5,3,2,2,-1,-2,1,2,2,5,5,5,5,5,5,5,4,4,5,6,8,8,7,3,3,7,9,8,6,4,6,5,4,2,6,2,3,3,6,2,6,2,3,3,6,2,6,1,4,4,3,3,2,6,5,6,7,7,1,5,5,2,1,6,4,5,5,6,Male,phase_017_subj_166,,,
74,441,5,5,5,4,5,5,2,3,4,4,4,2,1,-1,2,1,2,2,2,4,4,4,3,3,4,3,4,4,4,5,6,7,7,6,4,6,7,8,5,3,3,3,6,1,5,3,4,3,4,3,5,2,2,3,5,2,3,3,3,4,3,3,2,6,3,7,5,6,5,6,7,1,2,7,2,7,3,5,Female,phase_017_subj_106,,,
75,90,5,5,5,3,2,2,2,4,4,4,4,1,2,-1,1,1,1,2,2,5,4,5,5,4,4,4,4,5,4,6,4,4,7,6,5,7,6,7,5,5,2,5,3,3,2,2,5,3,3,3,5,2,3,5,5,3,2,3,3,3,3,6,5,5,3,5,3,6,3,3,6,3,3,6,6,7,3,5,Female,phase_017_subj_22,,,
76,395,6,5,6,6,5,4,1,4,4,4,4,-1,1,2,1,2,2,3,1,4,5,5,5,5,3,4,4,4,4,6,7,4,6,3,8,6,8,5,2,5,3,6,6,3,6,3,6,5,6,5,5,1,5,3,4,6,2,6,6,3,4,5,3,6,5,6,5,6,3,5,5,7,4,5,6,4,2,7,Female,phase_017_subj_95,,,
77,401,5,4,4,3,2,3,4,4,4,4,4,-1,1,-1,1,-1,1,1,1,4,4,4,4,3,3,3,4,4,3,5,4,4,5,3,5,4,3,5,5,5,5,4,4,3,3,5,4,4,3,3,3,4,5,4,3,4,3,3,3,3,3,3,3,3,3,3,3,6,3,3,6,5,3,3,3,3,3,3,Female,phase_017_subj_99,,,
78,656,5,3,3,2,1,5,2,2,5,5,5,1,-2,-1,3,-2,-2,1,2,4,4,3,5,5,2,3,2,4,2,1,4,3,6,4,3,5,4,5,5,3,6,4,6,6,1,1,4,2,2,2,6,3,4,3,2,6,1,2,1,1,5,1,2,5,1,6,2,1,7,1,7,2,4,3,7,7,2,4,Male,phase_017_subj_155,,,
79,226,5,4,5,4,3,4,3,4,4,4,4,-1,2,-1,3,-1,1,2,1,5,4,4,4,3,3,4,3,4,4,3,4,5,5,6,4,7,8,5,5,5,4,4,5,5,6,1,4,3,4,3,4,2,3,4,4,5,5,4,3,3,4,4,3,6,6,5,7,6,6,6,4,3,3,4,2,7,4,6,Male,phase_017_subj_53,,,
80,74,3,3,3,4,3,2,3,4,4,4,2,2,-1,-1,1,-1,-2,-2,1,2,4,3,2,2,3,2,2,2,4,6,5,4,4,6,5,4,5,5,6,4,3,4,5,4,3,5,3,5,3,6,5,7,3,5,1,7,4,5,7,2,7,2,6,4,7,4,7,5,7,6,7,7,5,7,7,7,7,1,Male,phase_017_subj_16,,,
81,82,3,3,3,2,3,3,3,2,4,4,4,1,-2,-2,-2,-2,1,1,2,5,4,5,5,4,3,4,4,4,4,4,4,3,4,4,3,4,4,4,4,5,2,4,3,3,4,4,5,2,3,3,5,2,5,6,4,5,3,3,2,3,3,2,3,7,4,7,7,7,3,6,7,2,3,6,1,7,6,3,Female,phase_017_subj_19,,,
82,347,5,5,6,4,4,4,4,5,3,4,5,2,-1,1,-1,1,2,3,2,4,4,4,4,3,4,3,4,4,3,6,5,4,6,5,6,7,7,8,6,4,4,5,4,5,5,7,4,5,5,1,7,4,3,4,4,7,4,4,5,4,4,2,4,5,4,6,4,7,7,4,6,4,4,7,7,7,4,4,Female,phase_017_subj_77,,,
83,490,5,5,5,5,4,4,3,4,5,5,4,2,-2,2,1,2,2,2,2,4,4,5,5,4,4,4,4,4,4,7,7,7,8,7,7,8,8,8,5,5,4,5,5,3,6,6,5,4,4,3,6,2,3,5,4,3,5,4,2,5,2,4,3,5,3,6,7,4,7,3,7,7,3,6,2,6,3,4,Female,phase_017_subj_122,,,
84,123,4,3,3,4,3,2,3,3,4,3,3,1,-1,1,1,-1,1,1,1,4,4,4,3,4,4,4,4,4,4,4,5,4,7,6,4,6,6,6,5,4,5,4,5,3,4,5,4,3,4,3,5,4,4,3,4,3,5,3,4,5,3,4,3,5,3,5,4,7,5,4,4,4,4,4,7,4,4,5,Male,phase_017_subj_35,,,
85,533,2,2,2,2,2,4,3,2,4,4,4,2,-1,2,2,-1,2,2,2,4,4,4,4,4,4,4,3,2,4,4,5,5,5,4,4,5,5,5,5,3,5,3,5,5,3,5,3,3,3,5,5,3,4,3,3,5,5,5,3,3,3,3,3,5,3,5,5,5,3,3,5,3,3,5,3,5,3,5,Female,phase_017_subj_128,,,
86,490,6,5,6,5,5,5,4,4,5,4,5,2,2,3,2,1,3,3,2,4,5,5,4,5,4,5,4,5,4,8,7,8,7,6,6,7,6,8,6,6,5,6,7,5,6,5,7,7,6,6,6,5,5,6,5,5,7,6,5,6,5,5,6,7,5,6,7,6,6,5,7,7,5,6,2,7,6,6,Female,phase_017_subj_123,,,
87,598,2,2,2,1,2,4,2,2,5,5,5,1,2,-2,-1,-2,1,2,-1,5,4,5,4,4,4,3,3,3,4,2,7,3,5,5,2,5,5,5,6,1,5,3,2,2,6,5,2,1,3,2,4,2,3,5,6,2,3,2,2,3,2,2,1,6,3,7,4,6,3,3,4,2,2,6,2,7,2,6,Male,phase_017_subj_145,,,
88,65,6,5,6,5,3,4,1,5,5,5,4,3,3,1,-2,-2,2,3,3,5,4,5,5,4,2,4,2,5,4,5,4,5,4,5,5,5,4,4,6,3,6,6,5,2,5,2,7,3,2,2,7,2,1,3,5,2,3,3,2,2,2,1,2,3,2,5,3,5,2,2,2,3,2,3,1,2,2,1,Male,phase_017_subj_14,,,
89,461,5,6,6,5,5,4,4,5,4,5,4,2,1,1,2,1,3,2,3,4,3,5,3,4,4,4,5,4,5,6,5,6,7,6,8,6,6,7,5,4,6,6,7,3,6,1,5,6,5,4,5,6,4,4,5,4,6,6,2,3,3,3,2,5,6,7,5,5,7,3,5,6,3,5,3,7,3,6,Female,phase_017_subj_113,,,
90,398,6,5,5,5,3,4,4,5,5,5,5,3,3,2,3,-1,1,3,3,5,5,5,5,5,4,4,4,5,4,7,8,7,8,6,8,8,8,8,5,6,4,6,6,2,6,1,7,3,6,2,7,1,6,4,6,5,3,6,1,2,1,1,1,7,1,6,1,7,6,1,1,1,1,1,1,1,2,3,Male,phase_017_subj_97,,,
91,377,5,4,5,3,3,5,4,4,4,5,4,1,-1,2,1,1,2,2,1,4,3,5,4,2,5,4,4,5,5,7,8,8,8,7,7,6,7,7,5,5,3,6,5,3,6,5,5,4,4,3,5,2,3,4,5,5,3,6,3,3,3,2,3,5,4,6,5,5,6,4,5,5,3,6,3,3,3,3,Female,phase_017_subj_89,,,
92,119,6,5,6,6,6,5,4,4,4,5,5,3,1,2,2,2,2,3,3,5,5,5,4,5,5,4,5,5,4,4,4,3,6,7,4,7,6,8,6,7,6,7,7,3,7,1,6,7,7,7,6,6,5,5,7,6,7,7,4,5,2,6,3,6,6,6,7,7,6,6,3,6,5,7,7,7,6,6,Male,phase_017_subj_32,,,
93,426,6,5,6,5,4,4,4,5,5,5,5,2,1,2,3,1,3,2,2,4,3,4,4,3,4,4,5,4,4,6,7,7,8,7,8,7,8,6,5,5,5,6,5,4,6,1,6,6,5,5,6,6,4,5,5,5,6,5,3,6,3,4,5,7,5,6,5,6,7,3,6,6,3,6,5,6,4,7,Male,phase_017_subj_103,,,
94,463,4,4,4,4,2,4,3,3,3,4,4,1,-2,1,-1,-1,-1,2,2,5,4,5,4,5,2,3,3,2,4,3,4,3,6,3,7,4,6,4,4,6,6,2,4,3,4,1,4,4,4,2,4,3,3,2,4,4,6,2,1,5,3,2,2,5,4,7,3,6,3,6,7,2,3,4,4,7,3,4,Female,phase_017_subj_114,,,
95,372,7,6,7,7,5,5,3,4,4,4,5,2,3,2,3,1,2,3,3,5,5,5,4,4,4,4,5,5,4,7,8,8,8,7,8,8,8,8,6,4,4,5,5,4,6,5,5,4,4,3,6,2,5,5,4,6,6,3,6,5,5,4,5,6,5,5,5,6,5,7,5,6,6,6,6,6,6,6,Female,phase_017_subj_88,,,
96,280,4,4,4,4,3,4,3,4,3,4,5,1,1,-1,1,-1,1,1,2,4,4,5,5,3,2,3,2,3,4,4,6,5,5,6,4,6,6,5,7,4,7,4,7,4,4,7,7,7,4,4,4,4,7,7,4,7,7,4,7,7,4,4,1,7,7,7,7,7,7,4,7,7,7,7,7,7,1,7,Female,phase_017_subj_64,,,
97,539,6,5,5,3,2,2,3,3,4,4,4,2,-2,1,1,-1,1,2,2,5,4,5,4,4,3,4,3,4,4,4,6,5,6,3,4,7,7,7,5,5,2,6,5,6,5,6,5,3,5,3,2,5,3,6,2,3,3,6,3,3,7,6,5,6,3,6,7,7,7,7,7,2,7,6,3,7,3,6,Female,phase_017_subj_133,,,
98,454,5,3,4,4,2,2,3,3,4,4,4,-2,-1,1,1,-1,1,2,1,5,4,5,5,4,3,3,4,2,4,3,6,5,4,3,6,4,6,4,3,5,4,3,5,6,4,7,4,2,3,2,4,6,2,3,4,2,4,6,5,3,6,5,6,7,6,6,6,6,3,6,7,2,5,5,4,7,5,7,Male,phase_017_subj_111,,,
99,91,5,6,5,4,3,4,3,5,4,4,4,2,-1,1,2,2,3,2,3,4,5,5,4,4,3,4,3,4,4,6,8,6,7,6,6,7,6,7,4,5,4,6,5,3,6,3,7,5,5,4,5,3,6,6,5,5,5,5,3,6,4,5,5,6,5,5,5,6,3,5,3,3,3,4,3,6,3,6,Female,phase_017_subj_24,,,
100,686,6,6,5,5,6,4,3,4,4,4,2,2,-2,1,2,2,2,1,1,4,5,3,4,4,3,4,4,3,4,6,7,5,6,5,5,5,7,7,6,4,5,5,2,6,4,7,4,4,4,7,5,4,3,5,5,4,3,5,5,1,6,5,6,5,7,1,7,6,7,6,7,6,6,6,6,6,3,5,Female,phase_017_subj_163,,,
101,622,5,5,4,3,2,4,3,2,4,4,4,1,1,-2,1,-2,1,-1,1,4,4,5,5,4,4,3,3,4,4,4,3,3,4,4,2,3,3,4,6,5,2,4,3,3,5,3,3,3,3,3,5,3,3,5,3,3,3,3,3,3,3,3,3,3,3,4,3,5,6,5,3,7,3,4,2,6,3,5,Female,phase_017_subj_149,,,
102,414,3,4,4,5,4,3,3,4,3,4,4,1,1,1,2,1,1,1,1,3,3,4,3,3,2,3,2,3,3,6,7,6,6,6,7,7,6,7,5,2,4,3,5,2,5,5,5,3,2,3,5,5,3,6,4,5,4,6,4,4,3,4,3,5,3,6,4,4,5,3,5,3,3,5,3,5,3,5,Male,phase_017_subj_101,,,
103,674,4,4,5,3,3,4,3,3,4,4,5,3,2,1,1,1,1,1,1,5,5,5,5,5,4,4,3,4,4,4,5,5,6,5,4,5,5,5,5,5,4,4,4,3,4,3,4,3,4,3,4,4,3,4,3,4,5,3,3,5,3,7,4,6,7,6,4,7,5,6,7,4,3,7,7,6,3,7,Female,phase_017_subj_160,,,
104,23,5,5,5,3,2,5,3,4,5,5,5,3,3,1,2,-1,1,2,2,5,5,5,5,5,3,4,3,4,3,6,6,5,6,5,4,5,7,7,4,5,5,5,5,2,5,1,6,3,4,3,6,1,3,4,3,5,3,5,1,1,1,1,1,6,1,6,1,7,1,1,1,1,1,1,1,1,2,6,Male,phase_017_subj_1,,,
105,387,4,4,5,4,2,4,3,4,4,4,4,1,1,2,2,2,2,2,3,3,4,5,4,3,3,3,3,3,4,7,6,6,7,6,7,7,7,6,5,5,5,5,5,5,5,5,5,3,5,5,5,5,4,5,5,3,4,5,4,5,3,2,4,5,3,4,4,3,5,3,5,3,3,5,3,5,4,5,Female,phase_017_subj_93,,,
106,23,3,4,3,3,4,4,3,4,4,3,3,1,-1,1,-1,-1,1,1,2,4,4,4,4,2,3,4,3,3,3,5,5,5,6,5,7,5,6,6,5,4,3,5,4,3,5,3,4,3,4,3,5,4,4,4,4,4,5,4,5,4,6,3,3,5,5,5,7,5,7,4,6,7,6,7,7,7,4,3,Female,phase_017_subj_2,,,
107,694,3,4,6,5,6,4,2,5,2,3,4,3,2,2,1,3,2,2,1,5,4,2,3,4,5,4,4,3,4,4,6,3,5,4,6,5,4,4,7,2,7,3,6,2,5,2,7,3,6,3,5,2,5,2,6,4,5,2,1,6,3,5,4,6,5,6,5,4,3,5,2,4,4,3,4,7,3,7,Male,phase_017_subj_167,,,
108,325,3,2,3,3,2,3,2,3,4,2,4,1,-1,-1,1,-1,-1,1,1,4,4,5,5,4,4,4,4,3,3,3,4,4,4,5,4,5,4,5,4,7,4,1,4,1,4,7,4,1,4,1,7,7,4,7,4,4,4,4,4,4,4,4,4,4,7,7,7,7,7,7,7,7,4,7,4,7,4,7,Female,phase_017_subj_73,,,
109,270,6,5,6,4,3,4,3,4,2,2,5,1,-1,1,2,1,2,2,2,4,3,4,2,4,4,4,3,4,4,6,5,7,8,6,6,7,6,8,5,3,5,4,5,4,4,3,5,2,6,3,4,3,4,4,5,4,5,3,3,6,3,4,3,5,3,4,4,5,3,4,4,2,3,5,2,5,3,4,Female,phase_017_subj_63,,,
110,673,3,3,2,2,2,4,4,3,4,4,4,-1,2,-1,2,-2,2,1,2,4,3,5,3,2,3,3,4,3,4,4,5,6,6,5,3,5,6,6,5,2,6,5,6,5,6,3,3,5,6,3,3,3,3,4,6,3,7,5,3,3,2,2,3,6,5,6,5,6,3,3,3,2,3,4,5,5,2,6,Male,phase_017_subj_159,,,
111,500,6,6,6,4,6,4,3,4,4,4,4,2,-1,-1,2,1,2,2,2,4,4,4,4,3,4,4,4,4,4,4,6,6,7,7,4,6,7,8,5,3,5,5,5,3,4,5,3,4,4,3,5,3,2,5,4,5,5,5,3,5,5,6,6,6,5,5,5,5,6,5,6,7,6,6,5,5,6,5,Female,phase_017_subj_124,,,
112,384,6,6,7,5,5,4,3,4,3,4,4,2,1,3,2,2,3,3,2,5,4,1,4,4,4,4,5,5,5,7,7,8,7,8,8,8,8,7,5,4,5,5,5,4,3,5,6,4,5,3,6,3,5,6,4,5,5,5,3,6,3,3,4,7,4,5,5,7,5,6,5,3,6,6,5,7,5,6,Female,phase_017_subj_90,,,
113,109,5,5,5,5,5,4,3,4,5,5,5,1,-2,2,2,1,2,2,2,4,4,5,5,4,4,4,4,4,4,8,8,8,8,7,7,8,8,8,5,5,4,5,3,2,6,6,5,3,4,3,6,2,4,6,4,3,6,5,3,5,3,3,5,5,3,5,7,7,7,4,7,7,2,5,2,7,3,4,Male,phase_017_subj_30,,,
114,398,5,5,4,4,3,4,2,4,4,4,4,2,2,3,3,2,2,2,2,4,4,5,5,4,3,3,1,4,3,7,7,6,8,7,7,8,8,7,6,5,3,6,5,3,6,5,5,3,5,4,5,4,4,5,5,3,5,6,3,5,3,2,3,5,3,4,4,5,5,3,4,3,3,5,3,5,6,5,Male,phase_017_subj_98,,,
115,465,4,4,3,3,3,4,3,3,4,4,4,2,3,2,2,1,2,2,3,4,4,4,3,4,4,4,4,4,4,6,6,7,8,6,8,7,7,8,5,4,4,5,5,3,6,4,6,3,5,4,6,3,4,4,4,5,6,4,3,5,4,4,3,5,4,6,4,5,6,4,6,4,3,6,3,6,4,5,Female,phase_017_subj_115,,,
116,321,5,5,4,5,3,4,2,5,4,4,5,2,1,2,3,-1,-1,2,2,4,5,5,5,5,4,3,4,4,4,2,4,4,4,4,4,4,3,4,4,6,5,6,6,2,7,1,3,5,5,1,6,2,4,3,5,4,6,2,3,5,2,5,1,7,2,7,7,7,7,7,7,7,1,7,2,7,2,6,Female,phase_017_subj_71,,,
117,412,4,4,4,3,3,4,2,3,3,3,4,2,1,1,-1,-1,1,1,1,5,4,4,4,4,4,4,4,4,3,5,6,6,7,5,7,7,7,6,4,5,3,5,5,4,5,5,4,3,4,3,5,3,3,4,4,4,3,5,3,5,3,2,3,5,3,6,5,4,3,2,5,3,3,6,5,5,4,5,Female,phase_017_subj_100,,,
1,451,6,7,6,5,5,5,3,5,4,5,4,1,2,3,3,1,3,2,2,4,5,1,5,2,1,4,5,5,5,6,6,7,6,7,5,6,7,7,6,6,4,7,6,7,4,1,6,6,5,5,5,7,7,6,6,7,5,6,7,6,6,5,7,7,7,6,7,6,7,7,6,6,7,7,7,5,6,6,Male,phase_018_subj_70,,,
2,168,5,5,6,3,3,5,5,5,5,5,5,2,1,3,2,2,3,2,2,5,5,5,5,5,4,4,3,5,4,6,8,5,8,6,8,7,8,8,4,7,3,6,5,6,5,4,6,6,5,6,4,3,6,4,5,5,5,6,6,6,7,6,7,7,7,6,7,7,7,7,7,7,7,7,7,7,7,7,Female,phase_018_subj_26,,,
3,248,7,6,7,6,6,4,4,5,5,5,4,2,2,3,2,3,2,3,2,5,4,5,5,5,4,4,4,5,4,5,6,6,7,5,5,5,6,6,6,7,6,7,7,6,7,5,6,6,7,7,6,1,4,5,6,7,6,6,3,6,2,6,6,6,7,6,6,7,7,6,6,6,6,7,7,7,7,6,Female,phase_018_subj_33,,,
4,451,2,2,2,3,2,2,3,2,3,3,4,2,-2,-1,2,-2,1,2,1,5,4,5,4,4,4,4,4,4,4,5,5,4,5,4,3,5,4,6,4,3,2,3,5,3,2,3,5,2,4,3,5,4,3,3,3,4,3,3,4,3,4,3,4,4,5,5,4,5,5,5,5,4,4,4,4,4,4,4,Female,phase_018_subj_71,,,
5,449,4,3,3,2,2,4,2,3,4,4,5,1,-1,1,1,-2,-1,1,1,4,5,5,2,4,4,4,4,4,4,4,4,2,4,4,3,4,5,5,5,5,4,4,6,3,4,4,3,4,4,3,4,4,5,3,6,3,4,5,4,2,4,2,3,6,4,5,6,4,6,5,4,5,3,5,6,5,4,2,Male,phase_018_subj_69,,,
6,584,5,5,6,4,5,5,2,4,4,5,4,3,3,2,2,1,2,3,2,4,3,5,2,4,3,4,4,5,3,7,6,6,8,6,7,7,8,8,5,5,5,7,5,5,5,1,6,3,5,3,2,2,5,7,5,5,4,6,6,5,6,7,4,6,6,7,6,6,7,7,6,7,4,7,7,2,4,6,Male,phase_018_subj_89,,,
7,646,4,3,3,2,2,4,3,4,4,4,4,1,-2,2,1,1,-2,-1,2,4,5,2,2,4,5,5,3,3,4,4,3,6,6,7,6,5,4,4,5,4,4,5,3,3,5,4,3,5,5,4,4,5,6,5,6,3,5,5,3,4,2,2,6,4,3,2,7,5,7,5,6,6,3,5,2,2,5,4,Male,phase_018_subj_99,,,
8,85,6,5,6,4,5,4,4,4,4,4,4,2,2,3,2,3,2,2,3,5,4,5,5,4,3,4,3,5,4,6,6,7,8,5,8,7,8,7,5,6,6,3,6,5,2,6,6,6,4,3,5,6,5,5,6,5,6,3,6,4,2,4,5,5,5,5,6,6,5,6,6,2,4,6,6,5,3,6,Male,phase_018_subj_6,,,
9,44,6,5,6,5,7,4,3,4,4,4,4,2,2,1,2,-2,1,2,2,5,5,5,5,4,3,4,4,5,5,6,6,5,7,3,4,6,5,6,5,2,4,5,3,3,5,6,6,4,6,2,6,5,5,6,5,3,4,5,2,4,3,4,3,6,3,7,7,7,7,3,7,6,6,7,2,6,3,4,Male,phase_018_subj_3,,,
10,680,3,2,4,3,2,3,3,3,4,4,3,-1,1,-1,1,-2,1,1,1,3,3,4,3,3,3,2,2,2,2,4,3,4,4,3,4,4,6,4,4,3,4,5,4,4,3,3,3,3,4,4,3,6,5,4,3,3,3,4,4,3,4,3,5,4,4,3,3,4,4,3,5,2,3,4,6,3,3,4,Female,phase_018_subj_103,,,
11,189,6,6,6,4,2,5,2,5,5,5,5,1,-1,1,2,1,2,2,2,5,5,5,5,4,4,4,4,4,4,5,6,7,7,6,6,5,7,8,7,6,4,4,5,5,4,7,4,5,5,3,3,5,4,6,4,6,4,6,4,5,3,6,3,7,5,5,6,7,7,3,7,4,4,6,6,7,6,6,Male,phase_018_subj_28,,,
12,117,6,5,5,5,5,4,4,4,4,4,4,2,-1,1,1,-1,1,1,1,5,5,5,4,4,3,4,3,4,4,7,6,7,8,5,4,7,6,6,3,4,5,5,5,3,5,2,4,3,3,3,5,6,4,5,3,3,5,5,3,3,3,3,3,6,3,5,7,7,6,6,2,2,2,6,3,7,2,3,Male,phase_018_subj_15,,,
13,312,5,3,5,3,2,5,3,4,5,4,5,2,2,1,2,-1,1,2,2,5,4,4,4,4,4,4,4,5,4,5,6,6,6,4,5,5,6,5,3,3,6,5,5,3,5,2,4,3,4,3,6,4,3,4,3,4,5,5,3,4,3,4,2,5,3,5,5,6,5,5,5,5,6,5,5,5,4,4,Female,phase_018_subj_46,,,
14,112,5,4,4,3,3,4,4,3,4,4,4,2,-1,-1,-1,-1,1,2,2,4,4,5,2,3,3,3,4,3,4,6,8,4,8,8,6,4,4,8,5,5,2,3,4,3,3,3,4,2,4,2,5,5,2,6,3,4,3,5,3,4,3,3,3,5,3,3,6,6,3,3,6,4,6,3,3,7,3,4,Female,phase_018_subj_13,,,
15,391,6,6,5,6,6,4,3,4,4,4,4,2,2,1,2,-1,1,1,1,4,5,4,4,5,2,4,4,4,3,5,6,6,7,4,5,6,4,4,3,3,5,5,6,3,5,2,5,5,3,3,2,3,3,3,5,3,5,5,5,3,3,5,4,6,3,5,7,7,6,6,3,2,2,5,3,5,3,3,Female,phase_018_subj_59,,,
16,332,6,5,5,6,6,4,2,3,4,4,5,2,2,2,3,1,2,3,2,5,4,5,2,5,4,4,4,5,5,6,7,7,8,7,7,8,8,8,6,5,5,6,6,5,5,2,5,3,3,2,6,7,6,3,3,7,3,3,4,3,3,5,2,7,5,5,7,7,5,7,7,7,5,7,3,1,3,6,Female,phase_018_subj_50,,,
17,277,7,6,6,7,6,5,5,4,5,4,5,3,3,2,1,3,2,3,3,5,4,5,5,4,5,5,5,5,4,8,9,8,9,8,7,8,9,9,6,6,7,7,7,6,6,1,6,6,6,6,7,7,7,6,6,7,7,7,7,7,7,6,6,7,7,7,7,7,6,7,7,6,6,7,7,7,6,6,Male,phase_018_subj_41,,,
18,627,5,5,6,5,5,4,4,4,4,4,4,2,1,1,2,-1,-1,2,2,5,4,5,4,4,3,4,4,4,4,6,7,6,8,4,4,8,7,7,2,3,5,6,5,3,6,2,5,3,3,3,5,3,3,3,5,3,4,5,3,5,3,3,5,6,3,5,7,7,6,5,3,1,2,5,3,6,3,3,Male,phase_018_subj_97,,,
19,190,5,6,5,5,2,4,2,5,4,5,4,2,3,3,3,3,2,2,3,4,5,5,5,3,4,3,4,4,5,7,8,8,7,8,9,7,6,7,5,7,2,7,5,2,3,7,1,7,5,6,1,2,6,2,5,2,6,1,3,6,5,5,3,3,3,1,7,7,7,1,7,2,5,3,6,3,5,6,Male,phase_018_subj_29,,,
20,318,5,5,4,6,4,4,4,4,4,4,4,2,-1,2,-2,2,3,2,2,4,5,5,2,4,5,4,4,5,4,6,7,4,6,6,6,7,6,7,5,5,6,6,5,5,3,2,6,3,3,3,6,3,6,7,5,6,6,5,3,6,3,3,6,7,5,6,5,7,7,6,7,7,6,7,7,7,5,6,Female,phase_018_subj_47,,,
21,332,7,7,7,7,6,5,5,5,5,5,5,3,2,3,3,3,3,3,3,5,5,5,5,5,5,5,4,5,4,8,7,8,8,7,6,7,9,8,7,7,7,7,7,7,7,1,7,7,7,7,7,7,7,7,7,7,7,7,7,7,7,7,7,7,7,7,7,7,7,6,7,7,7,7,7,7,7,7,Male,phase_018_subj_51,,,
22,48,5,4,5,4,2,5,4,4,4,4,4,2,2,1,2,-1,1,1,2,5,4,5,4,4,3,4,4,4,4,4,4,5,6,4,5,4,5,5,3,3,5,6,5,3,6,2,4,3,3,3,6,3,3,4,3,4,5,5,3,4,3,4,3,6,4,5,6,6,5,6,6,5,5,5,6,6,4,5,Female,phase_018_subj_4,,,
23,75,7,7,7,7,7,5,5,5,5,5,5,3,2,3,3,3,3,3,3,5,5,5,5,5,5,5,4,5,5,7,8,8,7,8,6,8,8,8,7,7,7,7,7,7,7,1,7,7,7,7,7,7,7,7,7,7,7,7,7,7,7,7,7,7,7,7,7,7,7,7,7,7,7,7,7,7,7,7,Male,phase_018_subj_5,,,
24,287,6,4,5,4,3,4,3,4,5,5,4,2,1,1,2,-1,1,2,1,4,4,4,4,4,3,3,4,4,4,4,4,5,5,5,6,5,6,5,4,2,4,5,5,2,5,2,4,3,3,3,6,3,3,4,3,6,5,5,3,5,3,3,3,6,3,5,5,6,5,5,6,5,4,6,5,6,4,5,Female,phase_018_subj_42,,,
25,578,7,7,7,6,7,5,5,5,5,5,4,2,1,3,2,3,3,3,2,5,5,5,5,5,4,4,3,5,4,4,7,8,6,4,5,7,8,8,5,6,6,7,7,6,6,1,6,6,6,5,3,7,6,6,5,7,6,7,5,6,3,5,5,7,3,6,7,6,3,3,7,6,1,7,3,7,6,6,Male,phase_018_subj_88,,,
26,140,7,7,7,7,7,5,5,5,5,5,5,3,2,3,2,3,3,3,3,5,5,5,5,4,5,5,5,4,5,8,8,7,8,8,8,8,7,7,7,7,7,7,7,7,7,1,7,7,7,7,7,7,7,6,7,7,7,7,7,7,7,7,7,7,7,7,7,7,7,7,7,7,7,7,7,7,7,7,Male,phase_018_subj_21,,,
27,494,3,2,3,3,2,4,3,2,4,5,4,-1,-1,-2,1,-2,-1,1,2,5,4,5,5,4,4,4,4,4,3,6,7,5,7,6,6,7,6,7,4,3,1,3,5,2,5,3,3,3,2,3,4,3,2,4,2,3,2,6,3,4,3,6,3,6,3,5,4,6,5,5,5,6,5,5,3,6,3,4,Female,phase_018_subj_75,,,
28,107,3,2,3,3,3,4,3,2,4,5,4,-1,1,-2,1,-1,-1,1,2,4,4,5,5,4,4,4,4,4,3,7,8,5,8,6,5,6,5,7,4,3,2,3,5,2,5,2,3,3,2,2,4,3,2,4,3,3,2,5,3,3,3,6,3,6,3,5,6,6,6,5,3,3,5,5,3,5,3,4,Male,phase_018_subj_11,,,
29,267,7,6,7,6,5,5,4,5,5,4,5,3,2,2,2,2,3,3,2,5,5,5,4,4,5,5,4,4,5,9,8,8,9,8,9,8,9,9,7,6,2,6,6,6,6,7,7,6,6,6,6,7,7,6,5,6,5,7,7,6,6,5,5,7,6,6,6,6,7,7,7,6,6,6,6,7,5,6,Male,phase_018_subj_39,,,
30,95,6,6,6,5,5,3,2,4,4,4,4,2,-1,1,-1,-1,2,3,1,4,5,5,5,4,3,4,3,4,4,4,4,5,7,6,5,6,4,5,5,6,5,6,6,4,6,3,5,6,6,5,6,3,6,4,6,6,5,5,3,3,3,2,3,6,4,6,6,5,6,3,6,4,3,6,4,6,5,4,Male,phase_018_subj_9,,,
31,341,5,5,6,4,4,4,4,4,4,4,4,1,-1,1,1,1,2,2,2,4,5,5,4,4,4,4,3,4,4,4,4,5,5,5,4,5,4,5,5,5,3,5,5,3,5,4,5,5,5,4,4,3,3,5,5,5,3,5,3,4,3,5,3,5,5,5,5,1,7,5,5,5,5,5,6,3,3,5,Male,phase_018_subj_55,,,
32,553,3,2,3,2,1,4,2,2,4,5,4,1,-1,-1,2,-2,1,2,2,4,5,5,5,4,4,2,2,4,2,3,4,6,6,5,3,6,4,7,3,3,3,5,2,3,5,2,3,3,2,3,6,3,3,5,3,2,3,5,3,3,3,2,3,3,2,5,7,6,3,1,3,1,3,2,3,5,2,3,Male,phase_018_subj_82,,,
33,340,2,1,2,2,1,3,3,2,4,4,4,1,1,-2,1,-2,1,1,1,4,4,5,4,4,3,2,3,2,3,3,4,2,4,2,4,4,4,4,3,4,3,3,4,3,4,2,3,2,1,2,4,2,1,3,2,3,3,3,3,1,3,1,3,5,2,5,4,5,3,1,2,1,4,1,3,5,2,2,Male,phase_018_subj_54,,,
34,404,5,5,5,5,4,4,3,4,3,3,4,2,-2,-2,1,1,2,2,2,4,4,5,4,3,4,2,3,3,2,4,5,7,3,4,2,2,2,5,5,2,2,4,2,2,6,4,3,3,4,3,2,3,5,3,6,2,2,3,4,1,2,1,2,2,6,5,3,4,1,4,2,1,1,2,2,4,2,2,Male,phase_018_subj_61,,,
35,451,6,6,7,5,5,5,4,4,5,5,5,2,3,1,2,1,1,3,2,5,5,5,4,5,4,4,3,5,4,7,8,7,8,7,8,8,9,9,3,6,5,3,7,3,6,1,6,6,5,2,6,5,6,6,3,4,5,6,1,5,6,6,6,6,6,6,5,7,5,6,7,6,3,6,3,6,5,7,Male,phase_018_subj_72,,,
36,112,5,5,5,4,2,4,3,4,3,2,4,-1,2,1,1,1,-1,1,1,5,5,5,5,5,4,4,4,4,4,7,8,6,9,5,7,5,5,9,6,5,4,6,5,2,4,6,4,5,5,5,5,3,4,3,5,5,3,4,4,5,3,2,3,5,6,5,5,6,5,4,6,2,3,3,6,3,3,4,Male,phase_018_subj_14,,,
37,432,6,6,7,6,6,4,5,5,5,5,5,3,3,2,3,3,3,3,3,5,5,5,5,5,3,4,3,5,5,5,7,4,6,6,5,8,6,8,4,3,2,7,6,5,6,2,7,7,6,6,5,3,6,7,6,7,6,7,6,6,7,5,7,7,7,6,7,7,7,7,4,7,5,7,7,7,3,7,Male,phase_018_subj_65,,,
38,549,3,3,3,1,2,5,4,4,5,4,5,2,3,1,3,1,2,3,2,5,4,5,5,5,2,4,4,4,4,4,6,7,8,7,7,4,5,5,5,6,5,5,3,5,5,1,5,5,6,1,5,3,5,2,6,2,6,5,2,3,3,3,3,6,3,6,7,7,7,3,7,7,3,6,7,7,3,7,Male,phase_018_subj_81,,,
39,360,5,4,5,3,4,4,3,4,4,4,4,2,-1,1,1,-1,1,2,1,4,3,4,4,2,3,3,4,4,3,4,5,6,5,4,4,6,5,4,5,4,3,3,5,4,5,5,4,5,4,3,5,3,3,3,4,5,5,3,3,4,3,3,3,6,3,5,5,5,3,3,3,5,5,5,5,5,3,4,Male,phase_018_subj_56,,,
40,298,6,6,7,5,5,5,4,5,5,5,5,2,2,1,3,2,2,2,2,5,4,5,2,4,5,4,4,4,4,7,7,6,8,7,6,8,9,8,5,5,5,3,6,4,6,7,5,4,5,2,4,1,6,3,5,6,5,7,3,4,2,3,3,7,3,6,5,7,7,6,7,6,2,6,3,5,3,6,Male,phase_018_subj_44,,,
41,514,6,5,5,5,6,5,4,5,4,4,5,2,2,1,2,1,1,2,2,5,5,5,5,5,4,4,4,4,4,7,7,8,8,7,9,8,8,8,3,5,5,5,6,3,6,1,6,5,3,3,6,5,6,2,5,4,5,6,2,5,6,7,6,7,6,7,7,7,6,6,7,6,3,1,5,7,3,7,Male,phase_018_subj_78,,,
42,291,5,6,6,6,5,4,4,4,3,3,4,2,1,2,1,1,3,2,2,4,5,5,4,4,4,5,3,4,4,4,3,4,3,4,3,3,4,4,5,4,5,5,5,5,6,5,5,6,5,5,6,5,4,4,5,5,5,6,4,5,5,4,5,6,6,7,7,6,7,7,7,3,5,6,6,6,3,6,Male,phase_018_subj_43,,,
43,507,6,6,6,5,4,5,3,4,5,4,5,2,2,1,2,1,1,1,2,4,5,4,1,4,3,3,2,3,2,3,4,4,4,3,3,3,5,4,4,3,5,6,4,3,5,1,4,5,4,3,5,5,5,5,4,7,7,3,2,5,4,4,3,6,5,6,6,7,7,2,7,1,5,6,4,6,3,4,Male,phase_018_subj_76,,,
44,318,5,6,5,5,6,4,2,4,4,4,4,3,1,1,2,-1,2,1,3,5,4,5,5,5,4,5,4,5,4,8,9,5,6,6,7,8,7,8,6,4,2,3,6,3,6,6,6,3,2,3,6,1,5,5,5,1,6,6,2,3,5,2,3,6,3,2,2,3,1,2,3,1,2,2,1,6,2,2,Female,phase_018_subj_48,,,
45,683,6,7,7,7,6,4,4,5,4,4,5,3,1,3,2,2,2,3,2,5,5,5,5,5,5,4,4,5,4,6,6,7,7,7,8,8,9,8,7,7,3,7,6,7,6,7,7,7,6,6,6,5,6,5,5,7,6,7,5,5,5,1,7,6,7,3,7,7,7,6,7,6,4,7,6,7,6,6,Male,phase_018_subj_104,,,
46,93,5,5,6,5,4,4,3,4,4,4,4,2,2,1,2,1,2,2,2,4,4,4,2,4,3,4,4,5,4,6,7,6,7,6,5,4,7,8,5,6,4,5,6,6,4,6,5,5,4,3,6,4,5,5,5,6,3,5,5,5,5,6,4,6,5,5,5,6,3,6,5,6,2,6,5,6,5,6,Male,phase_018_subj_8,,,
47,251,3,1,2,1,2,4,4,2,5,4,5,-2,-1,-2,1,-3,1,2,2,5,4,5,4,5,4,5,4,5,5,6,5,4,7,3,4,6,4,7,5,6,4,5,4,2,5,1,1,5,2,3,6,1,1,3,2,3,4,2,3,2,3,3,4,7,5,7,5,7,4,2,2,1,5,5,2,7,6,6,Female,phase_018_subj_38,,,
48,122,5,5,6,6,4,3,4,4,4,4,4,2,-1,3,2,1,2,2,2,5,4,5,5,4,4,3,3,4,5,8,8,7,7,6,8,8,6,7,5,6,5,5,6,6,7,4,5,7,3,3,5,5,5,6,4,5,2,6,3,3,5,4,2,7,5,3,6,6,4,3,6,6,1,6,6,7,4,5,Female,phase_018_subj_16,,,
49,568,5,4,5,4,2,5,1,4,5,5,4,2,-1,1,2,-1,2,2,2,4,3,5,2,4,3,3,3,3,3,4,4,5,4,4,3,5,5,6,6,2,5,6,5,4,3,6,4,5,3,4,2,4,3,3,6,5,6,2,2,5,5,2,3,5,3,4,2,4,3,2,3,2,2,2,2,2,2,4,Female,phase_018_subj_86,,,
50,155,5,4,3,4,3,3,2,3,2,2,3,2,-1,2,2,1,1,1,2,5,4,5,5,4,3,3,3,4,4,6,8,5,6,4,7,7,8,7,6,6,5,5,6,4,6,3,4,3,5,2,6,3,3,3,6,1,6,5,5,5,4,4,3,7,5,7,7,7,4,5,5,4,4,6,7,1,4,6,Male,phase_018_subj_23,,,
51,396,5,5,6,5,6,5,4,4,5,4,4,-1,-2,2,3,-2,1,2,2,4,4,4,5,5,4,4,5,5,4,3,4,1,3,1,2,2,2,3,5,1,6,4,5,2,5,2,4,3,5,2,6,1,3,6,5,2,5,4,3,6,5,7,2,5,6,6,5,5,6,6,3,5,4,6,5,5,3,6,Female,phase_018_subj_60,,,
52,464,6,5,6,6,7,4,3,4,5,4,4,-1,-2,1,2,-1,1,2,2,4,4,5,5,4,5,5,4,4,5,3,3,1,2,1,1,2,1,2,6,3,5,4,6,2,5,2,4,3,6,3,7,2,2,5,5,4,5,4,2,5,5,5,2,5,6,5,5,6,5,5,3,4,4,6,6,5,3,6,Female,phase_018_subj_73,,,
53,524,6,4,5,7,6,4,3,4,5,5,5,-1,-2,2,1,-2,2,2,3,4,5,4,5,4,5,5,4,4,5,3,4,2,3,3,2,3,2,4,5,1,7,4,5,2,5,3,4,2,5,1,6,2,2,5,6,3,5,4,3,6,5,5,1,6,7,6,5,5,6,5,2,5,4,6,5,5,3,6,Male,phase_018_subj_80,,,
54,522,6,4,5,5,7,4,3,5,4,4,4,-1,-2,1,3,-3,2,2,3,5,5,4,5,4,4,5,4,5,4,3,4,2,3,1,1,2,2,3,5,3,6,4,7,2,6,1,4,3,5,2,5,1,3,6,5,3,6,4,2,7,5,5,2,6,6,5,5,6,5,5,3,6,3,5,5,6,3,6,Male,phase_018_subj_79,,,
55,422,5,5,6,6,5,4,4,4,5,5,4,-2,-3,1,2,-2,1,1,2,4,4,4,4,5,5,4,5,5,4,3,3,2,3,1,1,2,2,3,5,3,6,4,5,3,6,3,4,2,5,1,6,2,3,6,4,4,5,4,3,6,5,5,1,6,5,5,7,5,5,6,3,5,4,6,5,5,2,5,Female,phase_018_subj_62,,,
56,575,5,4,5,5,5,5,3,4,4,5,5,-1,-1,1,1,-2,2,2,1,4,4,5,4,4,4,5,4,5,4,3,4,2,3,1,2,2,1,2,5,1,6,4,6,1,5,2,4,3,5,2,6,3,3,6,5,3,6,4,3,6,5,5,2,5,7,5,5,6,5,5,3,6,4,5,6,5,3,6,Female,phase_018_subj_87,,,
57,635,5,5,6,6,7,4,3,4,4,4,4,-2,-3,1,2,-2,3,2,2,4,4,4,5,4,5,5,4,5,4,3,3,2,3,1,2,2,1,2,5,3,6,3,5,1,6,3,6,3,5,2,6,3,2,5,5,3,6,4,3,7,6,6,2,5,6,7,5,5,7,6,4,5,4,6,5,5,3,6,Male,phase_018_subj_98,,,
58,339,5,4,6,5,7,5,4,4,5,5,5,-2,-1,1,1,-1,2,2,1,5,4,5,4,5,4,5,4,4,5,4,3,3,4,2,2,3,3,2,6,3,6,4,5,3,6,3,4,3,5,2,5,1,2,5,5,3,6,4,2,5,5,6,2,5,5,6,6,5,5,6,3,5,4,6,5,5,3,6,Male,phase_018_subj_53,,,
59,662,6,5,6,5,5,4,3,5,4,5,5,2,1,2,1,2,3,3,2,4,5,5,5,4,3,4,3,5,4,4,5,6,5,4,4,5,6,6,6,7,5,5,7,7,3,7,4,7,5,2,7,7,3,6,5,7,3,7,6,6,7,2,3,7,7,6,7,7,7,6,7,2,6,6,3,7,4,2,Female,phase_018_subj_101,,,
60,249,6,4,5,5,7,4,4,4,4,4,5,-1,-1,1,1,-2,2,1,2,5,4,4,5,5,4,4,5,5,4,3,4,1,3,2,1,2,2,4,5,3,6,4,6,3,5,2,4,3,6,2,7,1,3,6,5,2,5,4,2,6,5,5,1,6,6,5,5,6,6,5,4,5,4,6,6,6,3,6,Male,phase_018_subj_36,,,
61,248,4,4,5,5,6,4,4,5,4,4,4,-2,-2,1,1,-2,2,1,1,4,5,5,4,4,5,4,5,4,4,4,4,2,3,2,1,2,2,3,6,3,6,4,7,2,6,3,4,3,6,3,6,2,2,5,5,3,6,4,2,5,6,6,1,6,5,6,7,5,5,7,3,5,4,6,6,6,3,6,Male,phase_018_subj_34,,,
62,476,3,2,2,2,2,4,3,2,5,5,4,-2,1,-2,1,-2,-1,1,2,4,4,5,5,4,4,4,4,5,3,7,7,6,7,6,6,7,7,8,4,3,2,3,5,2,5,3,3,3,2,3,4,3,2,3,3,3,3,5,3,3,3,6,3,6,3,6,5,6,5,6,5,6,5,5,3,5,3,4,Female,phase_018_subj_74,,,
63,123,6,5,6,7,5,5,3,4,4,5,5,2,2,1,1,2,1,2,2,4,5,5,4,4,4,3,5,5,4,7,8,7,9,8,7,8,7,9,5,5,5,6,6,5,5,7,7,5,5,3,6,2,5,6,6,6,3,7,3,6,2,5,6,6,3,5,6,7,7,6,7,3,6,6,7,6,5,6,Female,phase_018_subj_17,,,
64,368,5,5,5,3,1,5,3,4,4,4,5,2,-1,-1,1,-1,1,1,1,5,4,5,2,4,4,4,4,4,4,7,8,8,8,5,3,7,8,8,6,2,6,5,7,3,5,5,4,5,3,2,6,2,3,6,5,4,6,5,2,3,3,5,2,7,3,7,5,6,7,7,7,7,1,7,7,7,3,5,Female,phase_018_subj_57,,,
65,512,6,5,6,5,6,5,3,4,4,4,4,2,1,1,2,2,2,3,1,4,5,4,5,4,5,4,4,5,3,7,6,8,8,6,8,8,7,7,5,5,6,4,6,3,7,5,6,5,6,3,6,4,4,6,6,5,6,5,4,6,5,3,3,7,5,7,7,5,6,6,7,4,6,6,5,7,3,6,Female,phase_018_subj_77,,,
1,598,5,5,6,5,5,4,4,5,5,5,5,1,-1,2,2,2,1,1,2,5,4,5,5,4,4,4,5,5,4,6,8,7,7,6,8,6,8,8,5,6,4,6,5,3,6,1,6,5,5,3,7,6,6,5,5,7,4,6,6,5,4,1,3,7,3,7,7,7,7,7,7,7,3,6,7,1,5,5,Female,phase_019_subj_43,,,
2,164,7,6,7,6,7,4,5,5,5,5,5,2,2,-1,3,2,3,3,3,5,4,5,5,5,4,4,4,5,5,5,5,5,6,4,5,5,5,5,6,7,1,7,6,7,5,1,7,7,3,7,6,2,5,6,6,7,6,7,7,6,7,7,7,7,7,6,7,7,7,6,7,7,7,7,7,7,7,7,Male,phase_019_subj_16,,,
3,456,5,6,6,7,5,4,4,4,4,5,4,1,1,2,1,2,2,3,3,4,4,4,4,4,5,4,4,5,5,6,7,6,6,5,7,6,7,8,4,6,2,7,5,6,4,7,5,7,5,6,4,6,6,5,6,6,6,7,4,6,6,5,7,5,6,5,7,7,5,6,6,6,6,7,4,6,6,5,Male,phase_019_subj_37,,,
4,617,6,5,7,5,5,5,3,5,5,5,4,2,-1,3,2,2,3,3,2,5,5,5,5,5,4,5,5,5,4,7,6,8,9,7,8,9,8,8,6,5,2,6,5,6,6,1,6,6,7,3,6,1,7,7,6,5,2,5,4,5,6,4,3,7,6,7,7,7,7,7,7,7,6,7,4,7,7,7,Male,phase_019_subj_44,,,
5,140,6,7,6,4,3,4,4,4,5,5,5,2,-2,1,-1,2,2,3,2,5,4,5,5,4,3,4,4,5,4,7,8,7,8,6,7,8,8,8,4,3,2,7,5,4,5,1,6,5,3,4,6,4,4,5,5,5,2,5,3,2,5,2,4,3,3,4,5,6,7,1,5,1,3,2,7,6,4,2,Female,phase_019_subj_12,,,
6,420,3,5,5,2,1,4,4,4,5,5,4,2,1,2,3,1,1,2,2,4,5,5,5,4,5,4,3,4,4,7,8,8,6,7,6,5,6,7,5,3,3,6,5,2,7,1,6,3,5,3,6,5,5,6,3,3,1,5,4,3,3,2,2,5,2,3,6,7,7,3,7,7,6,4,4,7,3,3,Male,phase_019_subj_33,,,
7,270,6,7,6,6,3,4,4,4,5,5,5,1,2,2,-3,1,2,2,1,4,4,5,5,4,2,3,3,4,3,4,7,8,5,4,6,6,8,8,4,5,2,3,4,4,5,1,6,6,4,3,6,7,4,6,5,6,5,4,3,6,5,6,2,6,7,6,7,7,7,3,7,7,3,7,7,7,3,6,Male,phase_019_subj_22,,,
8,622,7,7,7,6,7,5,2,5,1,1,2,3,-3,2,3,1,3,3,3,5,5,5,5,4,4,5,4,5,5,8,7,9,5,6,8,8,5,5,7,7,6,7,7,2,2,1,7,3,7,3,7,2,7,6,6,7,6,6,7,6,7,7,3,1,7,6,7,7,7,7,7,7,7,7,7,7,7,7,Female,phase_019_subj_47,,,
9,531,5,4,5,5,2,4,4,5,4,4,4,2,-1,2,1,2,2,2,3,5,4,5,5,4,3,4,3,4,4,4,3,5,6,4,4,4,5,5,5,6,3,6,6,4,6,1,6,6,6,5,5,6,6,5,5,7,5,6,5,6,3,5,5,6,6,6,6,7,5,5,5,6,4,6,6,5,5,6,Female,phase_019_subj_41,,,
10,685,5,4,5,2,2,5,3,4,4,4,4,1,1,2,1,1,2,1,1,5,5,5,5,4,4,5,4,5,5,6,7,6,8,5,5,6,5,7,4,6,5,5,6,3,5,2,6,5,3,3,5,5,5,4,5,6,5,6,3,3,3,7,6,6,6,7,7,7,5,6,5,7,3,6,6,6,6,6,Male,phase_019_subj_53,,,
11,619,6,4,5,5,3,4,4,4,4,4,5,2,1,2,2,2,3,2,2,4,5,5,5,4,3,4,3,5,4,4,4,5,6,4,5,6,5,5,5,6,4,6,6,5,5,2,6,5,4,3,3,3,5,3,6,6,6,6,4,2,3,5,6,6,6,5,6,6,6,3,5,5,3,6,7,7,6,7,Male,phase_019_subj_46,,,
12,432,7,6,7,6,7,5,3,5,4,5,5,3,-1,3,3,3,3,3,3,5,5,5,4,3,4,5,4,5,5,5,8,6,5,7,6,6,9,9,6,7,5,7,7,7,7,1,7,6,7,5,7,7,7,7,6,7,6,6,6,4,4,3,4,4,3,7,7,7,6,4,3,4,3,4,2,7,4,7,Female,phase_019_subj_35,,,
13,524,5,5,4,3,3,3,2,3,2,2,3,1,-1,1,2,1,2,1,1,4,5,2,4,4,3,3,4,4,4,7,9,5,6,7,8,8,8,7,5,4,4,5,5,4,4,2,5,4,4,3,5,2,6,5,5,4,4,4,5,5,6,5,4,5,5,5,6,4,6,6,5,5,5,5,6,4,5,5,Male,phase_019_subj_40,,,
14,646,6,7,6,5,3,5,4,4,5,5,4,2,-3,1,-2,-2,2,1,2,5,4,5,5,4,3,4,4,5,4,5,6,5,7,3,4,6,5,6,4,3,2,5,5,3,5,1,6,4,3,3,7,5,3,5,6,6,3,6,3,2,3,1,4,3,4,5,5,7,7,1,7,1,4,2,5,5,3,2,Male,phase_019_subj_50,,,
15,105,3,2,2,1,1,4,3,2,4,4,4,1,1,-2,1,-1,1,1,1,4,4,4,4,4,2,2,2,2,2,2,3,2,4,2,3,4,3,4,2,5,3,3,3,3,3,2,4,2,1,3,4,3,1,3,3,3,4,3,3,1,3,1,3,5,3,5,3,2,3,1,3,1,3,1,3,5,2,5,Male,phase_019_subj_9,,,
16,88,5,6,6,2,5,3,4,4,4,5,4,2,-2,1,3,1,2,1,2,4,5,5,5,5,4,4,2,4,4,6,6,5,5,7,6,7,8,8,5,6,3,7,6,3,7,1,5,2,6,3,3,5,5,6,5,6,3,5,3,5,3,3,1,6,5,6,7,7,7,5,7,7,7,7,7,6,6,6,Male,phase_019_subj_8,,,
17,424,2,5,4,3,5,1,2,5,4,5,5,2,-1,1,3,-2,2,2,3,5,4,5,5,4,4,5,4,4,5,3,3,4,5,1,3,4,4,5,5,5,6,7,5,1,6,4,7,3,5,3,2,3,3,4,3,6,7,6,3,2,2,1,3,7,2,6,3,7,7,3,7,6,6,7,3,6,5,7,Female,phase_019_subj_34,,,
18,146,6,5,5,6,5,4,4,4,5,5,4,1,1,2,2,1,3,2,3,5,4,5,5,3,3,4,3,5,4,7,8,7,9,7,7,7,8,6,5,6,4,5,6,5,6,6,5,5,6,6,5,7,5,6,5,4,6,6,5,6,5,5,5,7,6,6,7,6,7,6,6,6,6,6,7,7,6,7,Female,phase_019_subj_14,,,
19,70,5,4,5,4,3,3,3,4,4,5,4,2,-1,1,3,2,1,3,2,5,4,5,5,5,3,3,2,4,3,6,5,4,5,4,5,6,6,7,5,4,5,6,6,3,6,2,5,4,4,3,5,5,6,4,5,4,3,4,3,3,2,2,3,6,2,5,2,7,2,3,5,4,2,4,6,7,3,4,Male,phase_019_subj_6,,,
20,63,6,5,5,7,6,4,3,4,5,4,5,2,1,1,3,-1,1,2,2,4,5,4,5,3,3,5,3,4,4,6,7,5,8,6,7,6,5,8,5,6,5,4,5,6,4,1,6,4,4,6,5,7,5,5,4,2,5,4,3,4,4,3,3,5,4,7,7,4,7,6,4,4,3,7,3,6,4,5,Male,phase_019_subj_5,,,
21,202,5,5,6,5,2,4,2,4,5,4,4,1,-1,-1,3,-1,1,1,2,4,4,4,4,2,2,4,4,4,4,5,8,6,5,7,5,7,7,9,4,7,4,4,1,4,7,7,7,7,7,4,4,4,7,7,4,4,1,4,2,4,3,7,4,3,6,7,7,7,3,7,7,7,4,7,4,7,4,3,Male,phase_019_subj_19,,,
22,352,3,2,2,3,3,4,3,2,3,4,4,2,1,-1,-1,-2,-1,1,1,4,4,5,4,2,3,3,3,2,2,3,4,5,4,4,4,4,3,3,3,3,3,3,3,3,5,3,3,4,4,3,5,4,3,3,3,3,4,3,3,3,2,2,3,4,3,3,3,4,3,4,3,2,2,3,3,5,2,3,Male,phase_019_subj_29,,,
23,39,3,3,4,5,2,4,3,2,4,4,5,3,-1,1,2,-1,1,2,3,5,4,5,5,5,4,3,3,5,3,5,5,4,5,3,4,6,4,7,5,3,3,4,6,2,7,1,5,4,3,3,6,4,3,4,5,5,5,4,3,6,4,2,3,6,3,7,7,7,7,5,6,6,1,7,2,6,3,4,Male,phase_019_subj_4,,,
24,341,4,5,5,4,3,4,2,4,3,3,5,2,2,1,2,2,2,3,2,5,4,5,4,4,4,4,4,4,4,5,6,5,7,6,6,5,6,7,6,5,3,5,5,2,6,4,6,2,5,2,6,6,5,6,5,3,2,5,3,3,3,3,3,6,6,6,6,7,4,3,4,3,2,5,3,6,3,6,Male,phase_019_subj_26,,,
25,394,7,7,7,6,6,5,2,5,5,5,5,2,1,2,-2,1,2,2,3,5,5,5,5,5,4,4,4,4,4,7,6,7,8,7,6,8,7,8,6,3,5,5,6,2,2,4,5,3,4,2,5,5,4,5,6,6,6,2,3,4,5,3,2,7,6,7,7,7,7,7,7,7,7,7,1,7,3,6,Female,phase_019_subj_31,,,
26,192,7,6,6,5,4,4,3,5,4,4,4,2,-1,3,2,1,2,2,3,5,4,5,4,4,3,5,4,5,4,7,5,8,8,6,8,5,7,7,6,4,3,6,6,3,6,4,5,1,4,3,5,4,3,3,2,4,3,2,3,4,2,3,1,5,3,6,5,7,5,5,7,5,2,4,3,7,3,4,Female,phase_019_subj_18,,,
27,232,2,4,4,3,2,4,1,2,3,4,4,-2,1,-3,-2,-1,1,2,2,5,3,5,4,4,4,4,3,4,3,6,6,7,9,4,1,3,8,5,7,3,2,3,1,3,4,4,2,2,1,3,2,4,3,3,4,2,3,2,3,3,3,2,2,5,2,4,3,4,1,5,6,1,3,3,3,2,2,4,Female,phase_019_subj_20,,,
28,162,6,5,5,3,4,4,3,4,5,5,4,2,1,1,2,2,2,1,2,5,5,5,5,5,4,4,3,4,4,4,3,4,5,4,4,4,5,5,6,4,2,6,4,3,2,4,5,4,4,3,6,4,3,4,4,5,6,6,3,3,2,3,3,7,4,6,6,6,4,5,6,6,2,6,5,4,3,6,Female,phase_019_subj_15,,,
29,274,7,6,6,5,4,4,4,5,1,5,5,2,2,1,3,3,3,2,3,5,5,5,5,5,4,5,5,5,5,8,9,7,9,7,7,9,9,9,6,6,7,6,7,2,5,4,7,3,6,3,7,2,7,5,7,4,7,6,2,7,6,7,4,7,7,7,7,7,7,7,7,7,4,7,7,7,4,7,Male,phase_019_subj_23,,,
30,344,6,6,6,6,4,4,3,4,5,5,5,3,3,2,2,2,1,3,3,5,4,5,4,4,4,4,4,4,4,6,6,6,6,5,4,6,6,7,6,5,2,4,6,1,5,4,6,3,5,2,6,2,4,5,6,2,6,6,2,5,2,2,2,4,5,2,7,6,7,6,7,4,4,6,3,7,5,2,Male,phase_019_subj_27,,,
31,315,5,4,5,3,4,4,4,2,4,4,4,1,-1,1,2,1,1,1,2,5,5,5,5,4,4,4,3,4,4,5,4,6,5,4,4,4,4,5,5,4,3,5,4,5,4,6,4,3,3,4,3,7,3,5,3,4,3,5,3,3,4,5,5,6,5,6,4,5,6,3,6,5,4,3,7,6,3,5,Female,phase_019_subj_25,,,
32,667,5,5,6,4,2,4,4,5,5,5,1,2,-3,-1,2,-1,2,2,1,4,5,5,5,2,4,2,5,4,5,7,5,5,6,8,6,6,6,6,6,3,6,6,5,6,6,5,6,2,6,4,6,5,6,6,6,2,3,6,4,2,3,1,2,6,7,2,7,6,6,2,2,2,2,2,2,1,5,1,Male,phase_019_subj_52,,,
33,691,7,7,7,6,6,4,4,4,5,5,5,2,1,1,2,2,2,2,3,5,5,5,5,5,5,5,5,5,5,5,5,4,6,4,3,4,6,7,6,5,3,4,6,3,4,2,6,5,3,2,7,4,5,5,5,5,6,3,1,6,2,7,2,3,2,7,3,5,4,4,3,2,5,3,2,4,2,5,Female,phase_019_subj_54,,,
34,509,4,3,3,3,2,2,2,2,3,2,5,1,2,1,2,-2,-1,1,1,5,4,5,5,4,2,2,2,3,3,2,6,4,5,4,6,4,4,5,4,2,2,2,3,2,3,4,3,2,2,2,4,3,3,3,3,2,3,3,2,3,2,1,1,2,2,4,3,5,3,3,6,5,1,3,6,3,1,3,Female,phase_019_subj_39,,,
35,111,6,7,7,6,3,5,3,3,4,4,5,1,1,2,1,-1,2,2,2,5,5,5,5,4,3,4,3,4,4,5,5,6,8,7,5,7,8,8,5,5,4,5,5,3,3,2,5,4,4,3,5,4,3,5,5,4,4,4,3,4,4,5,5,5,4,5,6,5,6,5,7,7,6,6,3,6,3,5,Female,phase_019_subj_10,,,
36,374,5,5,5,6,4,2,4,4,4,4,5,2,2,-2,1,1,2,3,3,5,4,4,4,2,4,4,2,4,4,6,7,7,8,6,8,7,8,6,4,5,5,3,3,3,6,6,4,3,3,2,6,3,2,3,3,6,3,3,2,3,3,1,1,3,3,5,5,4,3,5,2,3,3,3,6,3,2,6,Female,phase_019_subj_30,,,
37,443,1,1,1,1,2,2,2,2,3,2,2,2,3,2,1,-1,2,2,2,4,4,4,5,4,4,4,3,4,4,4,4,3,5,5,4,5,3,4,4,5,3,6,6,3,6,4,6,5,5,3,4,2,2,5,6,2,6,3,2,3,1,2,1,3,1,5,1,3,1,2,1,1,1,1,1,2,1,3,Female,phase_019_subj_36,,,
38,245,5,3,3,5,3,4,3,4,4,3,5,-1,1,2,-2,-2,1,2,2,4,4,4,4,4,3,3,3,2,4,3,5,7,6,5,6,5,7,6,5,2,4,6,6,2,5,6,5,3,3,3,3,5,4,5,3,3,5,5,3,4,3,3,2,7,4,4,3,5,3,3,6,2,2,4,3,7,3,6,Female,phase_019_subj_21,,,
39,618,3,3,3,3,2,5,3,2,3,3,5,3,-1,-1,-1,-3,1,2,1,5,5,5,5,4,4,4,4,4,4,4,4,3,6,6,4,4,4,3,6,4,3,3,4,3,6,2,3,2,3,2,3,2,3,5,3,7,6,2,2,3,2,3,2,7,2,5,5,4,3,3,7,2,1,3,3,3,3,3,Female,phase_019_subj_45,,,
40,635,5,4,4,5,3,3,3,4,4,4,4,-1,-1,1,-1,1,1,2,2,4,4,4,4,4,3,4,4,3,4,4,4,5,5,4,4,4,5,5,4,5,5,5,5,3,5,2,5,4,4,4,5,3,4,5,4,4,6,5,3,4,3,4,3,5,3,6,6,6,4,4,5,3,3,6,6,6,6,6,Female,phase_019_subj_48,,,
41,36,4,3,3,2,2,2,4,2,3,3,5,2,2,-1,1,-2,-2,3,2,5,5,4,4,4,4,4,5,5,4,6,9,6,6,4,4,6,6,7,6,2,4,4,6,2,5,3,3,3,3,3,5,2,3,5,2,4,3,2,3,4,5,3,1,7,6,7,6,5,4,6,7,4,5,6,7,1,4,6,Female,phase_019_subj_3,,,
42,142,3,4,3,3,1,4,4,4,4,4,4,1,1,-1,-1,-1,1,2,2,4,4,5,4,4,4,4,4,4,4,5,5,5,5,4,4,6,5,7,5,4,2,5,5,4,6,6,5,3,3,3,5,3,5,2,5,4,2,3,3,3,4,4,3,6,3,5,3,5,3,7,7,4,3,6,4,5,5,6,Female,phase_019_subj_13,,,
43,644,4,4,5,3,3,4,3,4,4,4,5,3,-1,1,2,1,2,2,2,5,4,5,3,1,2,3,3,2,2,2,3,5,4,1,5,4,4,5,4,3,6,4,6,2,3,1,4,7,3,3,5,4,3,2,4,7,5,6,2,3,2,3,3,7,3,7,7,7,2,3,7,1,3,7,2,7,2,3,Male,phase_019_subj_49,,,
44,26,1,3,2,3,1,2,2,2,2,2,4,1,1,1,1,-2,1,1,-1,4,4,5,4,3,2,3,3,3,3,3,2,6,4,2,4,4,4,4,4,6,5,4,5,4,5,4,2,5,1,5,4,3,4,5,4,6,6,5,2,3,3,2,3,4,5,4,2,4,2,2,4,1,2,1,2,1,2,5,Female,phase_019_subj_2,,,
45,531,5,3,4,5,2,5,2,3,5,4,5,3,2,-1,2,-2,1,2,2,5,4,5,4,4,4,5,2,3,3,4,3,5,4,2,7,4,7,7,6,6,6,2,7,2,3,2,3,5,2,2,7,2,4,2,3,3,7,2,1,3,1,1,1,3,1,4,1,6,7,1,2,1,1,3,7,1,2,2,Female,phase_019_subj_42,,,
1,111,3,3,2,2,2,4,2,3,3,3,4,1,2,-1,2,1,2,2,2,5,5,4,4,4,4,4,3,4,3,2,3,3,3,3,1,5,6,4,5,3,2,3,2,3,4,3,4,3,3,2,6,2,5,3,4,3,3,2,3,3,3,3,3,6,6,6,5,4,2,5,5,2,6,3,2,5,2,6,Male,phase_020_subj_2,,,
2,411,6,5,4,6,2,4,2,4,5,5,5,2,1,1,2,-3,1,2,2,5,5,3,4,5,5,5,5,5,5,7,9,7,8,8,4,5,6,5,6,2,7,3,6,1,2,1,6,2,6,2,7,2,2,5,5,6,5,2,3,3,3,3,2,7,6,5,3,7,7,7,7,5,2,7,7,5,2,7,Female,phase_020_subj_5,,,
3,302,4,4,4,4,2,4,4,3,4,4,4,2,2,2,2,2,2,2,2,5,5,5,5,5,4,4,4,4,4,4,6,5,6,4,4,4,5,5,6,3,2,5,5,5,6,4,5,3,5,3,5,5,3,4,5,2,3,5,3,5,5,5,3,7,3,6,6,7,6,7,7,3,3,6,6,7,3,2,Female,phase_020_subj_3,,,
4,531,2,2,3,2,2,4,3,3,4,4,4,2,-2,-2,2,-2,1,2,2,2,2,5,2,2,4,4,3,4,4,4,3,2,5,4,4,3,2,4,5,2,4,2,4,2,6,1,4,3,1,4,2,3,1,3,4,4,3,3,2,1,1,1,2,2,3,2,3,5,2,1,2,3,2,2,6,1,1,3,Female,phase_020_subj_6,,,
5,78,5,5,5,4,4,4,2,3,3,4,5,1,2,2,2,1,2,3,3,4,4,3,2,4,4,4,3,4,4,6,6,5,6,4,4,6,5,6,5,4,4,3,4,4,5,3,5,2,5,3,5,3,3,5,3,5,5,3,3,5,3,5,4,6,4,6,4,7,6,4,7,4,4,7,1,7,1,3,Female,phase_020_subj_1,,,
6,385,6,7,7,7,4,4,1,4,5,5,4,2,2,-1,2,1,2,2,2,5,5,5,5,4,3,3,2,3,4,3,5,6,4,3,2,4,4,5,6,2,7,3,5,2,6,1,5,1,3,2,7,5,2,5,5,5,3,2,2,4,2,1,2,4,3,6,6,6,3,3,7,1,2,4,6,3,3,2,Female,phase_020_subj_4,,,
